t_ns,v0,v1
1785946192312847647,0.02958790957927704,-1.0
1785946192404673127,0.029855456203222275,-1.0
1785946192503883798,0.030251014977693558,-1.0
1785946192606405719,0.030538927763700485,-1.0
1785946192705049322,0.030509470030665398,-1.0
1785946192804348149,0.030478063970804214,-1.0
1785946192904549248,0.030478063970804214,-1.0
1785946193004182358,0.03122313693165779,-1.0
1785946193103597349,0.03122313693165779,-1.0
1785946193205020858,0.02926306426525116,-1.0
1785946193303115547,0.02926306426525116,-1.0
1785946193403892697,0.028721075505018234,-1.0
1785946193504246025,0.028390035033226013,-1.0
1785946193604490005,0.029233675450086594,-1.0
1785946193705193201,0.02966211549937725,-1.0
1785946193804212530,0.02880403958261013,-1.0
1785946193915179768,0.028312286362051964,-1.0
1785946194003320410,0.028312286362051964,-1.0
1785946194106291430,0.02899858169257641,-1.0
1785946194207122342,0.02899858169257641,-1.0
1785946194303650159,0.027103224769234657,-1.0
1785946194405129255,0.027103224769234657,-1.0
1785946194504350063,0.028011638671159744,-1.0
1785946194603635961,0.028011638671159744,-1.0
1785946194703528089,0.027266867458820343,-1.0
1785946194803380887,0.026820221915841103,-1.0
1785946194908598226,0.026820221915841103,-1.0
1785946195007043839,0.028380637988448143,-1.0
1785946195104544106,0.028380637988448143,-1.0
1785946195203273312,0.028380637988448143,-1.0
1785946195304207365,0.029573954641819,-1.0
1785946195404143622,0.029573954641819,-1.0
1785946195506214066,0.029555384069681168,-1.0
1785946195603718654,0.02950068935751915,-1.0
1785946195704450907,0.02932768501341343,-1.0
1785946195806812754,0.029212165623903275,-1.0
1785946195904270363,0.029212165623903275,-1.0
1785946196004608075,0.029590975493192673,-1.0
1785946196107375952,0.029590975493192673,-1.0
1785946196203816533,0.029087888076901436,-1.0
1785946196303745078,0.02879960462450981,-1.0
1785946196502395246,-0.4363323152065277,-1.0
1785946196516384762,-0.4363323152065277,-1.0
1785946196612064358,-0.4363323152065277,-1.0
1785946196704449277,-0.4363323152065277,-1.0
1785946196805170298,-0.4363323152065277,-1.0
1785946196904855154,-0.4363323152065277,-1.0
1785946197005085341,-0.4363323152065277,-1.0
1785946197106108133,-0.4348776936531067,-1.0
1785946197205376430,-0.34872546792030334,-1.0
1785946197304718266,-0.22394919395446777,-1.0
1785946197404528023,-0.19059234857559204,-1.0
1785946197505382649,-0.20419450104236603,-1.0
1785946197606134199,-0.20500440895557404,-1.0
1785946197706149370,-0.1860249936580658,-1.0
1785946197805050807,-0.2154688537120819,-1.0
1785946197905298211,-0.2828822135925293,-1.0
1785946198005248933,-0.36995819211006165,-1.0
1785946198105537970,-0.4363323152065277,-1.0
1785946198205501429,-0.4363323152065277,-1.0
1785946198304753662,-0.4363323152065277,-1.0
1785946198404453302,-0.4363323152065277,-1.0
1785946198505421756,-0.4363323152065277,-1.0
1785946198607208574,-0.4363323152065277,-1.0
1785946198704912689,-0.4363323152065277,-1.0
1785946198806005435,-0.20948728919029236,-1.0
1785946198905639281,-0.3313447833061218,-1.0
1785946199004123071,-0.26980966329574585,-1.0
1785946199106820065,-0.07189805060625076,-1.0
1785946199206233808,-0.19433198869228363,-1.0
1785946199307618340,-0.1549386978149414,-1.0
1785946199407242683,0.2006029337644577,-1.0
1785946199505352987,0.3379773795604706,-1.0
1785946199604827500,0.17276376485824585,-1.0
1785946199705035575,0.19330699741840363,-1.0
1785946199804219614,0.4363323152065277,-1.0
1785946199904597038,0.4363323152065277,-1.0
1785946200010422175,0.4363323152065277,-1.0
1785946200105672347,0.4363323152065277,-1.0
1785946200205267024,0.4363323152065277,-1.0
1785946200304405941,0.4363323152065277,-1.0
1785946200404051660,0.4363323152065277,-1.0
1785946200506878259,0.4363323152065277,-1.0
1785946200604327676,0.4363323152065277,-1.0
1785946200704445252,0.4363323152065277,-1.0
1785946200803269086,0.4363323152065277,-1.0
1785946200904252772,0.4363323152065277,-1.0
1785946201002976890,0.4363323152065277,-1.0
1785946201103841276,0.4363323152065277,-1.0
1785946201204925958,0.4363323152065277,-1.0
1785946201306477888,0.4363323152065277,-1.0
1785946201402622971,0.4363323152065277,-1.0
1785946201503571648,0.4363323152065277,-1.0
1785946201618576372,0.4363323152065277,-1.0
1785946201704264831,0.4363323152065277,-1.0
1785946201802876850,0.4363323152065277,-1.0
1785946201903187008,0.4363323152065277,-1.0
1785946202006806371,0.4363323152065277,-1.0
1785946202104210699,0.4363323152065277,-1.0
1785946202204043785,0.4363323152065277,-1.0
1785946202306674377,0.4363323152065277,-1.0
1785946202405360702,0.4363323152065277,-1.0
1785946202503664069,0.4363323152065277,-1.0
1785946202603558821,0.4363323152065277,-1.0
1785946202704474857,0.4363323152065277,-1.0
1785946202803648527,0.4363323152065277,-1.0
1785946202904510097,0.4363323152065277,-1.0
1785946203007064302,0.4363323152065277,-1.0
1785946203105409399,0.4363323152065277,-1.0
1785946203203602171,0.4363323152065277,-1.0
1785946203304506846,0.4363323152065277,-1.0
1785946203404558883,0.4363323152065277,-1.0
1785946203506391943,0.4363323152065277,-1.0
1785946203607814205,0.4363323152065277,-1.0
1785946203705953535,0.4363323152065277,-1.0
1785946203804205572,0.4363323152065277,-1.0
1785946203904210760,0.4363323152065277,-1.0
1785946204005469848,0.4363323152065277,-1.0
1785946204106793002,0.4363323152065277,-1.0
1785946204206278875,0.24452073872089386,-1.0
1785946204311340369,0.3521482050418854,-1.0
1785946204408241671,0.2715814411640167,-1.0
1785946204504630923,0.014840302988886833,-1.0
1785946204606171781,-0.07199844717979431,-1.0
1785946204706132359,0.06422310322523117,-1.0
1785946204805931395,-0.04858630895614624,-1.0
1785946204905509848,-0.31099262833595276,-1.0
1785946205005199248,-0.16031809151172638,-1.0
1785946205105977231,-0.23555149137973785,-1.0
1785946205205889647,-0.4363323152065277,-1.0
1785946205306739025,-0.4363323152065277,-1.0
1785946205405154748,-0.3895481526851654,-1.0
1785946205505475755,-0.4363323152065277,-1.0
1785946205605444365,-0.4363323152065277,-1.0
1785946205705573461,-0.4363323152065277,-1.0
1785946205806501369,-0.4363323152065277,-1.0
1785946205905033289,-0.4363323152065277,-1.0
1785946206005048493,-0.4363323152065277,-1.0
1785946206107565385,-0.4363323152065277,-1.0
1785946206205238618,-0.4363323152065277,-1.0
1785946206304915058,-0.4363323152065277,-1.0
1785946206406443371,-0.4363323152065277,-1.0
1785946206504538732,-0.4363323152065277,-1.0
1785946206605132836,-0.4363323152065277,-1.0
1785946206704876094,-0.4363323152065277,-1.0
1785946206805776097,-0.4363323152065277,-1.0
1785946206904568634,-0.4363323152065277,-1.0
1785946207004877544,-0.4363323152065277,-1.0
1785946207105266458,-0.4363323152065277,-1.0
1785946207207489451,-0.4363323152065277,-1.0
1785946207305539594,-0.4363323152065277,-1.0
1785946207409881830,-0.4363323152065277,-1.0
1785946207513343332,-0.4363323152065277,-1.0
1785946207606004580,-0.4363323152065277,-1.0
1785946207705509558,-0.4363323152065277,-1.0
1785946207819247198,-0.4363323152065277,-1.0
1785946207911603348,-0.4363323152065277,-1.0
1785946208005519553,-0.4363323152065277,-1.0
1785946208105316445,-0.4363323152065277,-1.0
1785946208205204093,-0.4363323152065277,-1.0
1785946208307613973,-0.4363323152065277,-1.0
1785946208405844442,-0.4363323152065277,-1.0
1785946208505356812,-0.4363323152065277,-1.0
1785946208605310958,-0.4363323152065277,-1.0
1785946208705665566,-0.4363323152065277,-1.0
1785946208807297659,-0.4363323152065277,-1.0
1785946208904498363,-0.4363323152065277,-1.0
1785946209005755019,-0.4363323152065277,-1.0
1785946209105422371,-0.4363323152065277,-1.0
1785946209205656398,-0.4363323152065277,-1.0
1785946209305665874,-0.4363323152065277,-1.0
1785946209410340570,-0.4363323152065277,-1.0
1785946209506132169,-0.4363323152065277,-1.0
1785946209607655362,-0.4363323152065277,-1.0
1785946209709204892,-0.17445071041584015,-1.0
1785946209805478748,-0.26118001341819763,-1.0
1785946209905639173,-0.26943323016166687,-1.0
1785946210004677031,-0.007164473179727793,-1.0
1785946210105400996,-0.11793607473373413,-1.0
1785946210204229918,-0.0798901692032814,-1.0
1785946210304283491,0.2658306360244751,-1.0
1785946210405224040,0.1496155858039856,-1.0
1785946210505755550,0.1925092339515686,-1.0
1785946210606351222,0.4363323152065277,-1.0
1785946210704754785,0.2892098128795624,-1.0
1785946210805498783,0.36867523193359375,-1.0
1785946210905339069,0.4363323152065277,-1.0
1785946211003929998,0.4363323152065277,-1.0
1785946211106569999,0.4363323152065277,-1.0
1785946211204659375,0.4363323152065277,-1.0
1785946211324905244,0.4363323152065277,-1.0
1785946211404294313,0.4363323152065277,-1.0
1785946211510288191,0.25317925214767456,-1.0
1785946211604748864,0.4363323152065277,-1.0
1785946211705401754,0.4363323152065277,-1.0
1785946211807579754,0.4363323152065277,-1.0
1785946211904410878,0.4363323152065277,-1.0
1785946212003884079,0.4363323152065277,-1.0
1785946212105279523,0.4363323152065277,-1.0
1785946212205171683,0.4363323152065277,-1.0
1785946212305670136,0.4363323152065277,-1.0
1785946212406161965,0.4363323152065277,-1.0
1785946212503817565,0.4363323152065277,-1.0
1785946212604606268,0.4363323152065277,-1.0
1785946212704226162,0.4363323152065277,-1.0
1785946212804613059,0.4363323152065277,-1.0
1785946212904222873,0.4363323152065277,-1.0
1785946213003528292,0.4363323152065277,-1.0
1785946213104682224,0.4363323152065277,-1.0
1785946213204803448,0.4363323152065277,-1.0
1785946213304347627,0.4363323152065277,-1.0
1785946213410344514,0.4363323152065277,-1.0
1785946213504012870,0.4363323152065277,-1.0
1785946213605395130,0.4363323152065277,-1.0
1785946213704852650,0.4363323152065277,-1.0
1785946213808410859,0.4363323152065277,-1.0
1785946213904092630,0.4363323152065277,-1.0
1785946214006037118,0.4363323152065277,-1.0
1785946214106236617,0.4363323152065277,-1.0
1785946214204732471,0.4363323152065277,-1.0
1785946214307429017,0.4363323152065277,-1.0
1785946214406914443,0.4363323152065277,-1.0
1785946214505987277,0.4363323152065277,-1.0
1785946214605651365,0.4363323152065277,-1.0
1785946214713225939,0.4363323152065277,-1.0
1785946214804716395,0.28229933977127075,-1.0
1785946214910869959,0.41208380460739136,-1.0
1785946215010661539,0.3963581323623657,-1.0
1785946215105108867,0.18950210511684418,-1.0
1785946215205410225,0.1167365163564682,-1.0
1785946215304859873,0.26390987634658813,-1.0
1785946215405045099,0.24919827282428741,-1.0
1785946215508803251,0.0187914427369833,-1.0
1785946215605365117,0.07737085968255997,-1.0
1785946215705834577,-0.11615617573261261,-1.0
1785946215805066809,-0.4363323152065277,-1.0
1785946215907072291,-0.3230668306350708,-1.0
1785946216004225346,-0.3428760766983032,-1.0
1785946216104790777,-0.41982537508010864,-1.0
1785946216205988551,-0.4363323152065277,-1.0
1785946216304394450,-0.4363323152065277,-1.0
1785946216405567615,-0.4363323152065277,-1.0
1785946216504368184,-0.4363323152065277,-1.0
1785946216605347454,-0.4363323152065277,-1.0
1785946216704609895,-0.4363323152065277,-1.0
1785946216804712174,-0.4363323152065277,-1.0
1785946216907447410,-0.4363323152065277,-1.0
1785946217005351308,-0.4363323152065277,-1.0
1785946217104777979,-0.4363323152065277,-1.0
1785946217203608597,-0.4363323152065277,-1.0
1785946217305166351,-0.4363323152065277,-1.0
1785946217404983564,-0.4363323152065277,-1.0
1785946217504690661,-0.4363323152065277,-1.0
1785946217603810410,-0.4363323152065277,-1.0
1785946217705053625,-0.4363323152065277,-1.0
1785946217803805424,-0.4363323152065277,-1.0
1785946217906227497,-0.4363323152065277,-1.0
1785946218003397385,-0.4363323152065277,-1.0
1785946218104099365,-0.4363323152065277,-1.0
1785946218203191368,-0.4363323152065277,-1.0
1785946218304247953,-0.4363323152065277,-1.0
1785946218405065073,-0.4363323152065277,-1.0
1785946218507448712,-0.4363323152065277,-1.0
1785946218604005874,-0.4363323152065277,-1.0
1785946218704167643,-0.4363323152065277,-1.0
1785946218814379239,-0.4363323152065277,-1.0
1785946218904134241,-0.4363323152065277,-1.0
1785946219005591672,-0.4363323152065277,-1.0
1785946219104989766,-0.4363323152065277,-1.0
1785946219205179408,-0.4363323152065277,-1.0
1785946219305049903,-0.4363323152065277,-1.0
1785946219405651495,-0.4363323152065277,-1.0
1785946219504421568,-0.4363323152065277,-1.0
1785946219604569640,-0.4363323152065277,-1.0
1785946219705567119,-0.4363323152065277,-1.0
1785946219808121548,-0.4363323152065277,-1.0
1785946219906539160,-0.4363323152065277,-1.0
1785946220004652825,-0.4363323152065277,-1.0
1785946220115702977,-0.4086846709251404,-1.0
1785946220206903343,-0.4363323152065277,-1.0
1785946220305144116,-0.4363323152065277,-1.0
1785946220405776238,-0.1859010010957718,-1.0
1785946220510182956,-0.23984920978546143,-1.0
1785946220604828691,-0.2575863003730774,-1.0
1785946220704562701,-0.1901528537273407,-1.0
1785946220804501038,0.028036007657647133,-1.0
1785946220905327855,-0.10142509639263153,-1.0
1785946221006955308,-0.07280363887548447,-1.0
1785946221107344125,0.16287456452846527,-1.0
1785946221206156598,-0.015639249235391617,-1.0
1785946221305595750,-0.02435193583369255,-1.0
1785946221404951955,0.12606678903102875,-1.0
1785946221504890420,0.4248506724834442,-1.0
1785946221605665842,0.3244922161102295,-1.0
1785946221706177640,0.398200124502182,-1.0
1785946221805534069,0.4363323152065277,-1.0
1785946221905218637,0.4363323152065277,-1.0
1785946222004912229,0.4363323152065277,-1.0
1785946222104185615,0.4363323152065277,-1.0
1785946222204607457,0.4363323152065277,-1.0
1785946222306125562,0.4363323152065277,-1.0
1785946222404894258,0.4363323152065277,-1.0
1785946222503869074,0.4363323152065277,-1.0
1785946222605809401,0.4363323152065277,-1.0
1785946222704337993,0.4363323152065277,-1.0
1785946222804684344,0.4363323152065277,-1.0
1785946222903774844,0.4363323152065277,-1.0
1785946223004169773,0.4363323152065277,-1.0
1785946223107307263,0.4363323152065277,-1.0
1785946223204632548,0.4363323152065277,-1.0
1785946223304768300,0.4363323152065277,-1.0
1785946223404539144,0.4363323152065277,-1.0
1785946223503936406,0.4363323152065277,-1.0
1785946223603827637,0.4363323152065277,-1.0
1785946223703380681,0.4363323152065277,-1.0
1785946223804032483,0.4363323152065277,-1.0
1785946223904810402,0.4363323152065277,-1.0
1785946224004334517,0.4363323152065277,-1.0
1785946224104149202,0.4363323152065277,-1.0
1785946224204614149,0.4363323152065277,-1.0
1785946224304004563,0.4363323152065277,-1.0
1785946224404479143,0.4363323152065277,-1.0
1785946224506277226,0.4363323152065277,-1.0
1785946224604098305,0.4363323152065277,-1.0
1785946224704356653,0.4363323152065277,-1.0
1785946224812260263,0.4363323152065277,-1.0
1785946224916545121,0.4363323152065277,-1.0
1785946225006417344,0.4363323152065277,-1.0
1785946225106325760,0.4363323152065277,-1.0
1785946225205075512,0.4363323152065277,-1.0
1785946225305706769,0.4363323152065277,-1.0
1785946225404679440,0.4363323152065277,-1.0
1785946225507237678,0.4363323152065277,-1.0
1785946225607025322,0.4363323152065277,-1.0
1785946225708112147,0.4363323152065277,-1.0
1785946225807370077,0.4363323152065277,-1.0
1785946225907921043,0.4363323152065277,-1.0
1785946226023652385,0.2496374249458313,-1.0
1785946226104665160,0.26240941882133484,-1.0
1785946226206997437,0.38404911756515503,-1.0
1785946226305541805,0.34222567081451416,-1.0
1785946226413877750,0.030992604792118073,-1.0
1785946226505121733,0.17182835936546326,-1.0
1785946226606837541,0.11253935098648071,-1.0
1785946226705576476,-0.20813274383544922,-1.0
1785946226805333495,-0.3137485682964325,-1.0
1785946226905135187,-0.12768515944480896,-1.0
1785946227005644585,-0.13804033398628235,-1.0
1785946227106634671,-0.4363323152065277,-1.0
1785946227205000473,-0.3492942452430725,-1.0
1785946227305558960,-0.4363323152065277,-1.0
1785946227410340636,-0.4363323152065277,-1.0
1785946227506169740,-0.4363323152065277,-1.0
1785946227603966114,-0.4363323152065277,-1.0
1785946227707652391,-0.4363323152065277,-1.0
1785946227803344755,-0.4363323152065277,-1.0
1785946227906599273,-0.4363323152065277,-1.0
1785946228003793129,-0.4363323152065277,-1.0
1785946228106255651,-0.4363323152065277,-1.0
1785946228207382894,-0.4363323152065277,-1.0
1785946228306242922,-0.4363323152065277,-1.0
1785946228405356174,-0.4363323152065277,-1.0
1785946228503338922,-0.4363323152065277,-1.0
1785946228603990468,-0.4363323152065277,-1.0
1785946228704706465,-0.4363323152065277,-1.0
1785946228805885166,-0.4363323152065277,-1.0
1785946228906347586,-0.4363323152065277,-1.0
1785946229006242849,-0.4363323152065277,-1.0
1785946229104731375,-0.4363323152065277,-1.0
1785946229206222599,-0.4363323152065277,-1.0
1785946229306484948,-0.4363323152065277,-1.0
1785946229404972066,-0.4363323152065277,-1.0
1785946229508046642,-0.4363323152065277,-1.0
1785946229604801859,-0.4363323152065277,-1.0
1785946229703632957,-0.4363323152065277,-1.0
1785946229804370042,-0.4363323152065277,-1.0
1785946229904314012,-0.4363323152065277,-1.0
1785946230004086743,-0.4363323152065277,-1.0
1785946230105200482,-0.4363323152065277,-1.0
1785946230205009822,-0.4363323152065277,-1.0
1785946230306006693,-0.4363323152065277,-1.0
1785946230404950659,-0.4363323152065277,-1.0
1785946230503862752,-0.4363323152065277,-1.0
1785946230604397686,-0.4363323152065277,-1.0
1785946230704456188,-0.4363323152065277,-1.0
1785946230804629733,-0.4363323152065277,-1.0
1785946230904185049,-0.3591829836368561,-1.0
1785946231006356905,-0.34290194511413574,-1.0
1785946231106456688,-0.4363323152065277,-1.0
1785946231205218760,-0.4363323152065277,-1.0
1785946231304743674,-0.4363323152065277,-1.0
1785946231404884227,-0.4363323152065277,-1.0
1785946231504676607,-0.3808027505874634,-1.0
1785946231604560062,-0.3660196363925934,-1.0
1785946231713889066,-0.4363323152065277,-1.0
1785946231804950035,-0.23126281797885895,-1.0
1785946231909340209,0.0046868412755429745,-1.0
1785946232006727480,-0.12356727570295334,-1.0
1785946232105295657,-0.06612085551023483,-1.0
1785946232204722904,-0.15398123860359192,-1.0
1785946232306718626,0.12595225870609283,-1.0
1785946232406941997,0.33083608746528625,-1.0
1785946232507116567,0.26219576597213745,-1.0
1785946232605101523,0.3199041783809662,-1.0
1785946232705012339,0.4363323152065277,-1.0
1785946232806753876,0.4363323152065277,-1.0
1785946232914679919,-0.4363323152065277,-1.0
1785946233004674705,-0.4363323152065277,-1.0
1785946233105100548,0.4363323152065277,-1.0
1785946233206583995,0.4363323152065277,-1.0
1785946233304972742,0.4363323152065277,-1.0
1785946233404689055,0.4363323152065277,-1.0
1785946233505703143,0.4363323152065277,-1.0
1785946233605881296,0.4363323152065277,-1.0
1785946233704813646,0.4363323152065277,-1.0
1785946233804384578,0.4363323152065277,-1.0
1785946233906217702,0.4363323152065277,-1.0
1785946234004405738,0.4363323152065277,-1.0
1785946234103875002,0.4363323152065277,-1.0
1785946234204083365,0.4363323152065277,-1.0
1785946234311743703,0.4363323152065277,-1.0
1785946234405626338,0.4363323152065277,-1.0
1785946234503571293,0.4363323152065277,-1.0
1785946234605921204,0.4363323152065277,-1.0
1785946234703861262,0.4363323152065277,-1.0
1785946234804640301,0.4363323152065277,-1.0
1785946234907444563,0.4363323152065277,-1.0
1785946235005053378,0.4363323152065277,-1.0
1785946235104712986,0.4363323152065277,-1.0
1785946235205525210,0.4363323152065277,-1.0
1785946235305031276,0.4363323152065277,-1.0
1785946235404456987,0.4363323152065277,-1.0
1785946235508045021,0.4363323152065277,-1.0
1785946235606090587,0.4363323152065277,-1.0
1785946235706624242,0.4363323152065277,-1.0
1785946235804065307,0.4363323152065277,-1.0
1785946235906127783,0.4363323152065277,-1.0
1785946236009672743,0.4363323152065277,-1.0
1785946236106385943,0.4363323152065277,-1.0
1785946236204845700,0.4363323152065277,-1.0
1785946236305752935,0.4363323152065277,-1.0
1785946236409730231,0.4363323152065277,-1.0
1785946236505911283,0.4363323152065277,-1.0
1785946236605441734,0.4363323152065277,-1.0
1785946236704663534,0.4363323152065277,-1.0
1785946236804903546,0.4363323152065277,-1.0
1785946236904668117,0.4363323152065277,-1.0
1785946237006878310,0.4363323152065277,-1.0
1785946237107439998,0.4363323152065277,-1.0
1785946237204622686,0.4363323152065277,-1.0
1785946237304902635,0.4363323152065277,-1.0
1785946237405094069,0.4363323152065277,-1.0
1785946237504178840,0.4363323152065277,-1.0
1785946237605370502,0.4363323152065277,-1.0
1785946237711273561,0.4363323152065277,-1.0
1785946237808437272,0.4363323152065277,-1.0
1785946237905447891,0.4363323152065277,-1.0
1785946238004472980,0.4363323152065277,-1.0
1785946238105968716,0.4363323152065277,-1.0
1785946238210787673,0.4363323152065277,-1.0
1785946238304893709,0.4363323152065277,-1.0
1785946238410101479,0.4363323152065277,-1.0
1785946238506750389,0.4363323152065277,-1.0
1785946238603704813,0.4363323152065277,-1.0
1785946238703788339,0.4363323152065277,-1.0
1785946238804060896,0.4363323152065277,-1.0
1785946238903910974,0.4000598192214966,-1.0
1785946239005504922,0.16953633725643158,-1.0
1785946239104647455,0.3904690444469452,-1.0
1785946239203504282,0.2863881289958954,-1.0
1785946239303057230,-0.17707312107086182,-1.0
1785946239402906508,-0.2202620506286621,-1.0
1785946239502533730,0.07177086919546127,-1.0
1785946239604379302,-0.002116743242368102,-1.0
1785946239707203117,0.23347873985767365,-1.0
1785946239803088512,-0.06123865023255348,-1.0
1785946239902049951,-0.4363323152065277,-1.0
1785946240003859138,-0.4363323152065277,-1.0
1785946240102135912,-0.4363323152065277,-1.0
1785946240201878947,-0.4363323152065277,-1.0
1785946240297793622,-0.4363323152065277,-1.0
1785946240399252525,-0.4363323152065277,-1.0
1785946240499357172,-0.4363323152065277,-1.0
1785946240603816180,-0.4363323152065277,-1.0
1785946240700162199,-0.4363323152065277,-1.0
1785946240798737544,-0.4363323152065277,-1.0
1785946240897941296,-0.4363323152065277,-1.0
1785946240997787950,-0.4363323152065277,-1.0
1785946241097906805,-0.4363323152065277,-1.0
1785946241197730258,-0.4363323152065277,-1.0
1785946241298918976,-0.4363323152065277,-1.0
1785946241397948225,-0.4363323152065277,-1.0
1785946241502536038,-0.4363323152065277,-1.0
1785946241600367869,-0.4363323152065277,-1.0
1785946241703057439,-0.4363323152065277,-1.0
1785946241797739975,-0.4363323152065277,-1.0
1785946241901287431,-0.4363323152065277,-1.0
1785946241997969398,-0.4363323152065277,-1.0
1785946242097956377,-0.4363323152065277,-1.0
1785946242198152579,-0.4363323152065277,-1.0
1785946242298558453,-0.4363323152065277,-1.0
1785946242398299375,-0.4363323152065277,-1.0
1785946242500323962,-0.4363323152065277,-1.0
1785946242598308534,-0.4363323152065277,-1.0
1785946242697942413,-0.4363323152065277,-1.0
1785946242799600042,-0.4363323152065277,-1.0
1785946242897946227,-0.4363323152065277,-1.0
1785946242999993311,-0.4363323152065277,-1.0
1785946243097779156,-0.4363323152065277,-1.0
1785946243199994502,-0.4363323152065277,-1.0
1785946243297842557,-0.4363323152065277,-1.0
1785946243398346579,-0.4363323152065277,-1.0
1785946243497867365,-0.4363323152065277,-1.0
1785946243597991821,-0.4363323152065277,-1.0
1785946243702108961,-0.4363323152065277,-1.0
1785946243797810829,-0.4363323152065277,-1.0
1785946243897825489,-0.4363323152065277,-1.0
1785946243999685334,-0.4363323152065277,-1.0
1785946244097948092,-0.4363323152065277,-1.0
1785946244198768156,-0.4363323152065277,-1.0
1785946244303528168,-0.4363323152065277,-1.0
1785946244397827042,-0.4363323152065277,-1.0
1785946244498836617,-0.4363323152065277,-1.0
1785946244598680999,-0.4363323152065277,-1.0
1785946244697930032,-0.4363323152065277,-1.0
1785946244798432549,-0.4363323152065277,-1.0
1785946244901407441,-0.4363323152065277,-1.0
1785946245000057285,-0.4363323152065277,-1.0
1785946245100762753,-0.4363323152065277,-1.0
1785946245202736138,-0.4363323152065277,-1.0
1785946245301760811,-0.4363323152065277,-1.0
1785946245402796883,-0.4363323152065277,-1.0
1785946245501595596,-0.4363323152065277,-1.0
1785946245602308361,-0.4363323152065277,-1.0
1785946245703455220,-0.4363323152065277,-1.0
1785946245804318390,-0.4363323152065277,-1.0
1785946245902899336,-0.4363323152065277,-1.0
1785946246004036851,-0.4363323152065277,-1.0
1785946246103672170,-0.4363323152065277,-1.0
1785946246202781262,-0.4363323152065277,-1.0
1785946246302455813,-0.4363323152065277,-1.0
1785946246403990463,-0.4363323152065277,-1.0
1785946246503863198,-0.4363323152065277,-1.0
1785946246603091526,-0.4363323152065277,-1.0
1785946246704256050,-0.4363323152065277,-1.0
1785946246805705097,-0.4363323152065277,-1.0
1785946246906581419,-0.4363323152065277,-1.0
1785946247004935669,-0.4363323152065277,-1.0
1785946247103701964,-0.4363323152065277,-1.0
1785946247206402927,-0.4363323152065277,-1.0
1785946247304178340,-0.4363323152065277,-1.0
1785946247404457169,-0.4363323152065277,-1.0
1785946247507707239,-0.4363323152065277,-1.0
1785946247604604125,-0.4363323152065277,-1.0
1785946247704814504,-0.4363323152065277,-1.0
1785946247805380863,-0.4363323152065277,-1.0
1785946247906245217,-0.4363323152065277,-1.0
1785946248006312103,-0.4363323152065277,-1.0
1785946248104805205,-0.4363323152065277,-1.0
1785946248204343016,-0.4363323152065277,-1.0
1785946248304231496,-0.4363323152065277,-1.0
1785946248405934919,-0.4363323152065277,-1.0
1785946248505809670,-0.4363323152065277,-1.0
1785946248605203860,-0.3091851472854614,-1.0
1785946248704611747,0.1245182603597641,-1.0
1785946248806143612,-0.05552606284618378,-1.0
1785946248906667442,-0.060197457671165466,-1.0
1785946249006386571,0.14049044251441956,-1.0
1785946249105530385,-0.04327690973877907,-1.0
1785946249205991044,0.02147354744374752,-1.0
1785946249308125619,0.23295654356479645,-1.0
1785946249406473884,0.04288795217871666,-1.0
1785946249506591748,0.0638938620686531,-1.0
1785946249605121299,0.34038877487182617,-1.0
1785946249708114976,0.1568431705236435,-1.0
1785946249811856455,0.09585291147232056,-1.0
1785946249910265202,0.2786113917827606,-1.0
1785946250005865115,0.11332365870475769,-1.0
1785946250105139589,0.13776066899299622,-1.0
1785946250206345875,0.4078238010406494,-1.0
1785946250306011306,0.4363323152065277,-1.0
1785946250405976396,0.3114224970340729,-1.0
1785946250505107281,0.4340437650680542,-1.0
1785946250605262202,0.4363323152065277,-1.0
1785946250707351975,0.4363323152065277,-1.0
1785946250804350145,0.4363323152065277,-1.0
1785946250903835122,0.4363323152065277,-1.0
1785946251005421165,0.4363323152065277,-1.0
1785946251108465020,0.4363323152065277,-1.0
1785946251204443409,0.4363323152065277,-1.0
1785946251304306800,0.4363323152065277,-1.0
1785946251414564061,0.4363323152065277,-1.0
1785946251505216663,0.4363323152065277,-1.0
1785946251604607685,0.4363323152065277,-1.0
1785946251707484013,0.4363323152065277,-1.0
1785946251807602325,0.4363323152065277,-1.0
1785946251909225970,0.4363323152065277,-1.0
1785946252006394257,0.4363323152065277,-1.0
1785946252105804928,0.4363323152065277,-1.0
1785946252206791622,0.4363323152065277,-1.0
1785946252321556018,0.4363323152065277,-1.0
1785946252406624039,0.4363323152065277,-1.0
1785946252505476930,0.4363323152065277,-1.0
1785946252618459407,0.4363323152065277,-1.0
1785946252708304460,0.4363323152065277,-1.0
1785946252805319910,0.4363323152065277,-1.0
1785946252905402797,0.4363323152065277,-1.0
1785946253004432398,0.4363323152065277,-1.0
1785946253104601463,0.4363323152065277,-1.0
1785946253204704606,0.4363323152065277,-1.0
1785946253305607041,0.4363323152065277,-1.0
1785946253408707794,0.4363323152065277,-1.0
1785946253506722576,0.4363323152065277,-1.0
1785946253604860849,0.4363323152065277,-1.0
1785946253704973145,0.4363323152065277,-1.0
1785946253805652724,0.4363323152065277,-1.0
1785946253906328783,0.4363323152065277,-1.0
1785946254006270833,0.4363323152065277,-1.0
1785946254108415743,0.4363323152065277,-1.0
1785946254204573756,0.4363323152065277,-1.0
1785946254306581990,0.1837184727191925,-1.0
1785946254405402431,0.3355542719364166,-1.0
1785946254504113045,0.2078375667333603,-1.0
1785946254606074526,0.13024157285690308,-1.0
1785946254704868695,0.2029554694890976,-1.0
1785946254806328878,0.044233422726392746,-1.0
1785946254904780987,-0.3372417092323303,-1.0
1785946255115747716,-0.26970452070236206,-1.0
1785946255203255631,-0.3488830626010895,-1.0
1785946255304487550,-0.4363323152065277,-1.0
1785946255404391902,-0.4363323152065277,-1.0
1785946255503390750,-0.29305222630500793,-1.0
1785946255604686319,-0.4363323152065277,-1.0
1785946255703323522,-0.4363323152065277,-1.0
1785946255803405737,-0.4363323152065277,-1.0
1785946255907513021,-0.4363323152065277,-1.0
1785946256004957158,-0.4363323152065277,-1.0
1785946256102335117,-0.4363323152065277,-1.0
1785946256206936146,-0.4363323152065277,-1.0
1785946256301563673,-0.4363323152065277,-1.0
1785946256401162094,-0.4363323152065277,-1.0
1785946256500967466,-0.4363323152065277,-1.0
1785946256602334750,-0.4363323152065277,-1.0
1785946256700624325,-0.4363323152065277,-1.0
1785946256801522184,-0.4363323152065277,-1.0
1785946256899093942,-0.4363323152065277,-1.0
1785946256997921904,-0.4363323152065277,-1.0
1785946257097940756,-0.4363323152065277,-1.0
1785946257198203809,-0.4363323152065277,-1.0
1785946257298633619,-0.4363323152065277,-1.0
1785946257401597087,-0.4363323152065277,-1.0
1785946257501139698,-0.4363323152065277,-1.0
1785946257602981815,-0.4363323152065277,-1.0
1785946257703046460,-0.4363323152065277,-1.0
1785946257801470504,-0.4363323152065277,-1.0
1785946257902233446,-0.4363323152065277,-1.0
1785946258001667830,-0.4363323152065277,-1.0
1785946258102674717,-0.4363323152065277,-1.0
1785946258203003788,-0.4363323152065277,-1.0
1785946258301975531,-0.4363323152065277,-1.0
1785946258410367094,-0.4363323152065277,-1.0
1785946258502462275,-0.4363323152065277,-1.0
1785946258614919869,-0.4363323152065277,-1.0
1785946258701997177,-0.4363323152065277,-1.0
1785946258806983532,-0.4363323152065277,-1.0
1785946258903453107,-0.4363323152065277,-1.0
1785946259003031400,-0.4363323152065277,-1.0
1785946259112554491,-0.4363323152065277,-1.0
1785946259204056083,-0.4363323152065277,-1.0
1785946259310863750,-0.4363323152065277,-1.0
1785946259404886743,-0.4363323152065277,-1.0
1785946259503205279,-0.4363323152065277,-1.0
1785946259603999166,-0.4363323152065277,-1.0
1785946259705653052,-0.4363323152065277,-1.0
1785946259805106220,-0.4363323152065277,-1.0
1785946259906533826,-0.4363323152065277,-1.0
1785946260004875402,-0.4363323152065277,-1.0
1785946260105142935,-0.4363323152065277,-1.0
1785946260208097123,-0.3120573163032532,-1.0
1785946260308091558,-0.4363323152065277,-1.0
1785946260404625583,-0.2981903553009033,-1.0
1785946260505653239,-0.045258741825819016,-1.0
1785946260604099395,0.00560265127569437,-1.0
1785946260705159436,-0.07729129493236542,-1.0
1785946260806320984,0.06069529801607132,-1.0
1785946260906308443,0.3480316996574402,-1.0
1785946261004373499,0.25913724303245544,-1.0
1785946261105440804,0.287764310836792,-1.0
1785946261204150170,0.4363323152065277,-1.0
1785946261304785875,0.4363323152065277,-1.0
1785946261405184261,0.4363323152065277,-1.0
1785946261507212208,0.4363323152065277,-1.0
1785946261604026595,0.4363323152065277,-1.0
1785946261708852112,0.4363323152065277,-1.0
1785946261805421947,0.4363323152065277,-1.0
1785946261905349884,0.4363323152065277,-1.0
1785946262010409137,0.4363323152065277,-1.0
1785946262105059064,0.4363323152065277,-1.0
1785946262204751697,0.4363323152065277,-1.0
1785946262305948510,0.4363323152065277,-1.0
1785946262405605781,0.4363323152065277,-1.0
1785946262505710813,0.4363323152065277,-1.0
1785946262605418038,0.4363323152065277,-1.0
1785946262706742216,0.4363323152065277,-1.0
1785946262804418553,0.4363323152065277,-1.0
1785946262905814734,0.4363323152065277,-1.0
1785946263004940018,0.4363323152065277,-1.0
1785946263104860947,0.4363323152065277,-1.0
1785946263204938361,0.4363323152065277,-1.0
1785946263304044829,0.4363323152065277,-1.0
1785946263407526075,0.4363323152065277,-1.0
1785946263505948295,0.4363323152065277,-1.0
1785946263605061643,0.4363323152065277,-1.0
1785946263706774283,0.4363323152065277,-1.0
1785946263805299258,0.4363323152065277,-1.0
1785946263905394113,0.4363323152065277,-1.0
1785946264009259852,0.4363323152065277,-1.0
1785946264104347427,0.4363323152065277,-1.0
1785946264204644689,0.4363323152065277,-1.0
1785946264307114539,0.4363323152065277,-1.0
1785946264405929029,0.4363323152065277,-1.0
1785946264504346736,0.4363323152065277,-1.0
1785946264604225871,0.4363323152065277,-1.0
1785946264704169969,0.4363323152065277,-1.0
1785946264805899057,0.4363323152065277,-1.0
1785946264904771309,0.4363323152065277,-1.0
1785946265006898363,0.3134554624557495,-1.0
1785946265107548085,0.4363323152065277,-1.0
1785946265204896443,0.3552677035331726,-1.0
1785946265303323591,-0.12633587419986725,-1.0
1785946265404684603,-0.30049753189086914,-1.0
1785946265508621897,-0.13621775805950165,-1.0
1785946265603302705,-0.13271911442279816,-1.0
1785946265704274486,-0.4363323152065277,-1.0
1785946265802658017,-0.4363323152065277,-1.0
1785946265924590281,-0.4363323152065277,-1.0
1785946266003008148,-0.4363323152065277,-1.0
1785946266103947672,-0.3493094742298126,-1.0
1785946266204524816,-0.4363323152065277,-1.0
1785946266304678745,-0.4363323152065277,-1.0
1785946266402461646,-0.4363323152065277,-1.0
1785946266499820404,-0.4363323152065277,-1.0
1785946266602654780,-0.4363323152065277,-1.0
1785946266698092894,-0.4363323152065277,-1.0
1785946266797926140,-0.4363323152065277,-1.0
1785946266898104357,-0.4363323152065277,-1.0
1785946266999866407,-0.4363323152065277,-1.0
1785946267098052138,-0.4363323152065277,-1.0
1785946267201372803,-0.4363323152065277,-1.0
1785946267297785256,-0.4363323152065277,-1.0
1785946267398092950,-0.4363323152065277,-1.0
1785946267499500683,-0.4363323152065277,-1.0
1785946267598645968,-0.4363323152065277,-1.0
1785946267698179523,-0.4363323152065277,-1.0
1785946267798486257,-0.4363323152065277,-1.0
1785946267897791068,-0.4363323152065277,-1.0
1785946267997848386,-0.4363323152065277,-1.0
1785946268098751717,-0.4363323152065277,-1.0
1785946268197860137,-0.4363323152065277,-1.0
1785946268297837707,-0.4363323152065277,-1.0
1785946268401168292,-0.4363323152065277,-1.0
1785946268497803889,-0.4363323152065277,-1.0
1785946268597889879,-0.4363323152065277,-1.0
1785946268697935036,-0.4363323152065277,-1.0
1785946268797862973,-0.4363323152065277,-1.0
1785946268899654336,-0.4363323152065277,-1.0
1785946269000217111,-0.4363323152065277,-1.0
1785946269101035799,-0.4363323152065277,-1.0
1785946269197792872,-0.4363323152065277,-1.0
1785946269301917693,-0.4363323152065277,-1.0
1785946269406946290,-0.4363323152065277,-1.0
1785946269501984358,-0.4363323152065277,-1.0
1785946269601362772,-0.4363323152065277,-1.0
1785946269701523613,-0.4363323152065277,-1.0
1785946269802109269,-0.4363323152065277,-1.0
1785946269903214655,-0.4363323152065277,-1.0
1785946270001882324,-0.37876126170158386,-1.0
1785946270102698132,-0.4363323152065277,-1.0
1785946270204663548,-0.4363323152065277,-1.0
1785946270303050311,-0.20242178440093994,-1.0
1785946270403607742,-0.10193714499473572,-1.0
1785946270505277180,-0.1975257396697998,-1.0
1785946270603894607,-0.1582113802433014,-1.0
1785946270703646793,0.1298353224992752,-1.0
1785946270805831258,0.035778846591711044,-1.0
1785946270903927546,0.08268383890390396,-1.0
1785946271006655070,0.33222123980522156,-1.0
1785946271102699158,0.4363323152065277,-1.0
1785946271206318040,0.311990350484848,-1.0
1785946271304072141,0.31652116775512695,-1.0
1785946271403640129,0.4363323152065277,-1.0
1785946271506483240,0.4363323152065277,-1.0
1785946271603740203,0.3364449441432953,-1.0
1785946271703427620,0.4363323152065277,-1.0
1785946271805204582,0.4363323152065277,-1.0
1785946271903386249,0.4363323152065277,-1.0
1785946272003938272,0.4363323152065277,-1.0
1785946272103825375,0.4363323152065277,-1.0
1785946272209184511,0.4363323152065277,-1.0
1785946272305454783,0.4363323152065277,-1.0
1785946272404589604,0.4363323152065277,-1.0
1785946272503845741,0.4363323152065277,-1.0
1785946272604493640,0.4363323152065277,-1.0
1785946272704731795,0.4363323152065277,-1.0
1785946272805802364,0.4363323152065277,-1.0
1785946272905280397,0.4363323152065277,-1.0
1785946273005466743,0.4363323152065277,-1.0
1785946273104954505,0.4363323152065277,-1.0
1785946273203808580,0.4363323152065277,-1.0
1785946273306408483,0.4363323152065277,-1.0
1785946273406652271,0.4363323152065277,-1.0
1785946273504139706,0.4363323152065277,-1.0
1785946273603524551,0.4363323152065277,-1.0
1785946273704556847,0.4363323152065277,-1.0
1785946273804460111,0.4363323152065277,-1.0
1785946273906975083,0.4363323152065277,-1.0
1785946274003625560,0.26990821957588196,-1.0
1785946274102622712,0.1658269464969635,-1.0
1785946274202465558,0.33472344279289246,-1.0
1785946274302827014,0.17209623754024506,-1.0
1785946274402784200,-0.24255259335041046,-1.0
1785946274502158998,-0.0857713520526886,-1.0
1785946274604119166,-0.13063564896583557,-1.0
1785946274700157974,-0.4363323152065277,-1.0
1785946274797848136,-0.4363323152065277,-1.0
1785946274900450375,-0.4363323152065277,-1.0
1785946274998270718,-0.4363323152065277,-1.0
1785946275098029528,-0.4363323152065277,-1.0
1785946275200431056,-0.4363323152065277,-1.0
1785946275300049670,-0.4363323152065277,-1.0
1785946275401885418,-0.4363323152065277,-1.0
1785946275502686026,-0.4363323152065277,-1.0
1785946275597660732,-0.4363323152065277,-1.0
1785946275698830505,-0.4363323152065277,-1.0
1785946275797793384,-0.4363323152065277,-1.0
1785946275898291741,-0.4363323152065277,-1.0
1785946275997696363,-0.4363323152065277,-1.0
1785946276098260482,-0.4363323152065277,-1.0
1785946276200432018,-0.4363323152065277,-1.0
1785946276297823066,-0.4363323152065277,-1.0
1785946276398345456,-0.4363323152065277,-1.0
1785946276499945899,-0.4363323152065277,-1.0
1785946276597834596,-0.4363323152065277,-1.0
1785946276697952364,-0.4363323152065277,-1.0
1785946276800425606,-0.4363323152065277,-1.0
1785946276897787245,-0.4363323152065277,-1.0
1785946276997771792,-0.4363323152065277,-1.0
1785946277097697392,-0.4363323152065277,-1.0
1785946277198218118,-0.4363323152065277,-1.0
1785946277297702071,-0.4363323152065277,-1.0
1785946277397732188,-0.4363323152065277,-1.0
1785946277498887912,-0.4363323152065277,-1.0
1785946277597809445,-0.4363323152065277,-1.0
1785946277702486669,-0.4363323152065277,-1.0
1785946277801399979,-0.4363323152065277,-1.0
1785946277898294433,-0.4363323152065277,-1.0
1785946278001867714,-0.4363323152065277,-1.0
1785946278097786005,-0.4363323152065277,-1.0
1785946278197975167,-0.4363323152065277,-1.0
1785946278297814141,-0.4363323152065277,-1.0
1785946278400515072,-0.4363323152065277,-1.0
1785946278501874131,-0.4363323152065277,-1.0
1785946278597903626,-0.4363323152065277,-1.0
1785946278701879418,-0.4363323152065277,-1.0
1785946278797771277,-0.4363323152065277,-1.0
1785946278897764976,-0.4363323152065277,-1.0
1785946278998776791,-0.4363323152065277,-1.0
1785946279098100834,-0.4363323152065277,-1.0
1785946279202789739,-0.4363323152065277,-1.0
1785946279297907874,-0.4363323152065277,-1.0
1785946279403463081,-0.4363323152065277,-1.0
1785946279498689925,-0.4363323152065277,-1.0
1785946279598842349,-0.4363323152065277,-1.0
1785946279697719337,-0.4363323152065277,-1.0
1785946279802467092,-0.4363323152065277,-1.0
1785946279913935723,-0.4363323152065277,-1.0
1785946280001122251,-0.4363323152065277,-1.0
1785946280102077776,-0.4363323152065277,-1.0
1785946280201319481,-0.4363323152065277,-1.0
1785946280301155159,-0.4363323152065277,-1.0
1785946280401235389,-0.4363323152065277,-1.0
1785946280518986578,-0.4363323152065277,-1.0
1785946280604154250,-0.4363323152065277,-1.0
1785946280707721323,-0.4363323152065277,-1.0
1785946280802979656,-0.31316980719566345,-1.0
1785946280902162062,-0.2902165353298187,-1.0
1785946281002318839,-0.2593018412590027,-1.0
1785946281103606632,-0.251991331577301,-1.0
1785946281203542313,0.03665880858898163,-1.0
1785946281303151295,0.0663096234202385,-1.0
1785946281409047058,-0.04385712742805481,-1.0
1785946281502797753,-0.010657164268195629,-1.0
1785946281603292910,0.27577847242355347,-1.0
1785946281704330902,0.17915667593479156,-1.0
1785946281803662786,0.1989753693342209,-1.0
1785946281903741384,0.4363323152065277,-1.0
1785946282005345668,0.4363323152065277,-1.0
1785946282103695021,0.40592655539512634,-1.0
1785946282204386409,0.232309952378273,-1.0
1785946282302958714,0.3022613227367401,-1.0
1785946282403985217,0.4363323152065277,-1.0
1785946282506011660,0.4363323152065277,-1.0
1785946282603965223,0.4363323152065277,-1.0
1785946282704225940,0.4363323152065277,-1.0
1785946282806623596,0.4363323152065277,-1.0
1785946282906201888,0.4363323152065277,-1.0
1785946283004240511,0.4363323152065277,-1.0
1785946283105179843,0.4363323152065277,-1.0
1785946283204219589,0.4363323152065277,-1.0
1785946283304284266,0.4363323152065277,-1.0
1785946283404147497,0.4363323152065277,-1.0
1785946283506460830,0.4363323152065277,-1.0
1785946283605689062,0.4363323152065277,-1.0
1785946283706645067,0.4363323152065277,-1.0
1785946283805367553,0.4363323152065277,-1.0
1785946283903845903,0.4363323152065277,-1.0
1785946284004699825,0.4363323152065277,-1.0
1785946284104173954,0.4363323152065277,-1.0
1785946284205551509,0.4363323152065277,-1.0
1785946284306024362,0.4363323152065277,-1.0
1785946284405263762,0.4363323152065277,-1.0
1785946284503407348,0.4363323152065277,-1.0
1785946284603684065,0.4363323152065277,-1.0
1785946284708326760,0.43157944083213806,-1.0
1785946284802703621,0.0691167414188385,-1.0
1785946284904380132,-0.11478687077760696,-1.0
1785946285004290340,0.03573698550462723,-1.0
1785946285102788275,-0.0845198929309845,-1.0
1785946285202430089,-0.4363323152065277,-1.0
1785946285303134438,-0.4363323152065277,-1.0
1785946285402673273,-0.3474627435207367,-1.0
1785946285500687254,-0.4363323152065277,-1.0
1785946285601746719,-0.4363323152065277,-1.0
1785946285704501443,-0.4363323152065277,-1.0
1785946285798181000,-0.4363323152065277,-1.0
1785946285898655004,-0.4363323152065277,-1.0
1785946285999980302,-0.4363323152065277,-1.0
1785946286099519713,-0.4363323152065277,-1.0
1785946286202049758,-0.4363323152065277,-1.0
1785946286302329163,-0.4363323152065277,-1.0
1785946286397906579,-0.4363323152065277,-1.0
1785946286497796466,-0.4363323152065277,-1.0
1785946286597747764,-0.4363323152065277,-1.0
1785946286710375124,-0.4363323152065277,-1.0
1785946286800178256,-0.4363323152065277,-1.0
1785946286898562491,-0.4363323152065277,-1.0
1785946286998343126,-0.4363323152065277,-1.0
1785946287097819303,-0.4363323152065277,-1.0
1785946287198052531,-0.4363323152065277,-1.0
1785946287297810318,-0.4363323152065277,-1.0
1785946287397900692,-0.4363323152065277,-1.0
1785946287497741874,-0.4363323152065277,-1.0
1785946287601552604,-0.4363323152065277,-1.0
1785946287697809019,-0.4363323152065277,-1.0
1785946287797849248,-0.4363323152065277,-1.0
1785946287897899365,-0.4363323152065277,-1.0
1785946287999282553,-0.4363323152065277,-1.0
1785946288099527045,-0.4363323152065277,-1.0
1785946288197968786,-0.4363323152065277,-1.0
1785946288298849012,-0.4363323152065277,-1.0
1785946288402281168,-0.4363323152065277,-1.0
1785946288500197386,-0.4363323152065277,-1.0
1785946288597835675,-0.4363323152065277,-1.0
1785946288703378945,-0.4363323152065277,-1.0
1785946288797718269,-0.4363323152065277,-1.0
1785946288901072311,-0.4363323152065277,-1.0
1785946288997982573,-0.4363323152065277,-1.0
1785946289097836876,-0.4363323152065277,-1.0
1785946289197947219,-0.4363323152065277,-1.0
1785946289297767472,-0.4363323152065277,-1.0
1785946289399234055,-0.4363323152065277,-1.0
1785946289499522740,-0.4363323152065277,-1.0
1785946289599116202,-0.4363323152065277,-1.0
1785946289701431294,-0.4363323152065277,-1.0
1785946289800757962,-0.4363323152065277,-1.0
1785946289904261129,-0.4363323152065277,-1.0
1785946290004067910,-0.4363323152065277,-1.0
1785946290101617651,-0.4363323152065277,-1.0
1785946290201340748,-0.4363323152065277,-1.0
1785946290304763560,-0.4363323152065277,-1.0
1785946290401944424,-0.4363323152065277,-1.0
1785946290502979472,-0.4363323152065277,-1.0
1785946290604155773,-0.4363323152065277,-1.0
1785946290705489103,-0.4363323152065277,-1.0
1785946290802368101,-0.4363323152065277,-1.0
1785946290902167265,-0.4363323152065277,-1.0
1785946291004008773,-0.4363323152065277,-1.0
1785946291104568284,-0.4363323152065277,-1.0
1785946291203695105,-0.4363323152065277,-1.0
1785946291310935844,-0.4363323152065277,-1.0
1785946291405592683,-0.4363323152065277,-1.0
1785946291504372419,-0.4363323152065277,-1.0
1785946291602509701,-0.4363323152065277,-1.0
1785946291708384983,-0.4193308353424072,-1.0
1785946291803549200,-0.4363323152065277,-1.0
1785946291905250704,-0.4363323152065277,-1.0
1785946292005553406,-0.1391163319349289,-1.0
1785946292105033967,-0.24313779175281525,-1.0
1785946292204535168,-0.004325654357671738,-1.0
1785946292303673830,0.2832964062690735,-1.0
1785946292406664562,0.35075944662094116,-1.0
1785946292504137597,0.18669269979000092,-1.0
1785946292604229731,0.263332337141037,-1.0
1785946292705029155,0.4363323152065277,-1.0
1785946292803782330,0.29151344299316406,-1.0
1785946292909549993,0.19548086822032928,-1.0
1785946293004055467,0.042094357311725616,-1.0
1785946293105396861,0.36758413910865784,-1.0
1785946293204876718,0.4363323152065277,-1.0
1785946293310810659,0.4363323152065277,-1.0
1785946293404997689,0.4363323152065277,-1.0
1785946293512526918,0.4363323152065277,-1.0
1785946293635968163,0.4363323152065277,-1.0
1785946293703872380,0.4363323152065277,-1.0
1785946293808358461,0.4363323152065277,-1.0
1785946293905136399,0.4363323152065277,-1.0
1785946294005421341,0.4363323152065277,-1.0
1785946294111385618,0.4363323152065277,-1.0
1785946294204639336,0.4363323152065277,-1.0
1785946294307806267,0.4363323152065277,-1.0
1785946294410247220,0.4363323152065277,-1.0
1785946294505435854,0.4363323152065277,-1.0
1785946294604510833,0.4363323152065277,-1.0
1785946294703946240,0.4363323152065277,-1.0
1785946294806563968,0.4363323152065277,-1.0
1785946294905584129,0.4363323152065277,-1.0
1785946295005572548,0.4363323152065277,-1.0
1785946295105278685,0.4363323152065277,-1.0
1785946295206150879,0.4363323152065277,-1.0
1785946295304847156,0.4363323152065277,-1.0
1785946295404809718,0.4363323152065277,-1.0
1785946295503946587,0.2690611481666565,-1.0
1785946295604386446,0.40817320346832275,-1.0
1785946295705198318,0.2252604067325592,-1.0
1785946295804493689,-0.13962236046791077,-1.0
1785946295904844713,-0.0042912960052490234,-1.0
1785946296004909806,-0.16440770030021667,-1.0
1785946296105272190,-0.4363323152065277,-1.0
1785946296203981940,-0.4363323152065277,-1.0
1785946296303139354,-0.4363323152065277,-1.0
1785946296403635887,-0.4363323152065277,-1.0
1785946296502894456,-0.4363323152065277,-1.0
1785946296603640918,-0.4363323152065277,-1.0
1785946296704201037,-0.4363323152065277,-1.0
1785946296806968114,-0.4363323152065277,-1.0
1785946296903607231,-0.4363323152065277,-1.0
1785946297003250454,-0.4363323152065277,-1.0
1785946297102029902,-0.4363323152065277,-1.0
1785946297203778511,-0.4363323152065277,-1.0
1785946297303186974,-0.4363323152065277,-1.0
1785946297401937525,-0.4363323152065277,-1.0
1785946297500681356,-0.4363323152065277,-1.0
1785946297600895959,-0.4363323152065277,-1.0
1785946297700649458,-0.4363323152065277,-1.0
1785946297800387820,-0.4363323152065277,-1.0
1785946297897759379,-0.4363323152065277,-1.0
1785946297998017951,-0.4363323152065277,-1.0
1785946298097737209,-0.4363323152065277,-1.0
1785946298197984005,-0.4363323152065277,-1.0
1785946298301533989,-0.4363323152065277,-1.0
1785946298404174246,-0.4363323152065277,-1.0
1785946298501956635,-0.4363323152065277,-1.0
1785946298601078847,-0.4363323152065277,-1.0
1785946298703538201,-0.4363323152065277,-1.0
1785946298800911744,-0.4363323152065277,-1.0
1785946298902678050,-0.4363323152065277,-1.0
1785946299001291540,-0.4363323152065277,-1.0
1785946299101761768,-0.4363323152065277,-1.0
1785946299202449156,-0.4363323152065277,-1.0
1785946299302462120,-0.4363323152065277,-1.0
1785946299403139331,-0.4363323152065277,-1.0
1785946299502294857,-0.4363323152065277,-1.0
1785946299603443220,-0.4363323152065277,-1.0
1785946299703093516,-0.4363323152065277,-1.0
1785946299804385244,-0.4363323152065277,-1.0
1785946299909911747,-0.4363323152065277,-1.0
1785946300003030836,-0.4363323152065277,-1.0
1785946300103873525,-0.4363323152065277,-1.0
1785946300202617068,-0.4363323152065277,-1.0
1785946300302596078,-0.4363323152065277,-1.0
1785946300413926753,-0.4363323152065277,-1.0
1785946300503810656,-0.4363323152065277,-1.0
1785946300603033544,-0.4363323152065277,-1.0
1785946300703939595,-0.4363323152065277,-1.0
1785946300802843784,-0.4363323152065277,-1.0
1785946300905489641,-0.4363323152065277,-1.0
1785946301007505811,-0.4363323152065277,-1.0
1785946301105839068,-0.4363323152065277,-1.0
1785946301204293833,-0.4363323152065277,-1.0
1785946301305664380,-0.4363323152065277,-1.0
1785946301404237197,-0.4363323152065277,-1.0
1785946301504759171,-0.4363323152065277,-1.0
1785946301605044977,-0.4363323152065277,-1.0
1785946301704253176,-0.4363323152065277,-1.0
1785946301805409188,-0.4363323152065277,-1.0
1785946301905102461,-0.4363323152065277,-1.0
1785946302004132830,-0.4363323152065277,-1.0
1785946302107070313,-0.4363323152065277,-1.0
1785946302206566107,-0.39005425572395325,-1.0
1785946302309965046,-0.4363323152065277,-1.0
1785946302406431965,-0.4363323152065277,-1.0
1785946302504377208,-0.22171874344348907,-1.0
1785946302604704550,-0.16530942916870117,-1.0
1785946302704416672,-0.2822616696357727,-1.0
1785946302806511725,-0.22777822613716125,-1.0
1785946302905306950,-0.039194654673337936,-1.0
1785946303003948825,-0.16779638826847076,-1.0
1785946303105284780,-0.07387907058000565,-1.0
1785946303204310509,0.2641376256942749,-1.0
1785946303306135089,0.251045823097229,-1.0
1785946303402699899,0.17451375722885132,-1.0
1785946303503228913,0.21863333880901337,-1.0
1785946303604121364,0.4363323152065277,-1.0
1785946303703322395,0.4363323152065277,-1.0
1785946303802822061,0.4363323152065277,-1.0
1785946303901997875,0.4363323152065277,-1.0
1785946304002353699,0.4363323152065277,-1.0
1785946304104917345,0.4363323152065277,-1.0
1785946304202362858,0.4363323152065277,-1.0
1785946304302137830,0.4363323152065277,-1.0
1785946304403608765,0.4363323152065277,-1.0
1785946304502815204,0.4363323152065277,-1.0
1785946304602557791,0.4363323152065277,-1.0
1785946304704806961,0.4363323152065277,-1.0
1785946304803070487,0.4363323152065277,-1.0
1785946304903153086,0.4363323152065277,-1.0
1785946305004635605,0.4363323152065277,-1.0
1785946305108784683,0.4363323152065277,-1.0
1785946305202867198,0.4363323152065277,-1.0
1785946305302418481,0.4363323152065277,-1.0
1785946305404257782,0.4363323152065277,-1.0
1785946305505098615,0.4363323152065277,-1.0
1785946305602930574,0.4363323152065277,-1.0
1785946305702720106,0.4363323152065277,-1.0
1785946305807397874,0.4363323152065277,-1.0
1785946305902541482,0.4363323152065277,-1.0
1785946306002809911,0.4363323152065277,-1.0
1785946306102793338,0.4363323152065277,-1.0
1785946306203996743,0.4363323152065277,-1.0
1785946306301844351,0.4363323152065277,-1.0
1785946306402893607,0.4363323152065277,-1.0
1785946306503617604,0.4363323152065277,-1.0
1785946306611241684,0.4363323152065277,-1.0
1785946306701925999,0.4363323152065277,-1.0
1785946306802276799,0.4363323152065277,-1.0
1785946306911235230,0.4363323152065277,-1.0
1785946307003039169,0.4363323152065277,-1.0
1785946307103480660,0.4363323152065277,-1.0
1785946307225610211,0.4363323152065277,-1.0
1785946307302896102,0.4363323152065277,-1.0
1785946307402556253,0.4363323152065277,-1.0
1785946307502830890,0.4363323152065277,-1.0
1785946307603653451,0.4363323152065277,-1.0
1785946307705741336,0.4363323152065277,-1.0
1785946307808807751,0.4363323152065277,-1.0
1785946307906153933,0.4363323152065277,-1.0
1785946308006773414,0.4363323152065277,-1.0
1785946308106649157,0.4363323152065277,-1.0
