t_ns,enabled
1785948350018170921,0
1785948350041783240,0
1785948350131785698,0
1785948350232376504,0
1785948350338691736,0
1785948350431750061,0
1785948350531779602,0
1785948350633988344,0
1785948350731938879,0
1785948350831776926,0
1785948350932224271,0
1785948351033691903,0
1785948351131840619,0
1785948351233690759,0
1785948351331833363,0
1785948351432210114,0
1785948351532497775,0
1785948351632603990,0
1785948351732404052,0
1785948351832931880,0
1785948351932097683,0
1785948352031475236,0
1785948352132976469,0
1785948352233210144,0
1785948352342512441,0
1785948352431840543,0
1785948352533395249,0
1785948352656498566,0
1785948352730978289,0
1785948352831690186,0
1785948352931628780,0
1785948353034875217,0
1785948353143444884,0
1785948353237159965,0
1785948353332961796,0
1785948353432167280,0
1785948353532155764,0
1785948353631494276,0
1785948353731753744,0
1785948353854179504,1
1785948353936561351,1
1785948354035471242,1
1785948354136636433,1
1785948354239834804,1
1785948354342012601,1
1785948354436311347,1
1785948354537012364,1
1785948354634127130,1
1785948354735011960,1
1785948354847366829,1
1785948354934103397,1
1785948355041191196,1
1785948355135416084,1
1785948355237052393,1
1785948355335689604,1
1785948355437024400,1
1785948355537712841,1
1785948355650219169,1
1785948355734893148,1
1785948355861217009,1
1785948355937462033,1
1785948356039052516,1
1785948356136919785,1
1785948356236355580,1
1785948356354501309,1
1785948356435868533,1
1785948356534884924,1
1785948356644975021,1
1785948356735288304,1
1785948356848599776,1
1785948356944150752,1
1785948357035849932,1
1785948357134227296,1
1785948357236182462,1
1785948357335518862,1
1785948357434495508,1
1785948357535075881,1
1785948357636180270,1
1785948357742286184,1
1785948357850145846,1
1785948357936017845,1
1785948358040126996,1
1785948358135216133,1
1785948358235392334,1
1785948358339196516,1
1785948358435458904,1
1785948358535637250,1
1785948358634901872,1
1785948358737469280,1
1785948358859244493,1
1785948358934232647,1
1785948359041798477,1
1785948359154739891,1
1785948359242938615,1
1785948359334680965,1
1785948359437252021,1
1785948359535826095,1
1785948359638505795,1
1785948359737132990,1
1785948359849181769,1
1785948359936110279,1
1785948360036351218,1
1785948360138439252,1
1785948360239243216,1
1785948360344333516,1
1785948360435819602,1
1785948360539262333,1
1785948360634775195,1
1785948360735277454,1
1785948360849805699,1
1785948360936860581,1
1785948361036676547,1
1785948361139529180,1
1785948361237820077,1
1785948361341101587,1
1785948361435523505,1
1785948361538445708,1
1785948361636306576,1
1785948361753120489,1
1785948361847697644,1
1785948361935976594,1
1785948362037062295,1
1785948362135644624,1
1785948362236660562,1
1785948362335315118,1
1785948362434414423,1
1785948362534968076,1
1785948362638182768,1
1785948362737444318,1
1785948362848878678,1
1785948362936492201,1
1785948363038335108,1
1785948363135949601,1
1785948363236031943,1
1785948363337362355,1
1785948363435186358,1
1785948363534841136,1
1785948363634881269,1
1785948363735751795,1
1785948363848335790,1
1785948363935310222,1
1785948364037048389,1
1785948364139691384,1
1785948364237950856,1
1785948364340232016,1
1785948364435844977,1
1785948364536356804,1
1785948364635910331,1
1785948364739016188,1
1785948364842503048,1
1785948364937453077,1
1785948365042618163,1
1785948365137179509,1
1785948365262343687,1
1785948365340037874,1
1785948365437197729,1
1785948365535292588,1
1785948365641244130,1
1785948365734141170,1
1785948365838019209,1
1785948365935367582,1
1785948366035537831,1
1785948366135285380,1
1785948366235936379,1
1785948366337383754,1
1785948366440909783,1
1785948366535241490,1
1785948366635836360,1
1785948366735421952,1
1785948366834786129,1
1785948366943897476,1
1785948367035352522,1
1785948367140389412,1
1785948367235722492,1
1785948367337661146,1
1785948367439498325,1
1785948367535080661,1
1785948367635151099,1
1785948367734633360,1
1785948367834714230,1
1785948367934746427,1
1785948368037654230,1
1785948368136241424,1
1785948368234759047,1
1785948368335658470,1
1785948368443992706,1
1785948368538745322,1
1785948368643808165,1
1785948368737243461,1
1785948368837342444,1
1785948368945428353,1
1785948369036101615,1
1785948369135547522,1
1785948369238637219,1
1785948369335546442,1
1785948369437905653,1
1785948369539205375,1
1785948369637318027,1
1785948369736549208,1
1785948369839254477,1
1785948369940308976,1
1785948370037912429,1
1785948370137827214,1
1785948370244028747,1
1785948370337149826,1
1785948370435403474,1
1785948370538379918,1
1785948370638854720,1
1785948370737143377,1
1785948370836216474,1
1785948370936770766,1
1785948371035408202,1
1785948371137028670,1
1785948371234223278,1
1785948371335581755,1
1785948371434650211,1
1785948371537596991,1
1785948371639325238,1
1785948371735051515,1
1785948371838702091,1
1785948371936809239,1
1785948372035268333,1
1785948372136085961,1
1785948372234887466,1
1785948372338902181,1
1785948372437236215,1
1785948372535008281,1
1785948372640156086,1
1785948372735068259,1
1785948372835219019,1
1785948372936508598,1
1785948373035668672,1
1785948373137993258,1
1785948373238562271,1
1785948373336219261,1
1785948373435305670,1
1785948373547191724,1
1785948373635986818,1
1785948373734905509,1
1785948373838325391,1
1785948373936572351,1
1785948374035616743,1
1785948374135614794,1
1785948374236664910,1
1785948374338437606,1
1785948374434998564,1
1785948374536216204,1
1785948374635076206,1
1785948374735981101,1
1785948374837816008,1
1785948374934062044,1
1785948375034525454,1
1785948375135708437,1
1785948375237182821,1
1785948375337731417,1
1785948375442138944,1
1785948375539461332,1
1785948375636688326,1
1785948375736169018,1
1785948375837023384,1
1785948375948014339,1
1785948376043641381,1
1785948376134994183,1
1785948376235539835,1
1785948376336270421,1
1785948376437680387,1
1785948376535273983,1
1785948376636315234,1
1785948376735736149,1
1785948376837101154,1
1785948376938131812,1
1785948377037172460,1
1785948377134388125,1
1785948377235594373,1
1785948377334682509,1
1785948377443668317,1
1785948377535712404,1
1785948377636237128,1
1785948377736371695,1
1785948377835933702,1
1785948377935198612,1
1785948378038893223,1
1785948378136044310,1
1785948378235510250,1
1785948378342591521,1
1785948378436089859,1
1785948378538441165,1
1785948378635524250,1
1785948378734843786,1
1785948378839743904,1
1785948378936684264,1
1785948379034575149,1
1785948379135539790,1
1785948379236264296,1
1785948379336770363,1
1785948379454531504,1
1785948379536582589,1
1785948379639632028,1
1785948379734600458,1
1785948379835513065,1
1785948379936077694,1
1785948380034864862,1
1785948380134337394,1
1785948380238430256,1
1785948380337455447,1
1785948380435219000,1
1785948380536178937,1
1785948380653075668,1
1785948380739508324,1
1785948380834897310,1
1785948380937293194,1
1785948381051347024,1
1785948381135126321,1
1785948381236210773,1
1785948381347983640,1
1785948381435607403,1
1785948381534572912,1
1785948381635536817,1
1785948381734109290,1
1785948381835766048,1
1785948381938586136,1
1785948382034725705,1
1785948382138754437,1
1785948382238655686,1
1785948382338158267,1
1785948382451508333,1
1785948382535159337,1
1785948382644167546,1
1785948382736497113,1
1785948382870478194,1
1785948382954722464,1
1785948383037995602,1
1785948383134824791,1
1785948383235191206,1
1785948383342529317,1
1785948383438169831,1
1785948383536892645,1
1785948383640986275,1
1785948383740343795,1
1785948383835195102,1
1785948383935710129,1
1785948384045102765,1
1785948384135511699,1
1785948384235611450,1
1785948384335121744,1
1785948384436608384,1
1785948384536116245,1
1785948384637004820,1
1785948384736060859,1
1785948384836304423,1
1785948384935904831,1
1785948385034904901,1
1785948385148153716,1
1785948385238140365,1
1785948385336039410,1
1785948385438880587,1
1785948385535774706,1
1785948385635143012,1
1785948385742235963,1
1785948385837278379,1
1785948385935549436,1
1785948386039223725,1
1785948386135664999,1
1785948386236194299,1
1785948386337595336,1
1785948386435318889,1
1785948386535813371,1
1785948386634585371,1
1785948386735845060,1
1785948386844917014,1
1785948386937219605,1
1785948387036888815,1
1785948387135717936,1
1785948387235719796,1
1785948387335547539,1
1785948387436253132,1
1785948387535137551,1
1785948387635006383,1
1785948387743470959,1
1785948387838429085,1
1785948387937904433,1
1785948388035812183,1
1785948388136458894,1
1785948388235804414,1
1785948388335284211,1
1785948388439018182,1
1785948388536001424,1
1785948388635060728,1
1785948388735926838,1
1785948388837101149,1
1785948388940870001,1
1785948389036099591,1
1785948389138689464,1
1785948389234931404,1
1785948389338591165,1
1785948389447410824,1
1785948389535426598,1
1785948389637463047,1
1785948389746103277,1
1785948389835951586,1
1785948389935066924,1
1785948390036694880,1
1785948390142999872,1
1785948390235439267,1
1785948390334907543,1
1785948390434966428,1
1785948390550538448,1
1785948390636086022,1
1785948390734692736,1
1785948390841739638,1
1785948390936554976,1
1785948391034742541,1
1785948391135033626,1
1785948391235992763,1
1785948391335964542,1
1785948391434972516,1
1785948391535166638,1
1785948391635327991,1
1785948391741042373,1
1785948391834703276,1
1785948391934061149,1
1785948392035977690,1
1785948392135358603,1
1785948392235307662,1
1785948392334475513,1
1785948392435537149,1
1785948392534983056,1
1785948392637073042,1
1785948392737364191,1
1785948392838977523,1
1785948392936993660,1
1785948393034692987,1
1785948393135064330,1
1785948393234776198,1
1785948393340474579,1
1785948393435205818,1
1785948393535208190,1
1785948393636075004,1
1785948393735341866,1
1785948393836767097,1
1785948393940637360,1
1785948394046787787,1
1785948394136457051,1
1785948394236823690,1
1785948394336000150,1
1785948394435210274,1
1785948394534936766,1
1785948394636226216,1
1785948394737079686,1
1785948394834983115,1
1785948394935664227,1
1785948395043087300,1
1785948395135172861,1
1785948395235005180,1
1785948395338614763,1
1785948395446381910,1
1785948395534956134,1
1785948395634922665,1
1785948395738884515,1
1785948395835158744,1
1785948395935289728,1
1785948396035883573,1
1785948396135472045,1
1785948396235567028,1
1785948396349587642,1
1785948396436070187,1
1785948396536342167,1
1785948396637307448,1
1785948396734936981,1
1785948396835500298,1
1785948396943963882,1
1785948397035600565,1
1785948397136820637,1
1785948397249961704,1
1785948397334133045,1
1785948397435209305,1
1785948397535275839,1
1785948397635220641,1
1785948397738003960,1
1785948397834719546,1
1785948397936673784,1
1785948398034840005,1
1785948398135384922,1
1785948398235486369,1
1785948398334497671,1
1785948398436516071,1
1785948398540673543,1
1785948398635220649,1
1785948398736066822,1
1785948398836185613,1
1785948398936514619,1
1785948399035104149,1
1785948399134628843,1
1785948399238384319,1
1785948399334944028,1
1785948399441702761,1
1785948399536229322,1
1785948399636170220,1
1785948399735691266,1
1785948399836697796,1
1785948399937273977,1
1785948400034862005,1
1785948400146842846,1
1785948400236270151,1
1785948400335534453,1
1785948400434152976,1
1785948400539243948,1
1785948400637081135,1
1785948400737740807,1
1785948400837007541,1
1785948400936275235,1
1785948401037109248,1
1785948401135948001,1
1785948401237142857,1
1785948401334943115,1
1785948401435547425,1
1785948401542389905,1
1785948401636014231,1
1785948401740647557,1
1785948401838267586,1
1785948401934825247,1
1785948402047058480,1
1785948402140136582,1
1785948402236737764,1
1785948402337377627,1
1785948402434681935,1
1785948402534931674,1
1785948402635494479,1
1785948402735215147,1
1785948402835533272,1
1785948402936159311,1
1785948403049952174,1
1785948403158822394,1
1785948403235400068,1
1785948403334940474,1
1785948403454256734,1
1785948403534380530,1
1785948403634965639,1
1785948403738176171,1
1785948403837704640,1
1785948403935754794,1
1785948404040573662,1
1785948404135856245,1
1785948404235124131,1
1785948404337544463,1
1785948404437263787,1
1785948404534543262,1
1785948404635757830,1
1785948404739799811,1
1785948404837128631,1
1785948404936461191,1
1785948405037096126,1
1785948405138423017,1
1785948405236526421,1
1785948405335421848,1
1785948405437261075,1
1785948405535968784,1
1785948405635720557,1
1785948405735948983,1
1785948405834366988,1
1785948405936229800,1
1785948406044185497,1
1785948406135119054,1
1785948406237659838,1
1785948406336347579,1
1785948406438223383,1
1785948406536478279,1
1785948406640631271,1
1785948406733860833,1
1785948406834523768,1
1785948406935771138,1
1785948407036146801,1
1785948407138033869,1
1785948407235541511,1
1785948407336379684,1
1785948407434888059,1
1785948407535850940,1
1785948407635060872,1
1785948407736827649,1
1785948407834929804,1
1785948407937187475,1
1785948408041058923,1
1785948408136557385,1
1785948408237975575,1
1785948408336276008,1
1785948408442093433,1
1785948408535632637,1
1785948408639885855,1
1785948408734654952,1
1785948408835879344,1
1785948408936323617,1
1785948409044332340,1
1785948409135765817,1
1785948409235397393,1
1785948409343308225,1
1785948409436489466,1
1785948409546387973,1
1785948409644009634,1
1785948409749815859,1
1785948409840116054,1
1785948409935134661,1
1785948410035809053,1
1785948410138247274,1
1785948410250476026,1
1785948410336623490,1
1785948410436013619,1
1785948410534140864,1
1785948410636814483,1
1785948410736185828,1
1785948410835396017,1
1785948410934892646,1
1785948411043491082,1
1785948411135603459,1
1785948411235532293,1
1785948411334136191,1
1785948411434565136,1
1785948411535017345,1
1785948411636945791,1
1785948411735412949,1
1785948411834791398,1
1785948411938800962,1
1785948412035356959,1
1785948412134014843,1
1785948412239056917,1
1785948412338841427,1
1785948412434554231,1
1785948412535645372,1
1785948412636411926,1
1785948412733949489,1
1785948412835027413,1
1785948412940700770,1
1785948413037054233,1
1785948413135444717,1
1785948413234894273,1
1785948413335331634,1
1785948413435710753,1
1785948413534423967,1
1785948413644187782,1
1785948413734446823,1
1785948413835058301,1
1785948413938455111,1
1785948414038116257,1
1785948414137143752,1
1785948414236024746,1
1785948414339270511,1
1785948414437154580,1
1785948414535743374,1
1785948414637878929,1
1785948414736722771,1
1785948414835244363,1
1785948414935716541,1
1785948415037435764,1
1785948415134343740,1
1785948415238227539,1
1785948415338083859,1
1785948415436157278,1
1785948415534947997,1
1785948415635353998,1
1785948415738141829,1
1785948415833968236,1
1785948415935567136,1
1785948416035228634,1
1785948416140976617,1
1785948416238353119,1
1785948416335283623,1
1785948416444335513,1
1785948416538926300,1
1785948416634642336,1
1785948416746658858,1
1785948416853040908,1
1785948416935432355,1
1785948417049378407,1
1785948417138975637,1
1785948417235426671,1
1785948417337126534,1
1785948417434400536,1
1785948417535825991,1
1785948417636952172,1
1785948417737284026,1
1785948417852204027,1
1785948417935352841,1
1785948418038572108,1
1785948418135840927,1
1785948418234655808,1
1785948418338683100,1
1785948418437359800,1
1785948418535319007,1
1785948418635649773,1
1785948418735838359,1
1785948418835698390,1
1785948418936102919,1
1785948419038768474,1
1785948419138279695,1
1785948419238670943,1
1785948419345739606,1
1785948419437109496,1
1785948419537125309,1
1785948419636167364,1
1785948419739280485,1
1785948419834620638,1
1785948419935434874,1
1785948420035201527,1
1785948420138446620,1
1785948420239448222,1
1785948420337317858,1
1785948420436376554,1
1785948420537174886,1
1785948420638874780,1
1785948420739530804,1
1785948420835192023,1
1785948420936229977,1
1785948421037366847,1
1785948421136053980,1
1785948421238313123,1
1785948421340969399,1
1785948421437480915,1
1785948421535093391,1
1785948421634535747,1
1785948421738487420,1
1785948421834822163,1
1785948421934970780,1
1785948422039764078,1
1785948422138689202,1
1785948422236939682,1
1785948422336959847,1
1785948422438750848,1
1785948422537298617,1
1785948422636153050,1
1785948422739442464,1
1785948422838688686,1
1785948422934654746,1
1785948423036494548,1
1785948423150671487,1
1785948423246241631,1
1785948423335215546,1
1785948423439425372,1
1785948423533922588,1
1785948423638946005,1
1785948423735091110,1
1785948423834856227,1
1785948423940097219,1
1785948424034825354,1
1785948424135292060,1
1785948424236464003,1
1785948424336526121,1
1785948424436848982,1
1785948424542650279,1
1785948424644763338,1
1785948424736433590,1
1785948424835226006,1
1785948424935541987,1
1785948425034385381,1
1785948425136591819,1
1785948425235061537,1
1785948425343684934,1
1785948425445026162,1
1785948425539348781,1
1785948425636807845,1
1785948425735365406,1
1785948425836228763,1
1785948425936829681,1
1785948426037063324,1
1785948426135311436,1
1785948426246476093,1
1785948426335866660,1
1785948426442578640,1
1785948426535571428,1
1785948426636076023,1
1785948426735163999,1
1785948426836216835,1
1785948426938225698,1
1785948427034570874,1
1785948427135246994,1
1785948427235639393,1
1785948427354332786,1
1785948427435377537,1
1785948427536453189,1
1785948427636647823,1
1785948427739275873,1
1785948427837069380,1
1785948427935431415,1
1785948428037401813,1
1785948428135088084,1
1785948428235089656,1
1785948428337381121,1
1785948428438728301,1
1785948428534847101,1
1785948428636693048,1
1785948428736686716,1
1785948428835653729,1
1785948428934656007,1
1785948429035959250,1
1785948429135566730,1
1785948429235126113,1
1785948429337831894,1
1785948429434977477,1
1785948429540008863,1
1785948429638068937,1
1785948429735837930,1
1785948429835424962,1
1785948429938657926,1
1785948430035673809,1
1785948430134439728,1
1785948430238082913,1
1785948430339270792,1
1785948430444906164,1
1785948430535550945,1
1785948430663793775,1
1785948430738382846,1
1785948430839965521,1
1785948430934591669,1
1785948431034519606,1
1785948431136253198,1
1785948431235570206,1
1785948431335990062,1
1785948431439507259,1
1785948431534925974,1
1785948431637991222,1
1785948431738535050,1
1785948431834526390,1
1785948431936197612,1
1785948432034667362,1
1785948432134366717,1
1785948432235805356,1
1785948432340599423,1
1785948432436527050,1
1785948432538321987,1
1785948432637258791,1
1785948432734286707,1
1785948432834897545,1
1785948432936685026,1
1785948433035578181,1
1785948433135278048,1
1785948433244799104,1
1785948433335247495,1
1785948433436974335,1
1785948433535227246,1
1785948433635239059,1
1785948433734973711,1
1785948433836029810,1
1785948433945947486,1
1785948434040927340,1
1785948434143528126,1
1785948434235999073,1
1785948434343000598,1
1785948434436823842,1
1785948434536745859,1
1785948434634908624,1
1785948434736633192,1
1785948434839798186,1
1785948434934764856,1
1785948435038036061,1
1785948435134727327,1
1785948435233990125,1
1785948435334485760,1
1785948435436915756,1
1785948435535187388,1
1785948435636587306,1
1785948435738491559,1
1785948435834884191,1
1785948435934946597,1
1785948436034544445,1
1785948436134684901,1
1785948436235995920,1
1785948436335731756,1
1785948436436047770,1
1785948436534782328,1
1785948436634111528,1
1785948436747705633,1
1785948436835240401,1
1785948436937535290,1
1785948437037122449,1
1785948437135728748,1
1785948437238676328,1
1785948437338885362,1
1785948437437141634,1
1785948437578727133,1
1785948437637750204,1
1785948437736679520,1
1785948437838921159,1
1785948437938311128,1
1785948438034835253,1
1785948438152203390,1
1785948438235777337,1
1785948438336019588,1
1785948438447018192,1
1785948438537017482,1
1785948438637115985,1
1785948438734989781,1
1785948438839923372,1
1785948438936106174,1
1785948439034085926,1
1785948439135012966,1
1785948439236710716,1
1785948439335986539,1
1785948439437173970,1
1785948439552053585,1
1785948439634581133,1
1785948439735175426,1
1785948439837952441,1
1785948439934746845,1
1785948440035226384,1
1785948440140644469,1
1785948440237349847,1
1785948440335282621,1
1785948440435678925,1
1785948440537647020,1
1785948440635281001,1
1785948440734212173,1
1785948440835435766,1
1785948440935342807,1
1785948441034085205,1
1785948441135381504,1
1785948441236549287,1
1785948441335146337,1
1785948441435644244,1
1785948441540509289,1
1785948441640971546,1
1785948441735093487,1
1785948441835477630,1
1785948441936661478,1
1785948442035067674,1
1785948442135418153,1
1785948442234874396,1
1785948442337245031,1
1785948442445089429,1
1785948442534833383,1
1785948442636194675,1
1785948442735353150,1
1785948442838827050,1
1785948442938685130,1
1785948443038459335,1
1785948443135007108,1
1785948443238479311,1
1785948443335182833,1
1785948443438719230,1
1785948443534962386,1
1785948443638506720,1
1785948443739501346,1
1785948443835609874,1
1785948443977485461,1
1785948444036778844,1
1785948444134922281,1
1785948444235727429,1
1785948444339032747,1
1785948444445645972,1
1785948444541152914,1
1785948444634652149,1
1785948444734745883,1
1785948444837715160,1
1785948444938975137,1
1785948445040995138,1
1785948445142538836,1
1785948445236019157,1
1785948445335579116,1
1785948445437733040,1
1785948445536648340,1
1785948445638353803,1
1785948445735686399,1
1785948445837441591,1
1785948445935326844,1
1785948446035939346,1
1785948446136262464,1
1785948446236484395,1
1785948446336980893,1
1785948446437227561,1
1785948446534637727,1
1785948446634391068,1
1785948446744764085,1
1785948446836215738,1
1785948446937209596,1
1785948447035028959,1
1785948447135379053,1
1785948447236703225,1
1785948447334842853,1
1785948447435930666,1
1785948447536140212,1
1785948447638749926,1
1785948447734576269,1
1785948447839018325,1
1785948447938088030,1
1785948448035035623,1
1785948448136522295,1
1785948448235778469,1
1785948448335523937,1
1785948448436021172,1
1785948448535651117,1
1785948448636470185,1
1785948448735401837,1
1785948448836531251,1
1785948448937000485,1
1785948449036812995,1
1785948449135897292,1
1785948449239255284,1
1785948449335117597,1
1785948449435724659,1
1785948449539315106,1
1785948449636771642,1
1785948449734735233,1
1785948449835365368,1
1785948449935660069,1
1785948450038028015,1
1785948450135718030,1
1785948450236052508,1
1785948450338168063,1
1785948450437603090,1
1785948450535404853,1
1785948450647143862,1
1785948450735707846,1
1785948450840357460,1
1785948450934271011,1
1785948451050446537,1
1785948451146482007,1
1785948451246768259,1
1785948451336239629,1
1785948451440397837,1
1785948451539686876,1
1785948451636650661,1
1785948451741343861,1
1785948451839214842,1
1785948451935799576,1
1785948452034591480,1
1785948452135399924,1
1785948452237853761,1
1785948452336450939,1
1785948452436450591,1
1785948452537746186,1
1785948452636779249,1
1785948452739307776,1
1785948452836665013,1
1785948452938375820,1
1785948453038377488,1
1785948453137929255,1
1785948453235439553,1
1785948453335425636,1
1785948453438159226,1
1785948453536676113,1
1785948453636355980,1
1785948453738840730,1
1785948453836887172,1
1785948453935471101,1
1785948454037716836,1
1785948454138915052,1
1785948454234250277,1
1785948454341246073,1
1785948454435151816,1
1785948454536037094,1
1785948454635385686,1
1785948454739559223,1
1785948454836295193,1
1785948454934809905,1
1785948455035061021,1
1785948455135360457,1
1785948455236044322,1
1785948455335168300,1
1785948455435826659,1
1785948455534718950,1
1785948455636186518,1
1785948455740830308,1
1785948455835014811,1
1785948455936249892,1
1785948456035803034,1
1785948456142554855,1
1785948456236656956,1
1785948456335191284,1
1785948456438278612,1
1785948456538338682,1
1785948456634992890,1
1785948456737532266,1
1785948456839353764,1
1785948456936343438,1
1785948457034528732,1
1785948457135709347,1
1785948457235946350,1
1785948457343092615,1
1785948457438564964,1
1785948457551587212,1
1785948457635255433,1
1785948457735228076,1
1785948457858627594,1
1785948457935587551,1
1785948458039403157,1
1785948458158124871,1
1785948458238962032,1
1785948458335667057,1
1785948458437552077,1
1785948458539544909,1
1785948458636625370,1
1785948458742718099,1
1785948458843593809,1
1785948458938854440,1
1785948459037611047,1
1785948459136734737,1
1785948459235153606,1
1785948459340005530,1
1785948459435486295,1
1785948459534994573,1
1785948459638751905,1
1785948459737561473,1
1785948459834443496,1
1785948459937686637,1
1785948460035540113,1
1785948460145428987,1
1785948460234963528,1
1785948460337612122,1
1785948460438461048,1
1785948460534266591,1
1785948460635869778,1
1785948460735627823,1
1785948460838489864,1
1785948460936329836,1
1785948461035414709,1
1785948461135023245,1
1785948461235030545,1
1785948461336360701,1
1785948461437042261,1
1785948461537890034,1
1785948461646745982,1
1785948461749873377,1
1785948461834988881,1
1785948461938110820,1
1785948462038477338,1
1785948462135744519,1
1785948462236246017,1
1785948462334803066,1
1785948462434345747,1
1785948462537253152,1
1785948462636140035,1
1785948462734781599,1
1785948462836721802,1
1785948462936611536,1
1785948463038531770,1
1785948463135836008,1
1785948463234825039,1
1785948463338558520,1
1785948463436747684,1
1785948463538841172,1
1785948463637595603,0
1785948463731626290,0
1785948463833839494,0
1785948463936403655,0
1785948464031208544,0
1785948464131971203,0
1785948464234628583,0
1785948464348153085,0
1785948464433681178,0
1785948464531398358,0
1785948464631498434,0
1785948464731161888,0
1785948464831221580,0
1785948464937731859,0
1785948465034104321,0
1785948465132685818,0
1785948465234159510,0
1785948465332826962,0
1785948465431515343,0
1785948465531969191,0
1785948465631691975,0
1785948465734706455,0
1785948465837008335,0
