collided,completed,controller,difficulty,episode_length,hitch_angle_variance,jackknifed,max_abs_cte_tractor,max_abs_cte_trailer,max_abs_hitch_angle,max_inference_ms,mean_abs_cte_tractor,mean_abs_cte_trailer,mean_abs_heading_err_tractor,mean_abs_heading_err_trailer,mean_abs_hitch_angle,mean_inference_ms,mean_min_lidar,min_clearance_m,p95_inference_ms,rms_cte_tractor,rms_cte_trailer,scenario_file,scenario_idx,seed,speed_variance,steering_rate_rms,steering_rate_variance,task,total_reward,truncated
True,False,td3,straight,220,0.0003888141262065426,False,0.501276522366442,0.4057373429463839,0.05825893529350996,1.6924359952099621,0.26205479280262894,0.2614545340016819,0.00697008829726526,0.01137221837613832,0.014869064244438403,0.25344816491600464,0.31580681502819063,nan,0.4196419540676281,0.33883087122625066,0.2894522378406226,path_000_straight.npz,0,0,5.557348161157588e-07,0.40750052707940315,0.16605665998713232,forward,617.5242724189608,False
True,False,fpp,straight,221,0.0015546842558908658,False,0.519414506542058,0.5817677728564887,0.08582325471983429,0.0632390147075057,0.28756957602814154,0.27765665932162964,0.010118666414127701,0.016590266301002063,0.03465109030517836,0.02230347486579479,0.3127488685409408,nan,0.030809984309598804,0.3103228501810179,0.3032330309230158,path_000_straight.npz,0,0,3.964217595000113e-06,0.3605430947527096,0.1299848065657481,forward,623.6975461635984,False
True,False,pid,straight,49,0.006117151271270838,False,3.3518645802204694,0.5993463973108696,0.1823517386898669,0.04851899575442076,1.0801926576109462,0.3920298102793432,0.18226552879030702,0.03525270095109913,0.07519711516464092,0.029145044450439056,0.2509693886552538,nan,0.03552541020326315,1.430288312836635,0.4241673925833624,path_000_straight.npz,0,0,0.0013993828499660186,0.43252091833413653,0.18706263292282466,forward,15.718208619632755,False
True,False,mpc,straight,61,0.01802692134545923,False,3.636749878313581,0.7618433616948123,0.3417043605425629,1.6531750152353197,1.0990852219567024,0.4303151036303049,0.17075376488438607,0.10198818840741641,0.14238272706045296,1.2268719151730603,0.24450819572952928,nan,1.42204700387083,1.3872993301857184,0.4580262042525017,path_000_straight.npz,0,0,0.003759495481189094,0.26179939019875803,0.06807843445834877,forward,28.642412760118837,False
True,False,td3,straight,223,0.016365023242015768,False,0.6213075723260651,0.8136101312644864,0.24369305472595215,0.6168449763208628,0.32159370699675266,0.5240947980071426,0.020440682246556326,0.081550230084587,0.11440869296132779,0.2439841072100127,0.31079596575065577,nan,0.32715200213715434,0.3472096563428308,0.5520190449711553,path_001_straight.npz,1,1,0.00016724543035319102,0.3905843784454546,0.1525472382412496,forward,611.8992209490733,False
True,False,fpp,straight,222,0.010739841565564347,False,0.7976397821184357,0.645891847348752,0.19073356520282733,0.04591900506056845,0.4575276436360593,0.34192084648418036,0.02415376346407741,0.03569715312257439,0.09084643317408672,0.022076571628719836,0.30018018159243437,nan,0.02789300779113546,0.4960543690371241,0.3728886867857444,path_001_straight.npz,1,1,6.94187017634626e-05,0.3078826243773054,0.09478737922423718,forward,590.4534886803493,False
True,False,pid,straight,53,0.0051372917025576574,False,3.484206093091919,0.4920933953756243,0.22017009250449576,0.037829013308510184,1.1765106070092084,0.30930918317111356,0.1616572556496607,0.07049320370647022,0.08394411235612559,0.02824324391835,0.2436792459690346,nan,0.03294560010544956,1.482084310368641,0.32664167721898146,path_001_straight.npz,1,1,0.0002551957768510587,0.42083928612657145,0.17549766655402732,forward,11.776276960079272,False
True,False,mpc,straight,75,0.014983066550332085,False,3.6340244203706193,0.767035073482102,0.26263148732190345,1.4847870043013245,1.1422302161652906,0.4485626756806061,0.1448768502033725,0.05794023122595723,0.10917316400974625,1.166091823251918,0.24803333342075348,nan,1.3532890036003664,1.4215141349614733,0.4783111113314444,path_001_straight.npz,1,1,0.0018304744583004045,0.26179939111074124,0.0685267364718405,forward,28.641178807329922,False
True,False,td3,straight,220,0.00237383150081886,False,0.5054526651627251,0.6305689395618429,0.09964606900538645,0.5901250115130097,0.2724186804999031,0.33551025861665,0.01188612591462142,0.03369161121137319,0.04102962540757515,0.22765738143458625,0.3151931792497635,nan,0.2911330651841125,0.3311158963684033,0.36326286993372847,path_002_straight.npz,2,2,5.040901936588763e-05,0.40046547232331947,0.16036531188694764,forward,617.5665583993812,False
True,False,fpp,straight,221,0.004279523143440685,False,0.608571388046363,0.6421777790508199,0.11331036325733006,0.04544900730252266,0.3345400272157576,0.30047235707958597,0.012011982851973796,0.023627561640170745,0.057231761657747356,0.02206266094926256,0.30833710561510663,nan,0.02815999323502183,0.35380971619611495,0.3260124227591705,path_002_straight.npz,2,2,6.150417622685373e-06,0.3364084733866579,0.11316901464119987,forward,616.7543855778135,False
True,False,pid,straight,69,0.003706330792550365,False,3.6789893400422398,0.6266952570318413,0.14211002678233742,0.07950901635922492,1.1429199512293278,0.3226053002240576,0.14185012849343243,0.06616736880264415,0.06868969249878325,0.03022835100663529,0.24594202961610712,nan,0.03474960685707628,1.5302506133437381,0.3477773526195136,path_002_straight.npz,2,2,0.00042323225913573094,0.41647167984631495,0.1727344109187317,forward,7.469040710621343,False
True,False,mpc,straight,57,0.01782866813688812,False,3.2358700740188406,0.6676752458074086,0.34155547208219555,1.4883269905112684,1.0123377280535422,0.4158166850021595,0.16583346590706632,0.09041536244697304,0.1336127334861918,1.2091492652982931,0.25508771980540795,nan,1.3736098073422904,1.234872550317938,0.44082036341169734,path_002_straight.npz,2,2,0.0037609604396520607,0.2617989773469362,0.06834885690499751,forward,46.8196197139129,False
True,False,td3,straight,221,0.009451369827063856,False,0.5333893429112013,0.7080108962058087,0.17558331363700305,3.8853560108691454,0.3022374614945722,0.4246728509669757,0.016672121375511717,0.06166569063952271,0.08578428440752801,0.3289140587592523,0.3125226244128128,nan,0.5326760001480579,0.3335986960087378,0.4482059774024133,path_003_straight.npz,3,3,5.8497959296970526e-05,0.3926953263955999,0.1541924754431668,forward,615.4429164366504,False
True,False,fpp,straight,220,0.0017200113857675052,False,0.5043430746880498,0.4698144312890069,0.10896557007679188,0.049628986744210124,0.2796813206579144,0.28305059581027137,0.012937209167059855,0.017893514494158345,0.03530022575477345,0.020918636371127584,0.31313636302948,nan,0.02373149327468127,0.3366715102293138,0.31728120142522187,path_003_straight.npz,3,3,1.383188602674167e-05,0.38730050251232107,0.14999702989059394,forward,617.5807824351502,False
True,False,pid,straight,49,0.005303551281982307,False,3.3440273874917525,0.49124734721476687,0.2315866137962903,0.08577900007367134,1.2013177194244473,0.31536632607219317,0.17035149192980853,0.08000925720489718,0.09255198265565544,0.030500669987416084,0.24132653188948727,nan,0.03888159990310668,1.4832064088218748,0.32882833158523544,path_003_straight.npz,3,3,0.0003472793424205006,0.4283601272671196,0.18188337804530538,forward,9.445003030000496,False
True,False,mpc,straight,71,0.0037017407278211035,False,3.805517303958015,0.8068248293599248,0.1605658375184969,1.54856700100936,1.1909306486423323,0.3814517479419941,0.138487176159739,0.06442522570001988,0.055935864248909936,1.1256669019184955,0.24383802900851612,nan,1.3202690024627373,1.5957860733222362,0.41191656967632334,path_003_straight.npz,3,3,0.00043014565556361473,0.26179938836836636,0.0674376197408559,forward,-6.297681785281746,False
True,False,td3,straight,222,0.008394508212036706,False,0.525222940963348,0.755657253147986,0.17697354087673126,0.6020840082783252,0.2887063461157412,0.3843247047177265,0.015721759006874707,0.05327826596144568,0.07801571007321283,0.22471640093843578,0.31249999986575533,nan,0.2740104464464821,0.30953568072548565,0.40890121686192427,path_004_straight.npz,4,4,7.23228763660319e-05,0.3916528306848788,0.15337707686116225,forward,622.3765836520685,False
True,False,fpp,straight,222,0.005444970324087826,False,0.7474000324848313,0.6555597930804534,0.1753839280462869,0.07422000635415316,0.3610712057233092,0.32938396870967745,0.017473131708880804,0.026806697743480924,0.05825560873230909,0.022678589474552455,0.30600225106552914,nan,0.031306549499277025,0.41958467332061117,0.36203350712979787,path_004_straight.npz,4,4,4.5368605954664704e-05,0.34385180779569335,0.11820997095564646,forward,606.653254178396,False
True,False,pid,straight,61,0.00381427358778992,False,3.4692316778044647,0.5601734812601588,0.13990398450825905,0.056760007282719016,1.1359362601410643,0.35238175538194355,0.1498845922533092,0.053572161434079245,0.06163896556268998,0.028994835657449286,0.2486065583395176,nan,0.033038988476619124,1.513542768148379,0.3693168745740854,path_004_straight.npz,4,4,0.000810936296942379,0.43153237875932193,0.1850005424533377,forward,7.684852178919897,False
True,False,mpc,straight,62,0.004293930287714137,False,3.7018662478172795,0.6237756311833934,0.12108390647765974,1.4500579854939133,1.1220373992003414,0.3418874869283356,0.1450538329926515,0.04854957849767416,0.057639062733253,1.106787273930686,0.2466935482957671,nan,1.1311250433209352,1.498482079382944,0.36638421434740853,path_004_straight.npz,4,4,0.00033823435012724136,0.26179966379500175,0.06825377275301912,forward,12.93493962912368,False
True,False,td3,straight,221,0.003161178557331029,False,0.5123383288740656,0.5577956750455833,0.09224874718887523,0.6211340078152716,0.26560749575937836,0.2846299531355207,0.008851528768854741,0.02670518809350543,0.05024596665613353,0.2225493983001073,0.3149434365837822,nan,0.2686179941520095,0.31077908606429744,0.3189194224701251,path_005_straight.npz,5,5,3.0378329865245568e-05,0.40814424934019444,0.1665788940024904,forward,623.998154513799,False
True,False,fpp,straight,222,0.008851908426409727,False,0.7218437041450828,0.6476495883074371,0.16957603404219726,0.03369999467395246,0.43302176072986875,0.3347166081066135,0.02089547222219851,0.03244005541880971,0.08229741884594823,0.02070581503757821,0.300574323749757,nan,0.023726494691800323,0.4637703230957176,0.3557271301986414,path_005_straight.npz,5,5,5.2119317813131945e-05,0.2442712375001942,0.05965970473838076,forward,597.6156947897111,False
True,False,pid,straight,85,0.009350888962371502,False,3.715821553432235,0.6832448839881846,0.2291876418017796,0.0403989979531616,1.100272978668712,0.31719874743481,0.12148422915916393,0.07786478308959076,0.08950598955096069,0.02851877875133034,0.24985294149202458,nan,0.03330580075271427,1.445806935604271,0.35166903794602156,path_005_straight.npz,5,5,0.00038878690625828707,0.4254074261459207,0.1800259628279374,forward,30.851870829718685,False
True,False,mpc,straight,66,0.0065040346150959895,False,3.5852239808996003,0.4576281362201973,0.2538474170325843,1.533736998680979,1.0410816044793,0.28443200571064886,0.13912117049740852,0.0518793298641522,0.05398739065199799,1.1175014250594275,0.2519696962201234,nan,1.269238993700128,1.393083698053278,0.3207995155232337,path_005_straight.npz,5,5,0.0011593744583115444,0.2617993883111279,0.06753192064566207,forward,33.08060856829901,False
True,False,td3,straight,225,0.019952066319722624,False,0.5871427864259098,0.9686606376311376,0.2413704158101005,0.6802440038882196,0.3234204311427617,0.5312745741710008,0.021905141844804812,0.08414685464895078,0.12656614580799283,0.22730314754880965,0.31070000131924946,nan,0.27592802071012557,0.347868328041674,0.5697697746148274,path_006_straight.npz,6,6,0.00014598855593297088,0.38531679337411423,0.1484589449650495,forward,614.6106955799984,False
True,False,fpp,straight,224,0.00936531973016601,False,0.9235655476253868,0.5885080079282006,0.20177164411775617,0.04204001743346453,0.4277337598837193,0.34600984915628724,0.020213445001230283,0.031692969787624904,0.07971167802916475,0.020939650832068373,0.30175223347863983,nan,0.02405249106232077,0.4771678395209371,0.3713354709914523,path_006_straight.npz,6,6,6.98396194708376e-05,0.32698883564975784,0.10690659338241151,forward,599.0313217607234,False
True,False,pid,straight,51,0.0034208945837271155,False,3.624851732105971,0.5613379317834734,0.21169002682506058,0.06459999713115394,1.2415593915700844,0.2987674369348013,0.17243477573273264,0.07099639599778908,0.07283187197901449,0.03309188383247923,0.2341666677418877,nan,0.056303993915207684,1.5791322058293344,0.32648334928853406,path_006_straight.npz,6,6,0.00019355481280322677,0.4141617388226937,0.16960029715542102,forward,-2.7497169411448734,False
True,False,mpc,straight,60,0.006152679811375951,False,3.565434233677686,0.5265859192409258,0.27712461802497934,1.652816979913041,1.0501700911860377,0.2675876826629791,0.15002312053794936,0.06588776628311134,0.07580916806802507,1.2144900509156287,0.2484166673074166,nan,1.497430956806056,1.3783363009275196,0.31491681456715204,path_006_straight.npz,6,6,0.0006503345360426624,0.2617993866403913,0.06663506138275874,forward,32.16097312362917,False
True,False,td3,straight,221,0.003932377212282771,False,0.5075791183230619,0.6991508396286902,0.16134843040388114,0.6073650147300214,0.2613266963679617,0.29600319792966184,0.009438185030871488,0.029129374746821812,0.0521335873965398,0.2274247873005588,0.31532805160159977,nan,0.3255869960412383,0.2937642364549917,0.31501243251198224,path_007_straight.npz,7,7,3.79584897729439e-05,0.393263900274367,0.15462080256463395,forward,626.0980618958398,False
True,False,fpp,straight,223,0.006282379567575058,False,0.7593123198731437,0.6319541493577985,0.18611089038236342,0.05679900641553104,0.3867326953498735,0.3327070016645542,0.013446418305325896,0.0261941278805662,0.06836321438819487,0.021171874461712255,0.3039798222047866,nan,0.025310984347015605,0.42396167686642383,0.3601440427530557,path_007_straight.npz,7,7,3.2033307947846425e-05,0.3432720676405302,0.11781578367484663,forward,608.2133874334738,False
True,False,pid,straight,66,0.014597138624987913,False,3.3600412135523294,0.6931223202171618,0.37897839393182414,0.07443898357450962,1.066487204169212,0.41081043829152797,0.1586832754475241,0.10766193391077888,0.15747925924245146,0.029732001800739177,0.252803031242255,nan,0.03932250547222793,1.3025524226068703,0.43938303057224376,path_007_straight.npz,7,7,0.0014214334407978565,0.41297617102075435,0.16884901763937027,forward,44.622773511142626,False
True,False,mpc,straight,80,0.008354476599363822,False,3.4600002587158505,0.7149539423569273,0.2501929234575695,1.5600759943481535,0.8692017749848538,0.3565339335260774,0.12185764652189954,0.0678832604054265,0.09809947814431301,1.1065364989917725,0.2688125013373792,nan,1.1377134986105375,1.1936503128059668,0.38852572420040155,path_007_straight.npz,7,7,0.0010057331014265913,0.26179992486409503,0.06785384006006527,forward,80.13579334932929,False
True,False,td3,straight,221,0.0038015425177446442,False,0.5604968096042217,0.5544671471512616,0.18774641001181697,0.6375939992722124,0.286202244912695,0.3046605721540715,0.013017893514139098,0.030603321160557938,0.04593656508349418,0.23197453801954224,0.31419683096095985,nan,0.32169700716622174,0.33584514669815935,0.3576970105051784,path_008_straight.npz,8,8,0.00010903207494705279,0.40276011241369114,0.16219939085630855,forward,619.2381430803453,False
True,False,fpp,straight,221,0.00492303306729703,False,0.7797715744882855,0.6853788550924688,0.17210307767711353,0.04740999429486692,0.3451312412817896,0.31975788543730144,0.015856863037554327,0.02543246976290264,0.054100805424146026,0.021730845939469147,0.30849547299864066,nan,0.030480005079880357,0.39212153277320033,0.3627987569137327,path_008_straight.npz,8,8,2.819145902411917e-05,0.38023011711025073,0.14457452091360434,forward,609.136682640092,False
True,False,pid,straight,72,0.004715374288591044,False,3.657758112674571,0.6387572910856507,0.1491472133105444,0.05584000609815121,1.165186836910362,0.32495280810872323,0.13749608363256643,0.07070406252577947,0.07258475109804136,0.030771653352227684,0.24437500008692345,nan,0.0442770091467537,1.546034381816901,0.3535582203587246,path_008_straight.npz,8,8,0.0005089561195140483,0.4138512089465671,0.1701718765744836,forward,4.112117446361514,False
True,False,mpc,straight,89,0.018181232390161978,False,3.5395399435658397,0.5769674533833802,0.35170438720149677,1.9938529876526445,1.0531762467099606,0.346488704083181,0.11841544010578435,0.07386647399297,0.100328562550427,1.2221799439389593,0.2526404495989339,nan,1.3895419950131327,1.3299167487656203,0.36739719386489444,path_008_straight.npz,8,8,0.002812327851903424,0.2617993890569482,0.06783804284102092,forward,58.38992083282554,False
True,False,td3,straight,219,0.00195857287156366,False,0.5012342304075692,0.7090245239576095,0.11943240184730074,0.5981949798297137,0.2640366996791012,0.30926595722994066,0.008797283881973598,0.02528602133298897,0.031710019810658414,0.22816177700501633,0.3159246542682386,nan,0.32257498241961,0.32265731541057296,0.3385894571927908,path_009_straight.npz,9,9,4.652072032761777e-05,0.4016596320289063,0.16132946195021022,forward,617.7484772750345,False
True,False,fpp,straight,220,0.0004463269168937673,False,0.5002221876481376,0.6963842261078637,0.060046821108316356,0.07896000170148909,0.26344426171624685,0.27069952978350925,0.010796663310793457,0.013566834767833075,0.025233576638750862,0.021827650198247284,0.3148295432329178,nan,0.026292962138541043,0.2720828264811515,0.2854762052567684,path_009_straight.npz,9,9,3.2090650670262537e-06,0.2526606689713573,0.06383684016491845,forward,627.02834398566,False
True,False,pid,straight,56,0.0013483407372099061,False,3.679540381095831,0.4707740679415401,0.10378255531518188,0.042028987081721425,1.0869760687265344,0.2702209993412586,0.15609597657988147,0.04428859771302367,0.02763189469254702,0.030881287654795284,0.2477232145943812,nan,0.03803725849138573,1.4923113178990004,0.2975314052516761,path_009_straight.npz,9,9,2.3683572624114866e-05,0.4277457938673107,0.1825925573186225,forward,12.80499208708231,False
True,False,mpc,straight,139,0.004115322568991495,False,3.4345565227705546,0.4301017261146043,0.21735069695321751,1.6357970016542822,0.5776148402032347,0.27602102493785824,0.07187754510593604,0.02689357424369665,0.04135870673773344,1.214236416351452,0.2899999997491459,nan,1.5475219959625972,0.8856148459343187,0.30411444868062754,path_009_straight.npz,9,9,0.00037506913061992423,0.2608626276400979,0.06799014331198158,forward,231.67627543384054,False
True,False,td3,mild,222,0.009317601600653867,False,0.5388977307773607,0.7340265262571359,0.17163426008450797,0.6100350001361221,0.30021212947622994,0.45417962087070557,0.015913209758358676,0.06643389314418108,0.09031340324320447,0.23193155081841993,0.3121846849853928,nan,0.32296847348334234,0.32055546097741405,0.4762018579368325,path_010_mild.npz,10,10,4.778033094510529e-05,0.38850033129948375,0.15091250035469306,forward,617.2490787497325,False
True,False,fpp,mild,221,0.0038991705492857783,False,0.6163041390838069,0.7017209677482495,0.14093839368727135,0.049089983804151416,0.33362737882126264,0.318494528904831,0.01538557931245227,0.027888292164259743,0.05081158958028915,0.021689351383655655,0.3082692302190341,nan,0.02955997479148209,0.3837741303520514,0.35683359244366375,path_010_mild.npz,10,10,1.9338122975854733e-05,0.3723420680941033,0.13862947964295264,forward,610.6619733262874,False
True,False,pid,mild,81,0.008890739163903108,False,3.4578483264477904,0.6434480463729819,0.2619741420468527,0.06290999590419233,0.7700216584916622,0.3756324717057935,0.14884780848857532,0.08446717487529547,0.15089480891805887,0.03049897430982027,0.2710493836137984,nan,0.04478998016566038,1.092105474162791,0.411796708855924,path_010_mild.npz,10,10,0.0016703708636720707,0.4193839843741211,0.17549238615360502,forward,97.67496394079011,False
True,False,mpc,mild,56,0.01761968244901857,False,3.4045933322853053,0.6862940703137105,0.3418766843229718,1.760024984832853,1.078785833723836,0.41113544675519875,0.16945414528661543,0.08944734695933769,0.1309010380072581,1.1871386086568236,0.2512946416224752,nan,1.48790701496182,1.313113880075959,0.43703065194041496,path_010_mild.npz,10,10,0.003809063144764012,0.26179939135909464,0.06845149966782064,forward,35.93977916949085,False
True,False,td3,mild,222,0.009877654587824001,False,0.5679251702586234,0.7700561700770338,0.21636289275186898,0.597994978306815,0.29302825076455497,0.3915704293021969,0.014255670412663464,0.05181166126212436,0.08226570473454824,0.22869231166246742,0.31345720629434326,nan,0.28150303842267016,0.32121502773906846,0.41798636389209565,path_011_mild.npz,11,11,4.638247200857034e-05,0.40317851435003765,0.16255281560897425,forward,621.4276340853971,False
True,False,fpp,mild,224,0.012455665404788013,False,0.9552931667565956,0.6260200127043031,0.2120525483230456,0.05031900946050882,0.46766902272298694,0.3594067352905742,0.019982333580658786,0.034379144511462796,0.09447999919002684,0.020776338975078294,0.29850446512656553,nan,0.024454001686535776,0.5126295848015121,0.3874257486299314,path_011_mild.npz,11,11,8.63105907192949e-05,0.32850464047847194,0.10791263694312418,forward,590.3635785014823,False
True,False,pid,mild,62,0.0018185258307060047,False,3.6189511476863405,0.5480315819119579,0.15047178675296963,0.051638984587043524,1.09383581735649,0.2790155829642216,0.13872351903364058,0.0483574920892517,0.028719786809554,0.029595660312371628,0.24754032252296324,nan,0.03762198466574773,1.4879479647566534,0.3153158376993815,path_011_mild.npz,11,11,0.00013390051509417432,0.4109767191955226,0.16803941143760504,forward,14.913209425324915,False
True,False,mpc,mild,111,0.01676031774163972,False,3.458868467407783,0.6011425006258586,0.32336829487546404,1.7243759939447045,0.8313252776304231,0.32792383863976027,0.1015684112798241,0.06349172109916139,0.09601861783360144,1.107025910420595,0.2711261255112854,nan,1.139040497946553,1.0723788891159205,0.34949393154810443,path_011_mild.npz,11,11,0.001652458420290679,0.2617993902515745,0.06826634508326673,forward,142.04645779054232,False
True,False,td3,mild,221,0.004354483884746866,False,0.554658744212892,0.5640081827680479,0.18611545014479924,0.6037940038368106,0.27966867401297163,0.323532518045801,0.014861140605628998,0.031800573517494365,0.048821401024030424,0.2222737189165287,0.31435520185064947,nan,0.27215800946578383,0.3308159218933256,0.37058378306589085,path_012_mild.npz,12,12,0.00010880633103555497,0.39997172043903173,0.15996194139191403,forward,619.3164547155911,False
True,False,fpp,mild,221,0.0026581529021136316,False,0.545567977507628,0.5063848105581218,0.0876658845448333,0.03722999827004969,0.30843418895320146,0.28802728214929946,0.010538168483142955,0.01767326000589473,0.04512657249436087,0.02127506243954181,0.3102262465123138,nan,0.02636999124661088,0.3428645476046764,0.3251613725947114,path_012_mild.npz,12,12,7.654194460286196e-06,0.3873903360018551,0.15006890445209434,forward,618.545370975216,False
True,False,pid,mild,98,0.02626114780404277,False,3.407911090278286,0.7698141770777229,0.42313078376980207,0.06993001443333924,1.1992548043934996,0.3989468323485818,0.11789580835625244,0.09916768771333279,0.13400420930804308,0.029479173351820483,0.24770408176950046,nan,0.036051511415280395,1.4574528760091154,0.4283089692788326,path_012_mild.npz,12,12,0.0030127239310355227,0.40949499298337194,0.16625533341963944,forward,27.215598446404208,False
True,False,mpc,mild,55,0.0015447663767260518,False,3.5620404522384224,0.5485105552738527,0.11564863442058246,1.4974070072639734,1.1036724912258922,0.3067026780176812,0.15387907761580677,0.03968125308286322,0.031087410452062352,1.1592335464559833,0.24631818167187952,nan,1.3652670138981193,1.490335176108121,0.3531437680714598,path_012_mild.npz,12,12,0.00020949584063600406,0.26173536967937217,0.06667566364761031,forward,12.424613405344907,False
True,False,td3,mild,220,0.0012736065169082489,False,0.5042454044638582,0.5638716479521275,0.09478773438247623,0.599484978010878,0.26323155706084866,0.31703102959946516,0.010008815602703136,0.026147431399483886,0.03198702484362422,0.21957850509683008,0.3154318153858185,nan,0.26909105363301933,0.30086376832769196,0.35448579568986627,path_013_mild.npz,13,13,5.843451215632691e-05,0.4037513545003483,0.1630017473126736,forward,622.0782147903731,False
True,False,fpp,mild,223,0.012362039302650993,False,0.9674530591628602,0.6554413998585933,0.2145538963867114,0.055419979616999626,0.48494490480747965,0.3542819251774948,0.02499544788753164,0.03541020398128789,0.09517097998588232,0.02154346055355374,0.29701793728387943,nan,0.027501999284140752,0.5287025693197485,0.3782277349828654,path_013_mild.npz,13,13,8.70802143398215e-05,0.2513116524262367,0.06315181759634637,forward,584.4930918079529,False
True,False,pid,mild,54,0.007229517036260848,False,3.6879636316016775,0.5376337247337172,0.2635068661365936,0.03837898839265108,1.2199603054281665,0.3160509911958095,0.17132142889163066,0.08504959295765398,0.1030332981443847,0.028908740474704514,0.2356018531653616,nan,0.036236332380212836,1.5324189630921152,0.3323106534837573,path_013_mild.npz,13,13,0.0003200772565112577,0.4284432447444081,0.1821894951230588,forward,4.742410626629978,False
True,False,mpc,mild,95,0.008358296002249977,False,3.370773684175999,0.6459011216770064,0.2080665098019559,1.5183780051302165,0.8750095481936696,0.3492855050731773,0.10327346169909696,0.055168539629146286,0.07478221389397555,1.0990921061755599,0.2682368442416191,nan,1.1250199982896447,1.1823704302858518,0.3695712183013803,path_013_mild.npz,13,13,0.000582866772575123,0.26179938912391837,0.06792377882741771,forward,98.10334077736348,False
True,False,td3,mild,223,0.010532995071244045,False,0.5577100022767947,0.7765700750619118,0.18497034295324696,0.6004649912938476,0.2965485736292639,0.3915097937626593,0.01642279429414625,0.05533228961450141,0.08855067860442038,0.22329195079418743,0.31218609855314006,nan,0.2828580909408627,0.32038928298206554,0.41719542375245305,path_014_mild.npz,14,14,8.369261975643261e-05,0.38970947971166714,0.15185721309080888,forward,623.1585099247428,False
True,False,fpp,mild,220,0.0023077830868432282,False,0.5048098717959596,0.4632418525331888,0.08925560709658958,0.0585000088904053,0.2893042495383239,0.28296556806030115,0.009789673708080591,0.020116064693104615,0.04288204362439034,0.022560460307762365,0.3114886373281479,nan,0.033161952160298803,0.3217259915886746,0.30132139280980474,path_014_mild.npz,14,14,6.422498707708311e-06,0.3038686934807653,0.09233617811661647,forward,620.2481987301367,False
True,False,pid,mild,70,0.004572108619585128,False,3.7649690416646826,0.6555368860887624,0.15657979507346262,0.05373000749386847,1.1959292842184406,0.3313698379812727,0.14259033000917457,0.06939767461929562,0.07433392093924722,0.03200004284735769,0.24300000028950827,nan,0.04233598301652818,1.5893362971568912,0.36098483919022195,path_014_mild.npz,14,14,0.0005298275988041406,0.41238344553919254,0.16895990139026068,forward,-4.972326030652081,False
True,False,mpc,mild,53,0.016341661884969695,False,3.570002558724795,0.6775138259280584,0.34158335460044215,1.4670879754703492,1.2507384291557462,0.40335174155847103,0.17796868083158815,0.09005639503180864,0.12076188722258169,1.1735635278043601,0.23382075496439664,nan,1.4245216036215425,1.5018650785048737,0.43073664511508675,path_014_mild.npz,14,14,0.003816628509671755,0.2617993900236134,0.06792892788955128,forward,6.667357580382191,False
True,False,td3,mild,219,0.0010660750354254515,False,0.5011827252603671,0.6718643775056854,0.07603674813299892,0.601584994001314,0.2594034244944437,0.30545927626979374,0.008109186514399437,0.023447165211644524,0.026239760787096267,0.2208478677301289,0.31603880941051327,nan,0.26647209597285837,0.31672803513070175,0.3596979436571025,path_015_mild.npz,15,15,5.4225925790649014e-05,0.4049080487027852,0.16394964734482856,forward,617.6549759331494,False
True,False,fpp,mild,221,0.002191040735979714,False,0.5193423030820881,0.5301177674382095,0.0823073537801119,0.060008984291926026,0.3015516595357016,0.2879500172841247,0.010045927867238864,0.017571578446638626,0.04119115169683601,0.020937085977641705,0.31138009143091433,nan,0.025908986572176218,0.3403733730793763,0.311803959867421,path_015_mild.npz,15,15,3.7112960816977345e-06,0.35873698167692714,0.12868764629656015,forward,619.2263802464252,False
True,False,pid,mild,69,0.02179451752823255,False,3.4900347967103635,0.7487702704472423,0.4455093978460936,0.03993001882918179,1.0082800097733837,0.3985342485784697,0.1718476065730336,0.11467589834466457,0.18226169787779892,0.02848214395614206,0.25210144802712015,nan,0.03225799882784486,1.2432156098248752,0.4349715224676593,path_015_mild.npz,15,15,0.0028522943694979847,0.4209724593796651,0.1765210018023426,forward,56.579405588929774,False
True,False,mpc,mild,56,0.01779645810728146,False,3.4387166016290758,0.709198646109228,0.34232003396497024,1.4529070176649839,1.103421516181442,0.4154662660454047,0.16932533874387254,0.09050091744657592,0.13142313735318448,1.2134039830665901,0.2494196402175086,nan,1.3992354870424606,1.339621279803671,0.44518916419229004,path_015_mild.npz,15,15,0.003855288020959427,0.261799390294726,0.06818923331014812,forward,32.48708707076116,False
True,False,td3,mild,219,0.0028077501020301126,False,0.5068584242093109,0.632274078936196,0.10753708102583671,0.5971649952698499,0.2727420728035058,0.3599433221940677,0.011927421181852046,0.03467294719767682,0.04173561232197432,0.2237663971904461,0.3148287649024023,nan,0.27685798704624176,0.3275227964022324,0.4050710483948482,path_016_mild.npz,16,16,0.00010550033658547115,0.4077661798629598,0.1662730917235854,forward,614.8865971884329,False
True,False,fpp,mild,222,0.008494270585683649,False,0.7658141194438888,0.7119382667901522,0.1831333241531936,0.03906001802533865,0.41060309306884485,0.347193038237009,0.01850975582713792,0.032913352743963856,0.08000708820297073,0.020837275073276245,0.3019932448058515,nan,0.02547001204220578,0.43808919419302417,0.37240915446194206,path_016_mild.npz,16,16,4.235836545516591e-05,0.3315970674825644,0.10991995701819651,forward,602.6820175891278,False
True,False,pid,mild,80,0.0050121795109995815,False,3.424026958517218,0.6685418249250739,0.27117489386950683,0.04060001811012626,0.9035294191091916,0.2933428741636058,0.1105540797060864,0.06106375460270108,0.0738607270390678,0.028111026040278375,0.26593750091269613,nan,0.032337551238015294,1.2269369587378385,0.33588603042522824,path_016_mild.npz,16,16,0.00030300889920551437,0.41072435401549084,0.1679929156415387,forward,74.35903206049937,False
True,False,mpc,mild,62,0.00370147183766888,False,3.3721852597951076,0.46766652831517896,0.19881173388610088,1.7394460155628622,0.9625550213247515,0.2622551237977894,0.1340214034065611,0.04300923571274082,0.04024612504600456,1.0774672907334002,0.26012096818416347,nan,1.0839080612640828,1.29436094702552,0.3094230239551058,path_016_mild.npz,16,16,0.0004669340021539416,0.2617993897968734,0.06789703723281384,forward,46.472433120397085,False
True,False,td3,mild,221,0.0054888918831112,False,0.5224547609767308,0.6409487712245371,0.1475169798696258,0.5996849795337766,0.2751245087039939,0.3683692308431559,0.014203608550547305,0.04748582910050067,0.06065389649919598,0.2149395435011832,0.3144343872954943,nan,0.26083801640197635,0.31178759628418357,0.3880962899597537,path_017_mild.npz,17,17,2.7851047851544946e-05,0.4024392189962772,0.16193557695116576,forward,620.5167651273593,False
True,False,fpp,mild,221,0.005110187996952752,False,0.6381050569160949,0.6057945453840533,0.13489801170093618,0.03453998942859471,0.3613957152840531,0.3146949492963916,0.0165962196591231,0.027657782192204133,0.06321354254124419,0.01868408603163866,0.306233033874995,nan,0.021279993234202266,0.39197523294408876,0.33662306145027476,path_017_mild.npz,17,17,2.3953355966491505e-05,0.3260887729935826,0.10633004416831238,forward,609.8889556365937,False
True,False,pid,mild,88,0.006090111396880543,False,3.420651058293892,0.6305607812892197,0.2649215203020088,0.04456000169739127,0.7241245451447947,0.3114657253984268,0.12245752941837534,0.07707728895129505,0.13350534025605862,0.028498908002141186,0.27397727263583377,nan,0.03641649964265525,1.0603978016535343,0.3350756919611223,path_017_mild.npz,17,17,0.00035119004835513064,0.4184029514829784,0.17448903645721164,forward,114.40987341116589,False
True,False,mpc,mild,54,0.02373051896489946,False,3.412368901537269,0.8815642601774795,0.5365392762910828,1.5839969855733216,1.431367883083094,0.5140627561285724,0.18532942577220826,0.1150875203044463,0.13865036523384006,1.2017371859487698,0.22319444517294565,nan,1.42003499349812,1.6633014311949526,0.5575995702738146,path_017_mild.npz,17,17,0.019886443188382442,0.2593639761010986,0.06047689601559398,forward,-24.77681631480032,False
True,False,td3,mild,221,0.00779321074665594,False,0.5435922518299224,0.7338531074598208,0.1837176838521502,0.9466220217291266,0.28252553065191904,0.3645896876203092,0.012821023250692587,0.046824107820324846,0.07411351738778334,0.24252306821132374,0.3140045234520511,nan,0.33811700996011496,0.3062695621855781,0.3907569029844204,path_018_mild.npz,18,18,8.992973075596407e-05,0.39031675008145167,0.1523469813638654,forward,623.238451599033,False
True,False,fpp,mild,220,0.00255120654226089,False,0.5245717385406652,0.611458892081213,0.10402097300417881,0.045970024075359106,0.29764777218246286,0.2830842919177484,0.011582126971425797,0.017841662444297413,0.04227493749685543,0.021680991101840682,0.31151136457920076,nan,0.03163700166624039,0.32411543660482695,0.31881957494817853,path_018_mild.npz,18,18,8.228274795457044e-06,0.3446355989423128,0.11877346626273487,forward,619.3479191979493,False
True,False,pid,mild,61,0.013628620434046014,False,3.2290616103985745,0.7051631806491152,0.3589683952871422,0.05304900696501136,1.1114773307295174,0.4138188146534236,0.15977001170287708,0.10856463368886857,0.14845412524025148,0.02899885437161219,0.2496721310937991,nan,0.03767901216633618,1.3397338537662293,0.4469336038455411,path_018_mild.npz,18,18,0.0016933983332071579,0.4163870985368795,0.17182724075621653,forward,34.2047190313264,False
True,False,mpc,mild,108,0.01870020011583482,False,3.4400312958205,0.5523014160231687,0.5114653256298758,1.83646401274018,0.8778657422526528,0.34888527854468104,0.11199185065328311,0.06549749364678314,0.09889978327290962,1.2271808055057019,0.26486111363327064,nan,1.3783330097794533,1.1475420523499618,0.3722207398328651,path_018_mild.npz,18,18,0.008237637119610649,0.258901221784046,0.06467939858398873,forward,119.06445792320864,False
True,False,td3,mild,221,0.005444622623383155,False,0.5183815849642776,0.6053246334216776,0.13052010585066587,0.6260749942157418,0.27510874190186513,0.3545034543919934,0.013303002649696517,0.03943905164777068,0.06621789452057501,0.22495942460520538,0.31399321124564467,nan,0.26976800290867686,0.3071541660485229,0.38750640523849844,path_019_mild.npz,19,19,0.00012718310803773987,0.4108875029038981,0.16882834877026948,forward,623.002766531119,False
True,False,fpp,mild,223,0.00996826434022814,False,0.7807627400718246,0.6356730701367062,0.17201032971368463,0.059999991208314896,0.4480022464139584,0.3462679592159933,0.02357880347649043,0.03718188940728934,0.09036215517577109,0.0209168924098091,0.29922645615889887,nan,0.026120000984519685,0.48064467857398546,0.37009914452962595,path_019_mild.npz,19,19,7.000595900285188e-05,0.29805549615487076,0.08883218743030459,forward,595.8986206892241,False
True,False,pid,mild,51,0.01223679148220736,False,3.3081861025217325,0.7283566478676995,0.2746420958536127,0.06591898272745311,1.2425707754450122,0.40074600564501883,0.16889206140338786,0.10270964785418248,0.12763188523706465,0.03153088333669538,0.23960784194516202,nan,0.04503451054915786,1.482052314591707,0.43497148419629705,path_019_mild.npz,19,19,0.0015025455566669995,0.4316578403545728,0.18493726330250507,forward,8.280198507145439,False
True,False,mpc,mild,60,0.005561934404809375,False,3.593455710603634,0.5007320357201541,0.29014759737601703,1.8340139940846711,1.034851098469182,0.2614921147842757,0.1517079569662493,0.05516082579793021,0.05971856009556656,1.2180660012139317,0.25041666564842063,nan,1.4289389437180942,1.3828585635062542,0.32429757065434234,path_019_mild.npz,19,19,0.001493341652784913,0.2617993856469807,0.06663506077591876,forward,31.702956178733785,False
True,False,td3,mild,221,0.00426936955593034,False,0.515804464970719,0.626179063667544,0.11777480474443153,0.5976249813102186,0.276302303088289,0.32675880907076893,0.010978133596241432,0.035608253117947096,0.0560138253342826,0.2340112375074416,0.3151809929183166,nan,0.32045700936578214,0.3257941495044289,0.35490164051751083,path_020_mild.npz,20,20,2.802323211042048e-05,0.4000027388212548,0.16000001049643825,forward,620.636961767631,False
True,False,fpp,mild,226,0.01385814283603611,False,0.9757480377325985,0.7701476456806654,0.2197563121478645,0.03697897773236036,0.5146296362683856,0.3980227558290807,0.023325589483762545,0.03785648116105964,0.0993484015709821,0.020028685376179956,0.29557522261037233,nan,0.022569984139408916,0.5617669503993766,0.4233246418837713,path_020_mild.npz,20,20,7.05969902967949e-05,0.31907043795743173,0.1017913475232402,forward,580.7397091717498,False
True,False,pid,mild,77,0.00667452789540204,False,3.595083825930203,0.6507987436131587,0.2889022875173848,0.04606001311913133,1.0720308108786725,0.2967563233131103,0.11910928391571447,0.06208970862680188,0.05348402700626003,0.028595129139842343,0.25110389688959367,nan,0.03998599131591619,1.432430522083897,0.3362485362381737,path_020_mild.npz,20,20,0.0007049145291065732,0.4051130816773087,0.1627234952926856,forward,30.561668338268206,False
True,False,mpc,mild,76,0.013361993564315052,False,3.5285391119238865,0.7679093188531502,0.2626065608286434,1.6544560203328729,1.1438449762396268,0.4402972283639112,0.13760185830241087,0.060926639898012704,0.10414434479270089,1.158495577998876,0.25026315823197365,nan,1.3643387501360849,1.4172424591993227,0.47002627577955597,path_020_mild.npz,20,20,0.001663025909739298,0.26179939077088993,0.06834906239754765,forward,29.893758664547846,False
True,False,td3,mild,224,0.017978089160546034,False,0.6026040414637676,0.9466896790604123,0.23883438963861564,0.6151749985292554,0.3311055096236926,0.5270185081165477,0.024018588364586407,0.0832199648900026,0.11849351217321301,0.23038227742030618,0.3100000023841858,nan,0.3195730110746808,0.35758721957992917,0.5622244688982795,path_021_mild.npz,21,21,0.00011904819406036526,0.3855714783536185,0.14865270368623187,forward,611.5333749581944,False
True,False,fpp,mild,221,0.0033206134822553733,False,0.5306610803059921,0.7532048191813,0.10131692777644014,0.03588999970816076,0.31878086548494966,0.3068877868588492,0.010977654526507128,0.02443599373996592,0.052035316931165844,0.020416222098683812,0.3098529437009026,nan,0.023329979740083218,0.34362529994243646,0.3334933346843543,path_021_mild.npz,21,21,6.580241034403198e-06,0.36370758216777016,0.13227935350466444,forward,618.3026759332615,False
True,False,pid,mild,49,0.006584606425764715,False,3.350372385895519,0.6416561982738477,0.18980961057340645,0.06236002082005143,1.0849460181541695,0.4005808536585355,0.18405182676510776,0.034896582368618305,0.07884051560712323,0.030463102287897954,0.2503571434288609,nan,0.0394614122342318,1.4364689942257427,0.43131213304610855,path_021_mild.npz,21,21,0.0015186086122439817,0.4339617949755476,0.18818569173101518,forward,14.735183330391969,False
True,False,mpc,mild,73,0.006690982865116466,False,3.4720770951253312,0.49906289447414576,0.31499166094423703,1.6196059877984226,0.9153599121400467,0.262945205732791,0.12318937733064694,0.05370801037646094,0.06027529581348747,1.149504207081021,0.25958904195321747,nan,1.414533599745481,1.2538031665780782,0.3247322621116532,path_021_mild.npz,21,21,0.0012030251861846575,0.26179976008013894,0.0663655566045347,forward,62.965467744868974,False
True,False,td3,mild,221,0.00567753608851883,False,0.5268001737865398,0.6111762117320673,0.12251439337717228,0.6045250047463924,0.28025831142693514,0.33481509384028924,0.01235010409368652,0.040773806832819094,0.06745860130873343,0.23229205830768593,0.31421945537377266,nan,0.33565799822099507,0.318635674224121,0.35805655975427136,path_022_mild.npz,22,22,3.2672249481588974e-05,0.3944346958940329,0.15557843675015004,forward,621.4109417992888,False
True,False,fpp,mild,224,0.015289530396433612,False,0.9733220950242154,0.6929217986580392,0.22558010424172767,0.05276998854242265,0.5299266456791195,0.3738337994724837,0.0238927962704217,0.040651451161352985,0.11071850507971036,0.022945357808826623,0.2954910739458033,nan,0.03329650207888335,0.5753666108167481,0.4000822470256143,path_022_mild.npz,22,22,0.00013241159743269812,0.2521721922551036,0.06359031629723276,forward,574.3003454521933,False
True,False,pid,mild,62,0.0030810747729004793,False,3.6526451371126765,0.6190402705200998,0.2097399910410956,0.05080900155007839,1.112007117591618,0.2910812366226442,0.14015729291020274,0.05489174348021008,0.04590495603504405,0.03011790226258698,0.24528225751653795,nan,0.0384794402634725,1.475201436472049,0.33203797960424913,path_022_mild.npz,22,22,0.00022623831184796956,0.4072024527548218,0.1647831050829275,forward,17.1323961466181,False
True,False,mpc,mild,52,0.004791108649448317,False,3.549155654181294,0.4959342693206996,0.2750137664915515,1.478507008869201,1.1428950533924636,0.263125609424245,0.1706319931359691,0.05812041260445606,0.06224229467193015,1.1491966153978586,0.24076923068899375,nan,1.2966974842129275,1.48163772606001,0.309281660181802,path_022_mild.npz,22,22,0.0015720559266235027,0.2617993853413161,0.0660041964604781,forward,12.103446314975749,False
True,False,td3,mild,220,0.0015573022375240573,False,0.5085116617899956,0.5609062393249484,0.06944485970350997,0.6069850060157478,0.26945847821052077,0.3146257022329365,0.010865488424983007,0.025909460114674602,0.03521293107870581,0.2266715229118497,0.31545454263687134,nan,0.2769129525404423,0.33933816752050866,0.3436301568811702,path_023_mild.npz,23,23,1.2230606355272422e-05,0.3987492454261868,0.15900007685989784,forward,616.3192677895386,False
True,False,fpp,mild,221,0.0033098803587978142,False,0.5344298326395553,0.5813511571446977,0.09300898460103835,0.06225999095477164,0.3355451623005528,0.3020456078305959,0.01180679943236253,0.02018116784191424,0.05120092087178498,0.021911062520393487,0.30779412038186016,nan,0.027650006813928485,0.35957870150052945,0.31793730471346504,path_023_mild.npz,23,23,5.666805434857621e-06,0.2854965402262497,0.08150698786794332,forward,615.8983832870597,False
True,False,pid,mild,71,0.004464372894778809,False,3.323339492510838,0.570198329765467,0.24642804651637948,0.05400000372901559,0.9273886563382863,0.2839416325337922,0.11937751965030427,0.06263054194705868,0.07271913119505521,0.029024407743069698,0.2630633808357615,nan,0.03890998777933419,1.2344229534579654,0.31503652732262744,path_023_mild.npz,23,23,0.00017937287405882623,0.40655375453776055,0.16432250221774772,forward,63.79085560706868,False
True,False,mpc,mild,51,0.006453760553934503,False,3.5715730014801665,0.5251387218036142,0.2019210585549091,1.6134270117618144,1.2138932794154418,0.3361878833445885,0.17078866412176538,0.07885968921958256,0.09091754770658926,1.2044773548932783,0.241127449361717,nan,1.4010880113346502,1.5288135783084542,0.35563456058988213,path_023_mild.npz,23,23,0.000751804494038551,0.2617997720100622,0.06724789396761587,forward,4.270056502580998,False
True,False,td3,mild,223,0.010486387119135713,False,0.5277370443718711,0.7414835978993788,0.21958912321106833,0.6146439991425723,0.2965150719582444,0.3899814302217117,0.01959154750856649,0.057327194505746214,0.088979162196649,0.22490396497942375,0.312107622890729,nan,0.2714810078032315,0.3291302026501345,0.4144740077292656,path_024_mild.npz,24,24,8.004712351143064e-05,0.38446015960754765,0.1477557673844172,forward,621.4511878989701,False
True,False,fpp,mild,221,0.0027658995035132095,False,0.5868041551719715,0.7533187705644424,0.12258104743555871,0.04700999124906957,0.3148206760520646,0.3011935928349946,0.013172638510259722,0.019551008452197625,0.042675805538091,0.022172529094460592,0.31099547573883607,nan,0.029049988370388746,0.3415399062604034,0.3329317916751008,path_024_mild.npz,24,24,7.042294477016324e-06,0.3619478312857169,0.13100599581927552,forward,618.526128822245,False
True,False,pid,mild,52,0.0010682261551630688,False,3.5279484723531813,0.4951443820246114,0.07343388276950749,0.036690005799755454,1.078573557364901,0.2783366304118171,0.15948642920881945,0.03812391106133629,0.026767992739866946,0.028384308769510917,0.24745192307119185,nan,0.03579405747586861,1.4681038629283047,0.30548447465204903,path_024_mild.npz,24,24,6.821355228182216e-05,0.42533924416697655,0.1805668643667438,forward,14.500626980911555,False
True,False,mpc,mild,52,0.008109478384707948,False,3.8354560160130924,1.0181969429359365,0.22482547786764256,1.5886160254012793,1.2504553336812505,0.5130359867706695,0.18123349695213165,0.05373823605849512,0.09513033983100971,1.1605028266785666,0.24043269326480535,nan,1.3669465464772652,1.758912995805718,0.5562709134042042,path_024_mild.npz,24,24,0.001176347709537442,0.26179939107253236,0.06843753191457756,forward,-35.553870265115876,False
True,False,td3,aggressive,220,0.0027642193211777854,False,0.5014912521801301,0.5357927334061215,0.10592078401185771,0.6940940220374614,0.2661740642699455,0.31662619445430845,0.009474584483802461,0.029052623954080356,0.04360512927946976,0.23272721882676706,0.3150340884923935,nan,0.3184145709383301,0.3090430000789669,0.3527850698007582,path_025_aggressive.npz,25,25,2.760357911942834e-05,0.4062342226938098,0.16501523490810188,forward,620.5567481265484,False
True,False,fpp,aggressive,221,0.004297374051087978,False,0.5513904954205734,0.5781815270363925,0.10715158016466803,0.06715001654811203,0.33805712231162677,0.2978641050290751,0.012320569836686342,0.023158873477244456,0.05710379891771531,0.021481730714988184,0.30796380347795616,nan,0.02644001506268978,0.3609712481587425,0.3148931891673107,path_025_aggressive.npz,25,25,6.631962292033845e-06,0.2824017036636516,0.07974869492209909,forward,615.9266235040054,False
True,False,pid,aggressive,46,0.001527109418157398,False,3.5016504157377297,0.49952779381125156,0.13315982440349988,0.0518389861099422,1.2029064829600025,0.2813379105649297,0.17738196551398766,0.050863606767036516,0.043553582874554596,0.030157128450177286,0.24097826105097067,nan,0.03777748497668654,1.5403225310756201,0.30958773457889394,path_025_aggressive.npz,25,25,4.162427889705016e-05,0.40507533986243444,0.16315446040772422,forward,2.370073286839041,False
True,False,mpc,aggressive,85,0.007481411461706021,False,3.452087733952344,0.5833667589531853,0.3017535530091286,1.6505660023540258,0.8691820848433597,0.35201558854935255,0.12174429960747413,0.06766550440972323,0.09759213798805234,1.1702436813399852,0.26817646946977164,nan,1.4301191957201806,1.2139150879255491,0.37195394126010506,path_025_aggressive.npz,25,25,0.0011580519339925968,0.2617993852671477,0.06693572533883085,forward,80.5885096725858,False
True,False,td3,aggressive,221,0.0034349256585180592,False,0.5048948948953387,0.5293780295861042,0.11737899522525273,0.6013649981468916,0.2750507327206562,0.3303864097698539,0.010688639570160814,0.03128175247615035,0.04804139609665651,0.23091577477563527,0.3152941149823806,nan,0.3254670009482652,0.33530145049973226,0.36000772239629114,path_026_aggressive.npz,26,26,2.3976700444750726e-05,0.4070321067161221,0.16567316417579006,forward,618.8414994559754,False
True,False,fpp,aggressive,228,0.02603631824894074,False,1.1742205644058104,0.7305601347558894,0.28529679598007346,0.04710900248028338,0.6529717650136714,0.4348887442719542,0.03873569925930647,0.05356094203078057,0.14202093812225602,0.021787134628220087,0.2865899132009138,nan,0.027319997025188048,0.7130726071419635,0.46468888373834755,path_026_aggressive.npz,26,26,0.000477602833412358,0.3074532785538289,0.09451576718304179,forward,538.0999071143426,False
True,False,pid,aggressive,101,0.0025135693300137743,False,3.366282537404016,0.626622311375627,0.16589485979166047,0.06701902020722628,0.685487345585092,0.29626641213750826,0.10901726956836875,0.04469372489906646,0.08613231479251705,0.03052197222708549,0.2800000001593391,nan,0.04198000533506274,0.9846869220800365,0.3240660291879609,path_026_aggressive.npz,26,26,0.0002530401248980029,0.4240189441263579,0.17970624950228817,forward,148.54300118599272,False
True,False,mpc,aggressive,110,0.004730034438737552,False,3.3240384416951327,0.5274524943270691,0.16057558043669531,1.7513259954284877,0.7317008881341346,0.3133453910417821,0.10414677981096833,0.035532984349350635,0.06479833935129013,1.1371264988239007,0.2772045444358479,nan,1.3251859272713773,1.0242176497551596,0.3310422353668575,path_026_aggressive.npz,26,26,0.0004401116476807904,0.26179939156229,0.06844829157016875,forward,152.63934987662097,False
True,False,td3,aggressive,223,0.014670716189762536,False,0.5865103773487004,0.9066844416223131,0.21991375033823835,0.5948049947619438,0.3127077068371173,0.48592541002759815,0.019981429817345804,0.07509591538402409,0.10550276177501047,0.2184182357443956,0.3117376688884513,nan,0.2668788889423013,0.33639052626130095,0.5169844819103433,path_027_aggressive.npz,27,27,7.377395834956778e-05,0.3898806366459895,0.15200367486003996,forward,615.037348828004,False
True,False,fpp,aggressive,220,0.001415461950564285,False,0.5003652622220796,0.5606931283130848,0.06364131054404859,0.03907998325303197,0.2669274604259267,0.27332808777540196,0.008237446534176589,0.01839492422084017,0.03403085350349163,0.021079446146772665,0.3136363625526428,nan,0.028180005028843876,0.2908138529433618,0.28762303256078103,path_027_aggressive.npz,27,27,5.547484304816517e-06,0.315560742308874,0.09957729475000704,forward,624.8083926016145,False
True,False,pid,aggressive,81,0.00557107968566012,False,3.626531049395079,0.6446390647197084,0.2807807939535396,0.06877898704260588,0.9581157125533482,0.28960578614211757,0.11316393339848138,0.05721197895896073,0.06079199933281276,0.028949433198934536,0.2574074086215761,nan,0.035250006476417184,1.3168233336795137,0.3275800676324026,path_027_aggressive.npz,27,27,0.00039460632132282277,0.4122012493710103,0.16887312808659113,forward,57.958990492612486,False
True,False,mpc,aggressive,68,0.00377516024017413,False,3.6463567781458326,0.7439604336597594,0.16049068319336018,1.9273830112069845,1.180248541067005,0.36810442221017864,0.1384339566453768,0.06313503549763554,0.055468407466132845,1.2361698224113378,0.24720588271670482,nan,1.4451339826337062,1.5655965286842308,0.3944473392563774,path_027_aggressive.npz,27,27,0.00041268895726935957,0.2617993889486103,0.06759028432973042,forward,-0.5118591021095611,False
True,False,td3,aggressive,221,0.007342322463281924,False,0.5253784120470854,0.773916672959941,0.19473717255700246,0.5957850080449134,0.27643564084009575,0.39846854040946966,0.013585248455599072,0.05263241741960788,0.06947372387263702,0.2359321224503219,0.31440045067627503,nan,0.33458697726018727,0.28634869156363835,0.4242350769369358,path_028_aggressive.npz,28,28,2.917255559361846e-05,0.39496831340759403,0.15599092840869502,forward,622.3312121795333,False
True,False,fpp,aggressive,223,0.012136980269312368,False,0.962850532954296,0.7439898827142695,0.23336864470632968,0.05315901944413781,0.4622515377192365,0.3540042605379135,0.02073483745421964,0.0389705785273542,0.09564114579373463,0.02095708153690859,0.3002466368301032,nan,0.026742907357402115,0.5130197267956678,0.38847797378753346,path_028_aggressive.npz,28,28,0.00014105778660738414,0.32721066239868196,0.10706478627337661,forward,587.7523526013829,False
True,False,pid,aggressive,105,0.015265761852250046,False,3.3746697803095107,0.6563507696332731,0.3442301177592077,0.05599900032393634,0.96282788913981,0.3226964359662213,0.09780190913473767,0.07695503562063076,0.09870071126949212,0.029809163173749334,0.26226190470513844,nan,0.04039579071104525,1.2249707948225461,0.34904639380244706,path_028_aggressive.npz,28,28,0.0008089400358113155,0.4160861218321378,0.17244942382110873,forward,97.73372420198561,False
True,False,mpc,aggressive,71,0.023957278594948752,False,3.5614554413745103,0.8269668860892869,0.42726571088123144,1.9615429919213057,0.9234721506451999,0.5105605505203191,0.18636960524530735,0.11262947386853973,0.18045715888535208,1.2411551122081426,0.2653521116770489,nan,1.3888380053685978,1.252384610305239,0.5426133139115226,path_028_aggressive.npz,28,28,0.006766143369088028,0.2617993904671245,0.06819901451010181,forward,56.0764480991439,False
True,False,td3,aggressive,221,0.002570754116653797,False,0.5136342879900644,0.6279536057852252,0.1324333444717498,0.5959550035186112,0.2660515913703959,0.30616104620777895,0.00898271511155992,0.02641067337242828,0.04359087403237971,0.23307595035899853,0.31596153516035813,nan,0.32578801619820297,0.3235552474226951,0.3548029444196292,path_029_aggressive.npz,29,29,0.0001361648348595655,0.40692916704359217,0.16558246713275238,forward,621.9653147148449,False
True,False,fpp,aggressive,224,0.01100102346591684,False,0.8852265403078592,0.6061231569348468,0.1962038042931088,0.04082897794432938,0.4650947930014718,0.3650828056222875,0.021515211903935492,0.033260294104237934,0.08754395506685471,0.02098823590910927,0.3001674109005502,nan,0.026354010333307087,0.5159796355629946,0.3890506449049452,path_029_aggressive.npz,29,29,7.685389691087248e-05,0.32694118977815356,0.10687989856823478,forward,589.2950029188166,False
True,False,pid,aggressive,112,0.0037732129444507934,False,3.5714143056850007,0.5263736631721101,0.2676905248735794,0.04583000554703176,0.674889094956933,0.2699583139310123,0.08868068577250002,0.05242601834393732,0.07818789339749675,0.027499481802806258,0.2790848220299397,nan,0.031004479387775064,1.0386604785536182,0.3036429494311652,path_029_aggressive.npz,29,29,0.0001924158391823967,0.42029362742852083,0.17631922467063546,forward,154.2592800231529,False
True,False,mpc,aggressive,69,0.014187890544170427,False,3.263632609175525,0.892080883049419,0.2559679001603498,1.6215659852605313,1.2653454654428586,0.49067119391155584,0.1454054292012568,0.05248006168987627,0.10825871150225108,1.2250572035554796,0.24264492731595386,nan,1.4144073938950894,1.5813846416700124,0.5260195415962193,path_029_aggressive.npz,29,29,0.004034033782286075,0.2607163029285429,0.0654095886419328,forward,-10.190340862798035,False
True,False,td3,aggressive,220,0.0040245175380636085,False,0.5012357309868523,0.6534169523536079,0.12311075303071925,0.5995949904900044,0.2801453765569484,0.35337453672355007,0.013611240686694372,0.04459685795344065,0.054512497266948186,0.24386923680801623,0.3148749977350235,nan,0.3363764772075227,0.32600272973489425,0.3739401233747608,path_030_aggressive.npz,30,30,6.443287954106609e-05,0.40058512081444614,0.16046452631936273,forward,617.8782899638154,False
True,False,fpp,aggressive,223,0.012845845741116404,False,0.9642274267984038,0.6297821681841207,0.22108619035346055,0.03766000736504793,0.48765182791449624,0.3575517830854598,0.025955759134470107,0.037871032396960276,0.09781669482105934,0.020894280952221875,0.2986659209824464,nan,0.024714006576687098,0.5332176777196155,0.3860118794559827,path_030_aggressive.npz,30,30,0.00014556422978207614,0.27727009208906556,0.07687043711772712,forward,583.0921848194554,False
True,False,pid,aggressive,53,0.007444984183585991,False,3.5148662793716023,0.577107833532515,0.2888589966300486,0.04784899647347629,1.246215162029973,0.32398022252267955,0.16893931522601702,0.0929973529436527,0.1068026344076011,0.03140454591287054,0.23349056631888984,nan,0.04255539388395846,1.5414909615095995,0.3400794007806006,path_030_aggressive.npz,30,30,0.00045147992233149993,0.4167189501502483,0.17130164136822557,forward,2.000176355633723,False
True,False,mpc,aggressive,64,0.0038071699838326404,False,3.8112015639607435,0.60537408719687,0.12105807451748435,1.631036022445187,1.1708711806991943,0.3435378001936199,0.1471957331458097,0.05165127368997838,0.05339032779537757,1.1148094531563402,0.24390624999068677,nan,1.2227316357893865,1.570566942419165,0.3678916829584054,path_030_aggressive.npz,30,30,0.00027837039593292317,0.26179938856512447,0.06746799935989797,forward,-0.04847635015626395,False
True,False,td3,aggressive,223,0.014581305337360111,False,0.5706220641520569,0.8507225645966705,0.24512469864821212,0.6030350050423294,0.3210417320020751,0.49357958372423144,0.01962287797060243,0.0761300195686715,0.10552926812678937,0.22802980720575047,0.3108183872539366,nan,0.2805889816954732,0.35112824698682504,0.5181031252414336,path_031_aggressive.npz,31,31,0.0001479347864750929,0.3869745247435325,0.14972070272303134,forward,612.5923580131785,False
True,False,fpp,aggressive,222,0.007776313294764678,False,0.8154595565613384,0.591209264715567,0.1801203089358137,0.07685899618081748,0.3967223992795731,0.3226465049984055,0.018880559472942964,0.028542915877209318,0.06905788284638188,0.02157121730511085,0.3045270271129436,nan,0.02833800535881891,0.44576736881464135,0.34917633040389107,path_031_aggressive.npz,31,31,4.555206265343121e-05,0.34680134376634353,0.12026814212937094,forward,601.8679378388949,False
True,False,pid,aggressive,59,0.010347004014870879,False,3.520905185472592,0.6422208100106717,0.3411694483826603,0.056698976550251245,1.1687449395054361,0.32637300691682586,0.1593610669454147,0.10158821513146515,0.1260843973958333,0.029036710117706806,0.239067797312292,nan,0.03615799359977244,1.4558996773371782,0.34484110534339646,path_031_aggressive.npz,31,31,0.0005707813258948338,0.3752909411415771,0.13870349824389414,forward,17.294942211465028,False
True,False,mpc,aggressive,87,0.009299265828111617,False,3.406143857238052,0.6629444453720338,0.2627649243178197,1.8084449984598905,0.7357258543866713,0.40481347419801406,0.15272853921411197,0.0659860826463603,0.1292988531529184,1.0995294269168985,0.2739367824176262,nan,1.1524067056598142,1.0055748738535315,0.4346365995035115,path_031_aggressive.npz,31,31,0.001625954001078009,0.26179939131627394,0.06845742467289259,forward,120.51683251707348,False
True,False,td3,aggressive,221,0.0059026771459469735,False,0.5258836064538182,0.6751646829529303,0.14338224365592275,0.5958350084256381,0.2942386595404388,0.38891931635905813,0.016688700420512813,0.04817175412169205,0.06603682190126443,0.22493260773004148,0.31325791782922874,nan,0.27514700195752084,0.3423479814246319,0.42535508855963616,path_032_aggressive.npz,32,32,7.191336179080009e-05,0.3957289747218487,0.1565969505848133,forward,615.2643739212901,False
True,False,fpp,aggressive,228,0.02542762107891573,False,1.1371307211338368,0.7773245840811814,0.275217232848721,0.04290899960324168,0.6422787225984035,0.43083083842286124,0.04011700774152312,0.05429830439416179,0.13999965514684712,0.021758619129143068,0.28833333337516115,nan,0.03053684922633692,0.703105756563183,0.4608529133224491,path_032_aggressive.npz,32,32,0.00041020577563355653,0.29967744559592047,0.08977039267957752,forward,541.87326251682,False
True,False,pid,aggressive,93,0.00980638664227101,False,3.588344340960384,0.6738209970217135,0.34385126648533226,0.0456289853900671,0.9804815558361504,0.3056959902811502,0.10227922391809299,0.06425847427774815,0.0652995907714563,0.027574419159121732,0.258440859535689,nan,0.030876003438606858,1.312142119089541,0.3594021275028403,path_032_aggressive.npz,32,32,0.0009928776005008557,0.40490571357736954,0.16283945908840597,forward,67.67120699723867,False
True,False,mpc,aggressive,75,0.005860578427914045,False,3.443170508589075,0.5520820838177031,0.26254013849615276,1.5122770273592323,1.0632788247367344,0.3510638049852199,0.12441357754953518,0.05176177347084802,0.056902087076835146,1.095315267642339,0.25153333326180777,nan,1.176261986256577,1.404954570945103,0.37359655491499466,path_032_aggressive.npz,32,32,0.0020139326557532217,0.26179938157399724,0.06579736001087952,forward,33.96209727458836,False
True,False,td3,aggressive,221,0.005032447903512521,False,0.5094069247383644,0.6055114973712278,0.1289131246923132,0.5990150093566626,0.27964790810679624,0.37021827174254335,0.012366973055214468,0.042272266282781835,0.05928517375978787,0.23501430444811297,0.31414026992892785,nan,0.3186770190950483,0.3225523720951144,0.39816936564171534,path_033_aggressive.npz,33,33,5.084186788060522e-05,0.39560578133863666,0.15648683300442714,forward,619.3216007309818,False
True,False,fpp,aggressive,221,0.004131555802543508,False,0.667928796571263,0.5802190390513692,0.1495088263064454,0.03988901153206825,0.3451020481029663,0.3117672603440942,0.01461793773293669,0.02527743353348762,0.056306146175399786,0.020647519721114393,0.3065045270984529,nan,0.025379995349794626,0.3791832383123558,0.33303169773910035,path_033_aggressive.npz,33,33,2.295883103249231e-05,0.3325364007250627,0.11056471163034438,forward,612.5209032384394,False
True,False,pid,aggressive,78,0.006565518460310369,False,3.6483360787179606,0.611749025977029,0.20160368256663252,0.04672998329624534,1.1286548471448266,0.3409536617901906,0.12713912611189693,0.06695965714988464,0.07986419735512969,0.028995820545018293,0.24778846154610315,nan,0.03762585984077301,1.4793438858714363,0.37032125278873573,path_033_aggressive.npz,33,33,0.0006356631012190442,0.413945809960297,0.1704400540051475,forward,19.805137317318255,False
True,False,mpc,aggressive,87,0.006779221625723568,False,3.366184409672453,0.6089521981148084,0.28701271758329205,1.571107015479356,0.8271871914272202,0.36204509289376274,0.11965285428086181,0.06464624348388776,0.09495558592182013,1.133743586586039,0.27158046205495967,nan,1.3588613073807212,1.179399212142246,0.38639363966659335,path_033_aggressive.npz,33,33,0.0011858297215976046,0.26179938515027584,0.06700858802251948,forward,89.40350637983457,False
True,False,td3,aggressive,223,0.010791760278225588,False,0.5366602743380945,0.7244309400184684,0.1855470285698326,0.6231940060388297,0.29560594552808694,0.4304834055523021,0.017465058157167767,0.060560897897775245,0.08937078892857757,0.22604660994494374,0.31213004519586607,nan,0.28966989484615613,0.32959488855476593,0.4579407270718651,path_034_aggressive.npz,34,34,7.928371070038059e-05,0.397373827449186,0.15789607038627693,forward,619.8218822383592,False
True,False,fpp,aggressive,224,0.014536741836747512,False,1.0431910161870728,0.689851540883651,0.24427467884406784,0.032409996492788196,0.49319291254824194,0.36622182078470694,0.026640283812862615,0.04052500349605442,0.1012621829140519,0.020535406812476658,0.29727678732680424,nan,0.02618500147946179,0.5581200170356717,0.40755524202678406,path_034_aggressive.npz,34,34,0.00015836391236048308,0.32250733539229665,0.10400915420816126,forward,578.2486915980344,False
True,False,pid,aggressive,52,0.003176925771691215,False,3.797842127771784,0.5718354344772016,0.1448614996197365,0.0397789990529418,1.1511220219720437,0.3360125252488382,0.18136808870379809,0.045852211141038886,0.05714106888614361,0.028397058486007154,0.24365384661807463,nan,0.03641700313892215,1.5632827412945187,0.3560936242347672,path_034_aggressive.npz,34,34,0.0008206689421332529,0.4321016447000467,0.18624011140862753,forward,0.35843659946989526,False
True,False,mpc,aggressive,70,0.004868528182430445,False,3.291998653919545,0.500554142065913,0.2453760204166153,1.749556016875431,0.8795769296648621,0.2575356454852697,0.11842595816157636,0.046992553546167305,0.04890951759229837,1.090880299203231,0.2667857134980815,nan,1.1046044979593717,1.1985077098540653,0.32011545398034746,path_034_aggressive.npz,34,34,0.0005153946526202397,0.2617993882724227,0.06764371815008809,forward,69.07730509133009,False
True,False,td3,aggressive,221,0.002072801557038956,False,0.5053583406280009,0.5155494949372444,0.08246814813213173,0.601134990574792,0.2693286673548253,0.28780806532671205,0.008270722065382631,0.021273342130385172,0.03986875765712048,0.22716330268475063,0.31429864081861747,nan,0.2796569897327572,0.31764713573855863,0.3180616542454377,path_035_aggressive.npz,35,35,1.63358915422326e-05,0.3874658126720502,0.15011436782075352,forward,622.903251709894,False
True,False,fpp,aggressive,225,0.015593193549179046,False,1.1191748216279496,0.7481366162131026,0.25135706709593536,0.03562899655662477,0.5152959399610807,0.3934271219870796,0.026672740180395525,0.04030972053993422,0.10260702600643513,0.02081718619188501,0.2957999996344248,nan,0.027447799220681184,0.5747411868758406,0.42251051917554505,path_035_aggressive.npz,35,35,0.00015229652306799054,0.3241953626398581,0.10506565999147566,forward,575.3503163264174,False
True,False,pid,aggressive,60,0.014794871221186317,False,3.314624868461761,0.7159954205056095,0.38808635611441894,0.046380009735003114,1.2011590558183405,0.4176552996053119,0.1596356519627585,0.11415784276374062,0.1503795918136047,0.029895934373295557,0.2432916671037674,nan,0.03668599965749308,1.4363107870493872,0.44718563113063337,path_035_aggressive.npz,35,35,0.001804366210498338,0.4132406447583609,0.1680676123916371,forward,18.17009099335948,False
True,False,mpc,aggressive,77,0.012849491818772893,False,3.5152979312585004,0.5617111814620315,0.3502425110469665,1.5850960044190288,0.7856286144595617,0.35639953711216504,0.14682107268352007,0.07854618793919213,0.13218410564611094,1.178504285695902,0.26860389577877986,nan,1.4612430008128285,1.0759315855215466,0.3802108254373991,path_035_aggressive.npz,35,35,0.00238780517397264,0.2617993916009958,0.06843488238928463,forward,96.43916010983091,False
True,False,td3,aggressive,221,0.005369949798275594,False,0.5135604796673657,0.6962040134579042,0.13617462994217128,0.5981749854981899,0.28526722655084763,0.40591942941111037,0.014035991703252709,0.053009342092384754,0.06806430159498507,0.22811343344518434,0.3134954741637631,nan,0.31706702429801226,0.32318342052373783,0.42923289400869313,path_036_aggressive.npz,36,36,8.836609047138929e-05,0.3959632885407588,0.15678578916218625,forward,618.4702495615054,False
True,False,fpp,aggressive,226,0.021347984876171084,False,1.1421871500381138,0.734910207370191,0.28514365782064877,0.0439200084656477,0.5894904297589876,0.4023681904283282,0.033104754269118276,0.04651680838961408,0.12561932645654444,0.021416397221320497,0.2925774324520499,nan,0.026862493541557342,0.6482119565028185,0.4369780468717725,path_036_aggressive.npz,36,36,0.0003257871368758749,0.32545179972940225,0.1058958879791635,forward,556.1795670272832,False
True,False,pid,aggressive,44,0.001970382744281071,False,3.4558294137503265,0.530699720524308,0.15927010282677126,0.04670998896472156,1.2574542112078417,0.30199981393323316,0.18597013858470238,0.06298398143253509,0.06109131766227578,0.028796795628626238,0.23721590875224632,nan,0.032503638067282736,1.5738269787714092,0.32691166738584326,path_036_aggressive.npz,36,36,0.00013130228759973247,0.40232844232229087,0.16067127850448756,forward,-2.7494194366079086,False
True,False,mpc,aggressive,73,0.015265467449198602,False,3.5421735286882923,0.7637258895892026,0.3818211265311454,1.6667159798089415,1.038400671373623,0.46408929660629367,0.16397231173118587,0.10312071392423951,0.15079792191585675,1.2398010649246305,0.2507191776004556,nan,1.519196992740035,1.3687334140706964,0.4935849908027887,path_036_aggressive.npz,36,36,0.0034621536998680254,0.2617993807956002,0.06564508165989025,forward,37.27859651174369,False
True,False,td3,aggressive,222,0.010941403908816844,False,0.5467283172579819,0.7414071074412261,0.20554711531259207,0.5891550099477172,0.2862169367683356,0.40785721847610384,0.014951978201512525,0.06047628943238031,0.0905740101661598,0.23170067183568502,0.313862611313124,nan,0.3051875770324839,0.30478140436258844,0.44064946129409177,path_037_aggressive.npz,37,37,4.644500189755984e-05,0.3995758804902574,0.1596587258536881,forward,622.2378237129009,False
True,False,fpp,aggressive,220,0.0007576107624026196,False,0.5156034087860528,0.46511345918590685,0.050767272440438015,0.10406901128590107,0.27488309301197855,0.2778083639210703,0.01655688286537718,0.011921977350677865,0.02369839977242171,0.02210424612382088,0.31477272510528564,nan,0.031284500437323,0.35070489530734034,0.31051442765633525,path_037_aggressive.npz,37,37,9.479176752897082e-06,0.3966588600514874,0.15733054771772612,forward,615.4333477390779,False
True,False,pid,aggressive,53,0.007681038610716684,False,3.3029202302679663,0.7036409566386195,0.28203651810872815,0.05387997953221202,1.1941025994641152,0.3308175661288387,0.15962263064557478,0.09565057791339351,0.1074257794336719,0.03107564407400787,0.24283018876921456,nan,0.04255739622749388,1.4565184816870527,0.3531885591070197,path_037_aggressive.npz,37,37,0.0003712030149819254,0.42091648919579816,0.17558805666269717,forward,14.120856659473834,False
True,False,mpc,aggressive,72,0.006265570022306825,False,3.277756292977537,0.49463997378448865,0.3365317859011375,1.6934160084929317,0.88662311214988,0.29686291654694663,0.1235638276599099,0.05558695217483151,0.07261337715323322,1.150572429145945,0.26656249983029234,nan,1.4084279915550724,1.1963385287915889,0.3325993925082921,path_037_aggressive.npz,37,37,0.0025726852456990036,0.26054494635290887,0.06468339843467048,forward,70.56781949117953,False
True,False,td3,aggressive,220,0.0028083032363288756,False,0.5008355023912154,0.7412366561188651,0.11455719071538409,0.6052849930711091,0.2611538215574051,0.32170135919157594,0.010602872041796869,0.03204276338863215,0.04036554944845298,0.2238439777019349,0.3152386337518692,nan,0.27444848674349487,0.26929633911135076,0.3442621909439827,path_038_aggressive.npz,38,38,2.397161759537756e-05,0.38814218834094916,0.15065352836746684,forward,626.0855203990851,False
True,False,fpp,aggressive,222,0.009312171520491684,False,0.6928457187938128,0.5769241740592538,0.16410128101726784,0.05631899693980813,0.4309567526951092,0.3435957249516187,0.02193855844293236,0.03598292986089908,0.08489738131892825,0.021688417774868442,0.30064189326655755,nan,0.02871799806598573,0.46634057849823435,0.3717566745165436,path_038_aggressive.npz,38,38,5.6172133701772415e-05,0.3090952592635473,0.09552764188689056,forward,596.4858543804007,False
True,False,pid,aggressive,61,0.0021058846831595833,False,3.733527641236293,0.5089135965834881,0.11420641004333566,0.038820027839392424,1.1236548675575688,0.2833480182245175,0.151483676434235,0.053204974778951204,0.04334736783909596,0.027833182983039342,0.24614754099337782,nan,0.03157000173814595,1.5316200713218433,0.30474506077822566,path_038_aggressive.npz,38,38,0.00011647161153497633,0.4132391661739436,0.16975574747441843,forward,7.2490650326264685,False
True,False,mpc,aggressive,76,0.007100945309424456,False,3.573868800824545,0.5505739799423398,0.2497949654766803,1.6966459807008505,0.8023524019898908,0.3295751275931053,0.14103761579114846,0.0720145652682813,0.11310214081651049,1.223507946537881,0.26759868311254603,nan,1.5045170075609349,1.1536063279632458,0.3465012885720454,path_038_aggressive.npz,38,38,0.0007709545410497688,0.2617993907708889,0.06811174005031351,forward,83.48401200081743,False
True,False,td3,aggressive,225,0.019846933526899455,False,0.6449902847126797,0.9352441097082362,0.26868976488831653,0.802013004431501,0.3393445970500584,0.5187627612560496,0.021377007850075024,0.08146716587821579,0.1266997565578122,0.2309077966492623,0.3108111125893063,nan,0.34318499383516554,0.3706941497223419,0.5652992911271038,path_039_aggressive.npz,39,39,0.00015497183027758757,0.39637750725841625,0.15711407530921778,forward,610.9742047598871,False
True,False,fpp,aggressive,222,0.004496716480455207,False,0.6190122865226201,0.5367996168632931,0.11741460560365406,0.06866897456347942,0.3418973805464464,0.3112381176454078,0.010665571535334937,0.024597166299555256,0.06013649094257172,0.02188049912293282,0.30730855948216207,nan,0.028426463541109108,0.36982462425837237,0.3359336103227135,path_039_aggressive.npz,39,39,1.3416263853047917e-05,0.3779070546280102,0.14280750877410578,forward,616.5607315929697,False
True,False,pid,aggressive,65,0.007157792541596699,False,3.6109619227736665,0.6718551020811734,0.252597564212902,0.04637899110093713,1.2214548620688,0.4169220957395847,0.15401678943937175,0.07069865838819502,0.0988616632365928,0.02887117085405267,0.2441153844961753,nan,0.033667811658233404,1.5831819327998742,0.4405445211622216,path_039_aggressive.npz,39,39,0.002503520969865413,0.4363323152065277,0.18925934556985852,forward,-6.099094957990079,False
True,False,mpc,aggressive,56,0.017743433557520335,False,3.325891346359388,0.6977803853081328,0.34188820536022746,1.5493269893340766,1.1141296620593162,0.41341033986824705,0.16358830472876068,0.0955402203070649,0.13122315875622145,1.1671291041628657,0.2487053537209119,nan,1.4220812445273623,1.3365821068692476,0.4429551436238154,path_039_aggressive.npz,39,39,0.003790072126018384,0.261799390294726,0.06818923331014812,forward,32.134332622683665,False
True,False,td3,scurve,220,0.0053298768030981105,False,0.5070406160442577,0.6578878961251187,0.14079908201547012,0.5970940110273659,0.2733171429174747,0.3937473976575805,0.013833765014216109,0.045672008178623436,0.06102348725927708,0.22386568175120788,0.31465908885002136,nan,0.280966455466114,0.3151242346492632,0.4228174287950502,path_040_scurve.npz,40,40,0.00012619641498526205,0.3995334747740142,0.15960921317433258,forward,617.5522736204382,False
True,False,fpp,scurve,223,0.004124114244290202,False,0.6701135744644083,0.7760852701129178,0.1261849399036148,0.08960897685028613,0.36496115041322486,0.3472236937341451,0.017228911262565955,0.03168669831762051,0.06353204101127448,0.02211759507973499,0.3071300464895274,nan,0.027935017715208225,0.39483620768748195,0.38789726105111577,path_040_scurve.npz,40,40,2.2159858468902084e-05,0.37754088943414976,0.14253089826352372,forward,612.2669069252448,False
True,False,pid,scurve,69,0.020531913946135568,False,3.2387472373742714,0.7319168325847657,0.42883268848235806,0.05129899363964796,0.9185455990509772,0.3772566300469581,0.15872240175934985,0.11085540458481515,0.17978538810162,0.028950157170386417,0.2621376822176187,nan,0.03350598854012785,1.1293722696047581,0.417604804685786,path_040_scurve.npz,40,40,0.0026795778052383706,0.43135642517977163,0.18547465579248715,forward,74.37846247285525,False
True,False,mpc,scurve,60,0.018046586237164656,False,3.5195799222930706,0.7019769879768951,0.34231003195553583,1.6301260038744658,1.063473258490977,0.42714722045384146,0.16795946095229114,0.09836008379218118,0.14051718932346086,1.2215248818392865,0.2523333334674438,nan,1.4389910153113306,1.329399009143325,0.45425761824299826,path_040_scurve.npz,40,40,0.0038419493884247983,0.26179939061403634,0.06823430430403961,forward,37.28257555825435,False
True,False,td3,scurve,220,0.004253194203925248,False,0.5016725960785419,0.7179658225184874,0.1611929670228937,0.6077839934732765,0.26572326474672114,0.3412214518852451,0.008711651669702766,0.037510202761612696,0.051185304655251555,0.2260563314352608,0.3156136333942413,nan,0.2778199996100738,0.2814969324427558,0.3585715526386234,path_041_scurve.npz,41,41,7.535109352355899e-05,0.3917811954335763,0.1534919876104259,forward,625.1404782283068,False
True,False,fpp,scurve,222,0.008309895848181726,False,0.8512869725889377,0.5950515283479473,0.18571317925153483,0.03854901297017932,0.4130029682243509,0.3303860001640877,0.019130747551295266,0.028564675297086454,0.07065734184256886,0.021260168019531143,0.3029166649322252,nan,0.02560550346970558,0.45546969596369974,0.3511325200331983,path_041_scurve.npz,41,41,5.014067617955579e-05,0.24481183871512857,0.05993262563837684,forward,599.7639748358431,False
True,False,pid,scurve,76,0.008687169622075034,False,3.3501728318227517,0.49631275806508024,0.29368397487463876,0.047739013098180294,0.8237312390315986,0.2999685610124557,0.131480749840004,0.07768825595768285,0.12316531568650851,0.029470460982625617,0.2691447387792562,nan,0.03894999827025458,1.1270959602950243,0.3126984936708679,path_041_scurve.npz,41,41,0.00036927322220916127,0.40885435471419357,0.16646370472025765,forward,87.06428657195019,False
True,False,mpc,scurve,51,0.0158328382753066,False,3.217913614770726,0.8584623660833208,0.45962012864958196,1.4825270045548677,1.429224285914696,0.5208923658096387,0.17827970344069605,0.10557050786163757,0.11665933844556069,1.1067126470152289,0.22769607793466717,nan,1.1420210066717118,1.669048990923157,0.5589642655471109,path_041_scurve.npz,41,41,0.013915880316539439,0.25922000182793314,0.056654619478822776,forward,-24.60555596407125,False
True,False,td3,scurve,221,0.005919192134319415,False,0.5178208375837606,0.6646725895010881,0.13766343134030862,0.6041539891157299,0.28387673452645956,0.39655633089490017,0.01443926146517911,0.04944657077468229,0.06571888782804565,0.2180644332344867,0.3138687769751743,nan,0.2659279853105545,0.322443247048343,0.4248136551651793,path_042_scurve.npz,42,42,0.0001558920932417823,0.3924634144119999,0.15402183413840784,forward,618.6852075788158,False
True,False,fpp,scurve,221,0.003671391153783295,False,0.6146044059738935,0.5693237859483843,0.11254106282918788,0.068679015384987,0.33194834533596523,0.297251654344914,0.01161253639142868,0.02154926194190441,0.053598216963310935,0.020606881555388954,0.30926470869806555,nan,0.025169982109218836,0.37205760326842374,0.3279785964536782,path_042_scurve.npz,42,42,1.0798579767070089e-05,0.36799287946900977,0.13541814589516726,forward,614.0011422182197,False
True,False,pid,scurve,55,0.0029499869812824753,False,3.412766680365312,0.5566517886445267,0.20969954560059748,0.05321999196894467,1.148940686373639,0.2873250948490196,0.14996873067440705,0.06342015399633935,0.0580011352145562,0.0301825094290755,0.24645454599098726,nan,0.04141300159972161,1.4716493047524863,0.32050063887228797,path_042_scurve.npz,42,42,0.00020246611412467298,0.40214952135889254,0.16012421901484644,forward,14.1060064755156,False
True,False,mpc,scurve,54,0.004442731021203064,False,3.435074422170599,0.5835119349143519,0.16044868945086005,1.4499880198854953,1.0910304709536565,0.3559757005352908,0.16615721984243506,0.04193932027259216,0.06720010820320112,1.2184219258078546,0.2509259271124999,nan,1.4079055021284146,1.4638027092745638,0.37875629906518893,path_042_scurve.npz,42,42,0.0005814312299612744,0.26179939011732944,0.06769276102298122,forward,14.137093664281558,False
True,False,td3,scurve,224,0.010518249341872189,False,0.5596027621307587,0.7912650012150124,0.22872910099978783,0.6282149988692254,0.3063655846429024,0.42317929676829696,0.019720242332673645,0.055786742429788684,0.08366782050628084,0.23903803555315659,0.31253348197788,nan,0.3359731592354364,0.3512501359040016,0.45824452857783027,path_043_scurve.npz,43,43,0.00010865361230841265,0.3981729959267599,0.1585177291475988,forward,618.4616539983699,False
True,False,fpp,scurve,222,0.008020521404344848,False,0.6664907199994216,0.5562874070995428,0.15783859236125986,0.0383890001103282,0.40544125783735246,0.32526883754082003,0.016267220345708176,0.029760388743739045,0.07740846931315111,0.022291814775189368,0.30386261078151494,nan,0.030957003764342506,0.44346791524568707,0.34966187641662627,path_043_scurve.npz,43,43,3.519049791374522e-05,0.26636817950956443,0.07094995060092373,forward,602.2996955452768,False
True,False,pid,scurve,56,0.0018227669992985853,False,3.404279583853881,0.472819277906107,0.11980679922077726,0.07561899838037789,1.0561395708594716,0.2821030187830292,0.14493554142714862,0.0421027323750535,0.0364464763584041,0.03073512717881905,0.25312500034591984,nan,0.042782492528203875,1.4139501725055101,0.30679062373573157,path_043_scurve.npz,43,43,6.430904907243497e-05,0.4128051618485912,0.1697397850585707,forward,23.85118915742619,False
True,False,mpc,scurve,81,0.01627280209667349,False,3.3662754927667797,0.7519470746195404,0.464660341723261,1.468157017370686,0.9150295602006034,0.45937034616814076,0.16260638141871359,0.09274087967360256,0.1547279160085648,1.2189387045599474,0.2614197534175567,nan,1.413568010320887,1.2095445265757365,0.48516658395848644,path_043_scurve.npz,43,43,0.006823757345436101,0.26179966846809943,0.06476794429485866,forward,72.94018638650178,False
True,False,td3,scurve,219,0.002032499904097379,False,0.5153141147799998,0.589563619079456,0.09973778964920361,0.5920249968767166,0.2675308160112297,0.3276643883856388,0.010386326954121842,0.02592494331449212,0.03811588258146606,0.2248690096282966,0.3155707733271873,nan,0.27258799818810076,0.3227663445936018,0.3651414387278815,path_044_scurve.npz,44,44,8.419826389259005e-05,0.4046051869715128,0.16370530283883797,forward,616.9556599130686,False
True,False,fpp,scurve,223,0.01003027739927555,False,0.8352398190731009,0.6626771032642811,0.18612447634008178,0.054660020396113396,0.43634744250858304,0.34790161852538315,0.02050621194192111,0.0338364040971827,0.08443886171202276,0.020990758192529192,0.30065022522558543,nan,0.029220106080174443,0.4783943039310677,0.37571678809863257,path_044_scurve.npz,44,44,6.503905602826094e-05,0.3433873282527562,0.11790793332008435,forward,595.9827652046656,False
True,False,pid,scurve,79,0.013577695154015289,False,3.699207501293918,0.728308329728971,0.2554422684445488,0.05792899173684418,1.2224260550024617,0.39461915368783557,0.1424027108118492,0.08098391885525577,0.11952465970849604,0.029197239753188966,0.24294303715983523,nan,0.03932200197596103,1.5410799159466488,0.42228934854180417,path_044_scurve.npz,44,44,0.002517209497750128,0.43203701409971546,0.18555838439575248,forward,3.330699200726839,False
True,False,mpc,scurve,52,0.00466688553737089,False,3.382436809230953,0.5675531459528044,0.1491010863910325,1.5773159975651652,1.1096667188516358,0.3492095358113644,0.16543061500031223,0.034049757094350284,0.05898712771898277,1.17361682518654,0.24947115320425767,nan,1.3169144978746772,1.4620652121242739,0.3816288384073287,path_044_scurve.npz,44,44,0.0008069662734022996,0.26179938992628893,0.06762642035046328,forward,14.016310511357148,False
True,False,td3,scurve,220,0.005241360447729586,False,0.5053833208701072,0.6177436624747452,0.16121615961377478,0.6005850154906511,0.27415817348903676,0.3718945723376269,0.012407322618763615,0.04011754529636437,0.059956528900408264,0.2311618949699385,0.31552272439002993,nan,0.31902998161967844,0.3287654130464636,0.40844448810881445,path_045_scurve.npz,45,45,4.26082989395387e-05,0.4075312359879346,0.16607878263175946,forward,616.1965827354411,False
True,False,fpp,scurve,222,0.006498414511888359,False,0.7588677421606299,0.6094624393307175,0.16973427407102087,0.06713898619636893,0.3668834199202703,0.3224192610039485,0.01644315342045689,0.0291409765559199,0.06636079180451078,0.02248299141364122,0.30582207360783137,nan,0.03278855292592197,0.41378134505644815,0.36471686479198046,path_045_scurve.npz,45,45,3.0114709063640563e-05,0.3656375425660426,0.13368183212651355,forward,607.2990230545643,False
True,False,pid,scurve,72,0.00943785330923043,False,3.693203910531712,0.7004148692022568,0.25258573505273557,0.06700900848954916,1.280465768921426,0.4108074188510103,0.150511357506374,0.07680906361086386,0.10870790786268093,0.030843751624666363,0.2392708324930734,nan,0.03637900663306937,1.6364265308634889,0.4331634185526882,path_045_scurve.npz,45,45,0.0025857843795427282,0.431954066054726,0.18565618328186537,forward,-18.658319177607066,False
True,False,mpc,scurve,56,0.017763790312760323,False,3.512429728550284,0.6955278112363619,0.3420540936576083,1.5304770204238594,1.1493386613647838,0.4101300502257397,0.16924459569266848,0.09357819990329867,0.13129997016116257,1.1731510359303294,0.24093749932944775,nan,1.32724399009021,1.3933062186301304,0.4380613886622571,path_045_scurve.npz,45,45,0.0038144661728992347,0.261799390294726,0.06818923331014812,forward,24.710121260925717,False
True,False,td3,scurve,220,0.0037896852144970678,False,0.5095628817420873,0.5939115033152564,0.11092680695809144,0.6631150026805699,0.2782086715536722,0.31918143674887267,0.014009896724722028,0.035566426625950436,0.055513518088304535,0.22158498349282044,0.31445454359054564,nan,0.27104394539492205,0.32557561317822,0.3529132649987278,path_046_scurve.npz,46,46,0.0001042702003283981,0.3989578534182421,0.1591653887252213,forward,619.307739652297,False
True,False,fpp,scurve,226,0.015689121154661062,False,0.9300378347568565,0.6583393526926442,0.2270056426991118,0.04422999336384237,0.5359603902538169,0.3939766864857849,0.03144822210399657,0.04600206277668042,0.1138000174524811,0.02152712841052562,0.2951327433100844,nan,0.030114235414657742,0.5809996102314475,0.4243429574703779,path_046_scurve.npz,46,46,0.00017744686943128125,0.3456763080829604,0.11948245054585867,forward,575.6406271170026,False
True,False,pid,scurve,72,0.004794003505257805,False,3.611212975653786,0.6903591009578007,0.2623135334171378,0.04543000250123441,1.0433369066830878,0.29880828358375944,0.12433845535044563,0.05874234967909377,0.05538540476020472,0.030759986758413207,0.2512152772396803,nan,0.041126005817204714,1.399623485905866,0.3490653712142232,path_046_scurve.npz,46,46,0.00045310534417439724,0.4107626714592619,0.16772628545751347,forward,35.245034552413145,False
True,False,mpc,scurve,72,0.0064065949022712055,False,3.3349743826553717,0.5936283723530975,0.2304283090458088,1.8309240113012493,0.8725156440090989,0.3162914749285007,0.12738764461744034,0.06764705485384742,0.09440266878410432,1.1894590829292104,0.2674652789202001,nan,1.4523459700285457,1.1845654091312605,0.3410761634182088,path_046_scurve.npz,46,46,0.0005554027944341685,0.2603424208247872,0.06681125316841438,forward,73.06565170792973,False
True,False,td3,scurve,222,0.006081710997680016,False,0.5230524408052523,0.5957768444565718,0.12608569155017474,0.5901049880776554,0.2835895614724472,0.3540744485152103,0.01467940724116504,0.0449712858984085,0.07087734410077343,0.21960225618582824,0.3137612600584288,nan,0.26603649312164634,0.32410787309469635,0.3831264030677315,path_047_scurve.npz,47,47,2.5811456308568124e-05,0.4020904356251795,0.16167012394063401,forward,621.7279040187886,False
True,False,fpp,scurve,220,0.0006907501440009471,False,0.5089997131174716,0.427057224086807,0.04914253035406177,0.04787900252267718,0.2665156652939268,0.26344665560336017,0.01389727371467226,0.010083320011574854,0.023003726720460426,0.020844266824000937,0.31512499749660494,nan,0.026228990464005616,0.3283517462775086,0.28927844339518044,path_047_scurve.npz,47,47,6.530233658666086e-06,0.4003609463097892,0.16028685172487694,forward,619.3845937829694,False
True,False,pid,scurve,50,0.005908261441877669,False,3.3414362485540643,0.562154248378167,0.2507439967694003,0.0575199956074357,1.2024970567637023,0.3191794947544794,0.16667577719213725,0.08509205715461601,0.09652332219704395,0.030505096656270325,0.24110000103712081,nan,0.041120489186141626,1.4777259578710098,0.3333646756795721,path_047_scurve.npz,47,47,0.00037375941239301436,0.40265800576050115,0.1605107326327845,forward,10.457684789369672,False
True,False,mpc,scurve,60,0.007508982550622653,False,3.545130780880247,0.8393147379253054,0.22498079053010486,1.4758179895579815,1.28424966973134,0.5020566330022368,0.16122027550024534,0.05277653703817833,0.09283839866389537,1.0941450144552316,0.24099999889731408,nan,1.1200740176718682,1.7019479877773276,0.5310347774214972,path_047_scurve.npz,47,47,0.0011479510439146106,0.26179938564698146,0.06663505869532473,forward,-30.4944421513461,False
True,False,td3,scurve,221,0.005539223096221136,False,0.5079985645786463,0.7376212145202333,0.1496484373766773,0.6394649972207844,0.26382808700412086,0.3174043628126154,0.011033418403602462,0.03640566300152657,0.058390644086904794,0.22916871805704828,0.31584841309629413,nan,0.2924670116044581,0.28291709979823637,0.3440878723420569,path_048_scurve.npz,48,48,3.414357260128751e-05,0.3912763097575025,0.15309572871332824,forward,626.8455084616662,False
True,False,fpp,scurve,229,0.030343567776653126,False,1.2277297337191704,0.7439222855639425,0.2966293002282895,0.03953001578338444,0.6802361179696617,0.4478326528558631,0.04324157925818351,0.05940539311791222,0.15294708054409475,0.021223729302472228,0.28487991219524733,nan,0.027227995451539744,0.7442978508983839,0.47954840077125954,path_048_scurve.npz,48,48,0.0005784193634068009,0.3190739522416498,0.10176315865187867,forward,528.9440599460941,False
True,False,pid,scurve,53,0.001116944744825207,False,3.616353227157177,0.5472915482056158,0.10787685968366319,0.03452901728451252,1.1571891705367963,0.2883051438147645,0.15961946738979546,0.041537131913927765,0.025380299026313915,0.027538264578840923,0.24202830091399966,nan,0.03184339147992432,1.546766899704111,0.32987010958205476,path_048_scurve.npz,48,48,6.074621885067592e-05,0.40700425197991874,0.16459965063989065,forward,3.1782708334903234,False
True,False,mpc,scurve,55,0.02519959565323977,False,3.4395539111369433,0.850022439841456,0.5255142454017192,1.756095007294789,1.3614866742006582,0.4954018629889071,0.1839954089565565,0.11230647617839393,0.1444021346868616,1.1118903814349324,0.22781818143346094,nan,1.1399222916224971,1.5850361106275443,0.5360583066781478,path_048_scurve.npz,48,48,0.01587141081446001,0.2617993750355539,0.06470980015488655,forward,-10.80376371855273,False
True,False,td3,scurve,220,0.0027979011629789417,False,0.5019556378930212,0.6003675274100152,0.13882875585211113,0.6020749860908836,0.2693027734684923,0.298077066262834,0.012045504676884197,0.026646691487824305,0.03874488988178818,0.22259364936458456,0.3147499978542328,nan,0.27905049064429477,0.29006592061643593,0.3232253987746863,path_049_scurve.npz,49,49,0.00020498349585033494,0.39581843664438104,0.15666186079403407,forward,625.7585365434813,False
True,False,fpp,scurve,227,0.02582535059091709,False,1.2290229451208232,0.7953673294644998,0.2977720058695461,0.08792997687123716,0.6522306663704387,0.4283530485320313,0.03792778512381022,0.0518466640855657,0.14086795065164964,0.021919486187767682,0.28860132205853906,nan,0.026367680402472615,0.7123408189327392,0.45851380136129083,path_049_scurve.npz,49,49,0.00042336877436712666,0.28547240947154373,0.08148644808765455,forward,537.2175841199572,False
True,False,pid,scurve,62,0.013880197712190644,False,3.4077610744759532,0.6861278862174791,0.367513035449298,0.037560006603598595,1.1172271957434379,0.4036608220914882,0.16490319438589598,0.10772174312188178,0.1503330220524405,0.028970272039934512,0.2490322588672561,nan,0.035629530611913644,1.3633610264100353,0.429386345852577,path_049_scurve.npz,49,49,0.001396785588860932,0.4096438529074203,0.16582627830396238,forward,32.29066172534044,False
True,False,mpc,scurve,56,0.00775966728865563,False,3.6895851509291737,0.982737931693723,0.22537143632193493,1.5022570150904357,1.303621201684851,0.527150532559222,0.16601874722267812,0.0548591918802252,0.09737222970947974,1.1520127144259666,0.23910714300083263,nan,1.4395947582670487,1.7771392045912884,0.5685116253838618,path_049_scurve.npz,49,49,0.0011602969534161597,0.26179938923035573,0.06775212065068208,forward,-42.30871425200213,False
