t_ns,hitch_angle,hitch_rate
1785942415258669348,-0.003741757944226265,0.0
1785942415417145568,-0.006766193080693483,0.0
1785942415550049661,-0.004392888396978378,0.0
1785942415698963238,-0.005886039696633816,0.0
1785942415850170887,-0.004781331866979599,0.0
1785942415975844108,-0.007080438081175089,0.0
1785942416123811665,-0.004518392961472273,0.0
1785942416252576973,-0.005336932837963104,0.0
1785942416398766541,-0.007633276283740997,0.0
1785942416546993883,-0.006223780568689108,0.0
1785942416673140274,-0.009280596859753132,0.0
1785942416821844883,-0.006364981643855572,0.0
1785942416947142153,-0.006569979712367058,0.0
1785942417100900270,-0.004139648284763098,0.0
1785942417247923630,-0.0036368221044540405,0.0
1785942417371726698,-0.008868738077580929,0.0
1785942417518028846,-0.00561514962464571,0.0
1785942417648836153,-0.004507486242800951,0.0
1785942417803889104,-0.007600948214530945,0.0
1785942417965867347,-0.006348301190882921,0.0
1785942418098621066,-0.004848427139222622,0.0
1785942418288361345,-0.007561834529042244,0.0
1785942418429736870,-0.007698158733546734,0.0
1785942418581082989,-0.005419474560767412,0.0
1785942418743616006,-0.006165605038404465,0.0
1785942418889177005,-0.003833894617855549,0.0
1785942419054230439,-0.0068252962082624435,0.0
1785942419202417684,-0.009275450371205807,0.0
1785942419358238889,-0.004447168670594692,0.0
1785942419520925064,-0.006195285357534885,0.0
1785942419653524665,-0.0059367152862250805,0.0
1785942419809618456,-0.00833985861390829,0.0
1785942419967311189,-0.00898878462612629,0.0
1785942420099055717,-0.004642887972295284,0.0
1785942420253478307,-0.0059222262352705,0.0
1785942420384629148,-0.0047156778164207935,0.0
1785942420540693210,-0.007678300142288208,0.0
1785942420697854595,-0.004897569306194782,0.0
1785942420844334413,-0.006526004523038864,0.0
1785942421025178508,0.003813280025497079,0.0
1785942421162255530,0.01298543345183134,0.0
1785942421329373396,0.01709720306098461,0.0
1785942421494837566,0.033702220767736435,0.0
1785942421631875227,0.04265191778540611,0.0
1785942421788745145,0.059571217745542526,0.0
1785942421921811644,0.06350163370370865,0.0
1785942422072298242,0.08366631716489792,0.0
1785942422229672947,0.09240807592868805,0.0
1785942422361016659,0.1175815537571907,0.0
1785942422512607716,0.13193370401859283,0.0
1785942422640279798,0.15687735378742218,0.0
1785942422789329828,0.16637901961803436,0.0
1785942422938938824,0.17828066647052765,0.0
1785942423066027204,0.18695582449436188,0.0
1785942423215970069,0.19076687097549438,0.0
1785942423342639744,0.19379371404647827,0.0
1785942423493725821,0.18422596156597137,0.0
1785942423646621344,0.1773788034915924,0.0
1785942423774521243,0.1444653570652008,0.0
1785942423924537295,0.12858445942401886,0.0
1785942424049613789,0.08416228741407394,0.0
1785942424195603572,0.06206177547574043,0.0
1785942424347707737,0.041146110743284225,0.0
1785942424478085780,-0.004266661591827869,0.0
1785942424624061259,-0.02603165991604328,0.0
1785942424753485729,-0.06926748901605606,0.0
1785942424903158760,-0.0978483334183693,0.0
1785942425055041060,-0.15844346582889557,0.0
1785942425181545801,-0.192905455827713,0.0
1785942425329747926,-0.22634980082511902,0.0
1785942425457398951,-0.28911522030830383,0.0
1785942425605913633,-0.32538899779319763,0.0
1785942425755567815,-0.39620622992515564,0.0
1785942425882213393,-0.4255921542644501,0.0
1785942426031366787,-0.4567068815231323,0.0
1785942426158143731,-0.5347326993942261,0.0
1785942426307813881,-0.5714983344078064,0.0
1785942426461919403,-0.634206235408783,0.0
1785942426594880106,-0.655249297618866,0.0
1785942426747695307,-0.6780786514282227,0.0
1785942426881515019,-0.7053453326225281,0.0
1785942427061219613,-0.7130975127220154,0.0
1785942427220622044,-0.722313642501831,0.0
1785942427363483067,-0.7084829211235046,0.0
1785942427552221163,-0.7009245753288269,0.0
1785942427683823861,-0.6746922135353088,0.0
1785942427838842602,-0.6533541679382324,0.0
1785942427993034048,-0.600847601890564,0.0
1785942428128782187,-0.5762207508087158,0.0
1785942428294516896,-0.5306829810142517,0.0
1785942428427000076,-0.5117493271827698,0.0
1785942428584102930,-0.4569970965385437,0.0
1785942428712808973,-0.43099460005760193,0.0
1785942428863664513,-0.3822530508041382,0.0
1785942429018646517,-0.3563220500946045,0.0
1785942429148843241,-0.30200037360191345,0.0
1785942429304133161,-0.2801287770271301,0.0
1785942429437189548,-0.22741340100765228,0.0
1785942429600941204,-0.19661054015159607,0.0
1785942429752958133,-0.16677574813365936,0.0
1785942429886289698,-0.1068023070693016,0.0
1785942430047870422,-0.07971753180027008,0.0
1785942430185617358,-0.027552273124456406,0.0
1785942430393589960,-0.006129865068942308,0.0
1785942430540511907,0.03605323284864426,0.0
1785942430699888898,0.09164422750473022,0.0
1785942430853000269,0.1603153944015503,0.0
1785942430980077224,0.1937023401260376,0.0
1785942431127824292,0.22644662857055664,0.0
1785942431281460036,0.2986587584018707,0.0
1785942431414736752,0.3332599103450775,0.0
1785942431573437236,0.4073999524116516,0.0
1785942431706446133,0.42620953917503357,0.0
1785942431856520491,0.4635174870491028,0.0
1785942432015774308,0.5451281666755676,0.0
1785942432145520679,0.6158013343811035,0.0
1785942432297324352,0.653987467288971,0.0
1785942432454002806,0.7303909063339233,0.0
1785942432628755240,0.770265519618988,0.0
1785942432765386677,0.8400585651397705,0.0
1785942432919946969,0.8691052198410034,0.0
1785942433093015817,0.9073804616928101,0.0
1785942433242574027,0.9164314866065979,0.0
1785942433397000906,0.911553680896759,0.0
1785942433533418447,0.906560480594635,0.0
1785942433683658059,0.8991116285324097,0.0
1785942433877926642,0.9051045179367065,0.0
1785942434033118798,0.9069716930389404,0.0
1785942434238311771,0.9020556211471558,0.0
1785942434367824213,0.9057005643844604,0.0
1785942434518136980,0.9057327508926392,0.0
1785942434668188009,0.9072426557540894,0.0
1785942434795699925,0.9050959944725037,0.0
1785942434948385808,0.9053900837898254,0.0
1785942435081968391,0.9073895812034607,0.0
1785942435243762179,0.9060055017471313,0.0
1785942435403509520,0.8858691453933716,0.0
1785942435535165564,0.8881340622901917,0.0
1785942435684105510,0.9075344204902649,0.0
1785942435810499271,0.9038150310516357,0.0
1785942435960566589,0.9111908078193665,0.0
1785942436108280311,0.9167080521583557,0.0
1785942436235781059,0.9155320525169373,0.0
1785942436387663967,0.9185791611671448,0.0
1785942436521482527,0.9162272810935974,0.0
1785942436674040309,0.905656635761261,0.0
1785942436846404843,0.9029984474182129,0.0
1785942436979224612,0.875049889087677,0.0
1785942437131039230,0.868313193321228,0.0
1785942437256875337,0.833411693572998,0.0
1785942437406218755,0.8195610642433167,0.0
1785942437534837849,0.798190712928772,0.0
1785942437674251314,0.7673503756523132,0.0
1785942437820860514,0.7503842711448669,0.0
1785942437944735841,0.7122192978858948,0.0
1785942438094398247,0.693484365940094,0.0
1785942438215519099,0.672644317150116,0.0
1785942438360588816,0.6313542127609253,0.0
1785942438509857702,0.6146224141120911,0.0
1785942438637275343,0.5681378841400146,0.0
1785942438786475299,0.5452306270599365,0.0
1785942438916861694,0.5242453217506409,0.0
1785942439063604307,0.4840070307254791,0.0
1785942439191950079,0.4571208655834198,0.0
1785942439341364252,0.42726054787635803,0.0
1785942439488189780,0.37638744711875916,0.0
1785942439619952324,0.35639050602912903,0.0
1785942439771340205,0.3073332607746124,0.0
1785942439899064897,0.28972920775413513,0.0
1785942440045193407,0.2645070552825928,0.0
1785942440194538232,0.20964094996452332,0.0
1785942440329035059,0.18251053988933563,0.0
1785942440494293237,0.12862786650657654,0.0
1785942440629575598,0.10048771649599075,0.0
1785942440879679431,0.050294045358896255,0.0
1785942441050754795,0.00520990090444684,0.0
1785942441179939832,-0.04196413978934288,0.0
1785942441327691316,-0.07163545489311218,0.0
1785942441467787847,-0.1322319060564041,0.0
1785942441631909821,-0.1678883135318756,0.0
1785942441794001221,-0.22833530604839325,0.0
1785942441925478282,-0.2668014168739319,0.0
1785942442077515148,-0.3369089365005493,0.0
1785942442203336183,-0.3748393952846527,0.0
1785942442352792629,-0.4305366277694702,0.0
1785942442507499134,-0.47114109992980957,0.0
1785942442636739725,-0.5490522980690002,0.0
1785942442788174616,-0.5875102877616882,0.0
1785942442919197580,-0.6242357492446899,0.0
1785942443073001522,-0.7018228769302368,0.0
1785942443225163065,-0.7407745122909546,0.0
1785942443353627146,-0.8227437138557434,0.0
1785942443506510765,-0.8607149124145508,0.0
1785942443635062913,-0.8969759941101074,0.0
1785942443783561338,-0.8934945464134216,0.0
1785942443938213729,-0.885463535785675,0.0
1785942444066591983,-0.8712887167930603,0.0
1785942444219574262,-0.8680950999259949,0.0
1785942444347902081,-0.8453068733215332,0.0
1785942444499084610,-0.8415462970733643,0.0
1785942444651778141,-0.8427123427391052,0.0
1785942444778633136,-0.8448477387428284,0.0
1785942444930711924,-0.8491813540458679,0.0
1785942445058342404,-0.8615813851356506,0.0
1785942445206964034,-0.8713862299919128,0.0
1785942445360546944,-0.8856753706932068,0.0
1785942445491364940,-0.8899571895599365,0.0
1785942445641378655,-0.8952154517173767,0.0
1785942445768612129,-0.8962380290031433,0.0
1785942445917424518,-0.8917630314826965,0.0
1785942446066644187,-0.8690299391746521,0.0
1785942446192498534,-0.8503230214118958,0.0
1785942446340253218,-0.8329953551292419,0.0
1785942446464360874,-0.7905253767967224,0.0
1785942446609625542,-0.7723747491836548,0.0
1785942446738872245,-0.7269171476364136,0.0
1785942446883895656,-0.7075292468070984,0.0
1785942447034555700,-0.6822458505630493,0.0
1785942447163261166,-0.6381107568740845,0.0
1785942447314731674,-0.6151322722434998,0.0
1785942447478362750,-0.5699950456619263,0.0
1785942447651215334,-0.5469461679458618,0.0
1785942447812775129,-0.4975604712963104,0.0
1785942447944765234,-0.4495519995689392,0.0
1785942448097121825,-0.42157137393951416,0.0
1785942448223244407,-0.3736327290534973,0.0
1785942448374735172,-0.34643638134002686,0.0
1785942448528184541,-0.3363865315914154,0.0
1785942448656950937,-0.28047502040863037,0.0
1785942448805622297,-0.2505381107330322,0.0
1785942448934408214,-0.19147704541683197,0.0
1785942449079182943,-0.1624966710805893,0.0
1785942449232895074,-0.13105688989162445,0.0
1785942449361096232,-0.07574107497930527,0.0
1785942449509849259,-0.051145657896995544,0.0
1785942449633808941,-0.0010750798974186182,0.0
1785942449791905114,0.02411133423447609,0.0
1785942449944562452,0.051289185881614685,0.0
1785942450070326364,0.10553368926048279,0.0
1785942450218682768,0.1398903876543045,0.0
1785942450344758692,0.2051558792591095,0.0
1785942450496705251,0.24373210966587067,0.0
1785942450622276387,0.2755666971206665,0.0
1785942450764249920,0.3488549292087555,0.0
1785942450909958829,0.38917967677116394,0.0
1785942451034998073,0.4376898407936096,0.0
1785942451181865970,0.4791630506515503,0.0
1785942451307572792,0.5133169293403625,0.0
1785942451453100382,0.5837981700897217,0.0
1785942451599506406,0.6209306716918945,0.0
1785942451722330236,0.7045333981513977,0.0
1785942451873403225,0.747472882270813,0.0
1785942452001181263,0.7841615080833435,0.0
1785942452149040304,0.8562977313995361,0.0
1785942452298145888,0.8842281103134155,0.0
1785942452424829900,0.8958788514137268,0.0
1785942452574137444,0.8827043175697327,0.0
1785942452700681483,0.8634306788444519,0.0
1785942452847396030,0.6036277413368225,0.0
1785942453000313411,0.09492100030183792,0.0
1785942453129687479,-0.3217308819293976,0.0
1785942453282750528,-0.28023698925971985,0.0
1785942453410351664,-0.23656147718429565,0.0
1785942453560052407,-0.15070727467536926,0.0
1785942453725757227,-0.11765417456626892,0.0
1785942453864277953,-0.05139598622918129,0.0
1785942454025669134,-0.028850393369793892,0.0
1785942454179771552,0.026880940422415733,0.0
1785942454386876311,0.052207738161087036,0.0
1785942454568201896,0.07150539755821228,0.0
1785942454702387990,0.09313999861478806,0.0
1785942454854902763,0.1293652355670929,0.0
1785942454982978093,0.18065035343170166,0.0
1785942455137122688,0.18540962040424347,0.0
1785942455267166798,0.152345210313797,0.0
1785942455423600763,0.14891788363456726,0.0
1785942455576940431,0.14340797066688538,0.0
1785942455702457326,0.14024394750595093,0.0
1785942455846056329,0.1445320099592209,0.0
1785942455971364288,0.14378321170806885,0.0
1785942456118827696,0.14538858830928802,0.0
1785942456269217491,0.1434042900800705,0.0
1785942456397738694,0.14444348216056824,0.0
1785942456545151189,0.1433253437280655,0.0
1785942456670739126,0.143771693110466,0.0
1785942456816390785,0.1399008333683014,0.0
1785942456968504806,0.14496783912181854,0.0
1785942457092525418,0.14211127161979675,0.0
1785942457240793018,0.14596273005008698,0.0
1785942457367779122,0.1426735371351242,0.0
1785942457516619512,0.14220653474330902,0.0
1785942457670149268,0.14191372692584991,0.0
1785942457797484345,0.14373405277729034,0.0
1785942457945178419,0.14340263605117798,0.0
1785942458072778434,0.14627164602279663,0.0
1785942458221011185,0.143442764878273,0.0
1785942458370141474,0.14168038964271545,0.0
1785942458499582361,0.14528369903564453,0.0
1785942458649138939,0.14282958209514618,0.0
1785942458775587037,0.1412217617034912,0.0
1785942458924091671,0.14307701587677002,0.0
1785942459073414608,0.1422126293182373,0.0
1785942459198577600,0.1418336182832718,0.0
1785942459348378636,0.14466550946235657,0.0
1785942459473798919,0.1428460329771042,0.0
1785942459621439710,0.14240722358226776,0.0
1785942459747459761,0.1420651376247406,0.0
1785942459891271796,0.14246457815170288,0.0
1785942460042442932,0.14489488303661346,0.0
1785942460168643630,0.14245617389678955,0.0
1785942460316005435,0.14444862306118011,0.0
1785942460441084200,0.1427115499973297,0.0
1785942460590523334,0.1456298828125,0.0
1785942460738114171,0.14285790920257568,0.0
1785942460865380702,0.1447061449289322,0.0
1785942461015023171,0.14664626121520996,0.0
1785942461160201947,0.14298580586910248,0.0
1785942461338949384,0.13960519433021545,0.0
1785942461513440080,0.1389789879322052,0.0
1785942461640243425,0.1385810226202011,0.0
1785942461788629749,0.14178919792175293,0.0
1785942461926498418,0.13901673257350922,0.0
1785942462089204402,0.10891658812761307,0.0
1785942462250322740,0.08695376664400101,0.0
1785942462380509927,0.06060836836695671,0.0
1785942462535053034,0.040716737508773804,0.0
1785942462661876123,0.012357435189187527,0.0
1785942462809263209,-0.0042692311108112335,0.0
1785942462960031354,-0.0437612421810627,0.0
1785942463084166115,-0.06614042073488235,0.0
1785942463232646300,-0.08606117963790894,0.0
1785942463358046966,-0.14869463443756104,0.0
1785942463503640926,-0.1871252954006195,0.0
1785942463653236258,-0.26660779118537903,0.0
1785942463778762881,-0.30569368600845337,0.0
1785942463924341160,-0.34566664695739746,0.0
1785942464049027175,-0.42155465483665466,0.0
1785942464193632553,-0.5680217146873474,0.0
1785942464319355280,-0.6042354702949524,0.0
1785942464464699310,-0.6667482852935791,0.0
1785942464613194695,-0.7005709409713745,0.0
1785942464748955699,-0.7674760222434998,0.0
1785942464905011024,-0.7978588342666626,0.0
1785942465032089548,-0.8597497940063477,0.0
1785942465176752528,-0.8900001049041748,0.0
1785942465327224469,-0.9177424311637878,0.0
1785942465455051469,-0.9718275666236877,0.0
1785942465600449166,-1.003090500831604,0.0
1785942465724059491,-1.0510034561157227,0.0
1785942465871747453,-1.0487829446792603,0.0
1785942466020074223,-1.033660650253296,0.0
1785942466143379096,-0.8398323059082031,0.0
1785942466287900279,0.3264385163784027,0.0
1785942466440319175,0.31287169456481934,0.0
1785942466602029344,0.23842290043830872,0.0
1785942466759659675,0.1532682627439499,0.0
1785942466900961789,0.1226091980934143,0.0
1785942467046763790,0.09900348633527756,0.0
1785942467178260212,0.07150306552648544,0.0
1785942467358393238,0.06970782577991486,0.0
1785942467522031002,0.06200335919857025,0.0
1785942467657100587,0.06038687005639076,0.0
1785942467816662576,0.05226532742381096,0.0
1785942468008779427,0.02048632875084877,0.0
1785942468217943114,-0.025792023167014122,0.0
1785942468355851113,-0.07148247957229614,0.0
1785942468511013252,-0.09590630978345871,0.0
1785942468667771133,-0.14848920702934265,0.0
1785942468804038460,-0.17904366552829742,0.0
1785942468960369668,-0.23251663148403168,0.0
1785942469093498698,-0.26300716400146484,0.0
1785942469256616121,-0.28765949606895447,0.0
1785942469416977278,-0.3385721445083618,0.0
1785942469549658386,-0.39416807889938354,0.0
1785942469707203305,-0.4100465774536133,0.0
1785942469837429790,-0.4523879587650299,0.0
1785942469988550461,-0.47079843282699585,0.0
1785942470149456727,-0.48143434524536133,0.0
1785942470279582312,-0.48091912269592285,0.0
1785942470435782635,-0.4721893072128296,0.0
1785942470569311456,-0.45669877529144287,0.0
1785942470720588133,-0.4501848518848419,0.0
1785942470871140845,-0.4470342993736267,0.0
1785942470999136204,-0.4506288170814514,0.0
1785942471147060495,-0.45398053526878357,0.0
1785942471272109051,-0.4650501012802124,0.0
1785942471419880312,-0.4689214825630188,0.0
1785942471568980808,-0.48122438788414,0.0
1785942471694251805,-0.48677366971969604,0.0
1785942471842256483,-0.4943627119064331,0.0
1785942471967614491,-0.5072469115257263,0.0
1785942472114029572,-0.5125790238380432,0.0
1785942472239672679,-0.5244293808937073,0.0
1785942472384191718,-0.5307031869888306,0.0
1785942472534802801,-0.5379772186279297,0.0
1785942472658221630,-0.5486329793930054,0.0
1785942472802815616,-0.5523755550384521,0.0
1785942472927960720,-0.5603191256523132,0.0
1785942473075133686,-0.5582075119018555,0.0
1785942473227978231,-0.553078830242157,0.0
1785942473352386155,-0.5381587147712708,0.0
1785942473496543227,-0.531091570854187,0.0
1785942473622741812,-0.5222219824790955,0.0
1785942473765941216,-0.5146126747131348,0.0
1785942473912918046,-0.5081379413604736,0.0
1785942474035757909,-0.49768540263175964,0.0
1785942474183968739,-0.4892275333404541,0.0
1785942474309867824,-0.4802716374397278,0.0
1785942474460095596,-0.47146549820899963,0.0
1785942474647435782,-0.4648977220058441,0.0
1785942474825429622,-0.4531117081642151,0.0
1785942474983586277,-0.44084450602531433,0.0
1785942475150853013,-0.4359053671360016,0.0
1785942475306498435,-0.4350093603134155,0.0
1785942475458021201,-0.4410182535648346,0.0
1785942475584757343,-0.43934565782546997,0.0
1785942475740168707,-0.43860265612602234,0.0
1785942475872753556,-0.4360979199409485,0.0
1785942476022681892,-0.44136860966682434,0.0
1785942476172382956,-0.44154396653175354,0.0
1785942476297628096,-0.44004717469215393,0.0
1785942476447586673,-0.4401979446411133,0.0
1785942476574544936,-0.4403936564922333,0.0
1785942476722617136,-0.43940863013267517,0.0
1785942476848538974,-0.4367060363292694,0.0
1785942476994090309,-0.43957796692848206,0.0
1785942477141622969,-0.4400598704814911,0.0
1785942477264592117,-0.43845030665397644,0.0
1785942477409571461,-0.43738770484924316,0.0
1785942477537667816,-0.43835312128067017,0.0
1785942477681780215,-0.43962809443473816,0.0
1785942477831109680,-0.43821531534194946,0.0
1785942477955697611,-0.4384663999080658,0.0
1785942478102997397,-0.4381655156612396,0.0
1785942478227003449,-0.4367271065711975,0.0
1785942478373169272,-0.4382507801055908,0.0
1785942478522831294,-0.42580646276474,0.0
1785942478648066738,-0.3978765606880188,0.0
1785942478795157204,-0.379416823387146,0.0
1785942478921304555,-0.3648039698600769,0.0
1785942479067845016,-0.3460164964199066,0.0
1785942479219379111,-0.346367746591568,0.0
1785942479346333277,-0.315988689661026,0.0
1785942479495142786,-0.30016273260116577,0.0
1785942479622730385,-0.2855021357536316,0.0
1785942479770449708,-0.2573608458042145,0.0
1785942479895278672,-0.2454894483089447,0.0
1785942480039532196,-0.22974491119384766,0.0
1785942480190992848,-0.20431216061115265,0.0
1785942480312831648,-0.18993161618709564,0.0
1785942480457886420,-0.15799660980701447,0.0
1785942480586671409,-0.14657095074653625,0.0
1785942480733352387,-0.13521437346935272,0.0
1785942480884252441,-0.10672426968812943,0.0
1785942481012504610,-0.09767194092273712,0.0
1785942481161579185,-0.07463562488555908,0.0
1785942481290649178,-0.06228701025247574,0.0
1785942481467673988,-0.054074592888355255,0.0
1785942481667818221,-0.032553691416978836,0.0
1785942481822204010,-0.019198736175894737,0.0
1785942481985651366,-0.010609821416437626,0.0
1785942482111837599,-0.006232868414372206,0.0
1785942482255428058,-0.0003785952285397798,0.0
1785942482420700637,0.00033661650377325714,0.0
1785942482547091613,0.0038627167232334614,0.0
1785942482704371402,0.002930265385657549,0.0
1785942482835106771,0.005964783951640129,0.0
1785942482987788782,0.004219172056764364,0.0
1785942483142685343,0.006838811561465263,0.0
1785942483270980297,0.007467818446457386,0.0
1785942483422636828,0.009225484915077686,0.0
1785942483546802311,0.015807412564754486,0.0
1785942483693852552,0.01497679390013218,0.0
1785942483845016968,0.01946163736283779,0.0
1785942483972485938,0.02728881873190403,0.0
1785942484122929878,0.027977230027318,0.0
1785942484249963856,0.03376365080475807,0.0
1785942484400846821,0.03780793398618698,0.0
1785942484527812220,0.04297129064798355,0.0
1785942484674307559,0.045558586716651917,0.0
1785942484824722602,0.050539519637823105,0.0
1785942484952669575,0.05334286019206047,0.0
1785942485101262308,0.05608666315674782,0.0
1785942485229745749,0.06424174457788467,0.0
1785942485380128087,0.06619365513324738,0.0
1785942485528719092,0.06637178361415863,0.0
1785942485653821346,0.07429538667201996,0.0
1785942485801955117,0.0772232934832573,0.0
1785942485927969663,0.0846293494105339,0.0
1785942486075523219,0.08789776265621185,0.0
1785942486201307484,0.09064235538244247,0.0
1785942486344807028,0.08936470746994019,0.0
1785942486494113548,0.09296302497386932,0.0
1785942486619535335,0.09306362271308899,0.0
1785942486765938927,0.09441372752189636,0.0
1785942486888164590,0.09212761372327805,0.0
1785942487034768573,0.09166821837425232,0.0
1785942487189067447,0.08987300843000412,0.0
1785942487317898742,0.09274574369192123,0.0
1785942487464383073,0.09139557182788849,0.0
1785942487590958761,0.09218878298997879,0.0
1785942487736760377,0.09047593921422958,0.0
1785942487887773108,0.08988949656486511,0.0
1785942488015345794,0.09241960197687149,0.0
1785942488167038358,0.09443050622940063,0.0
1785942488299792430,0.09430450201034546,0.0
1785942488449296013,0.09088508039712906,0.0
1785942488612553186,0.09302452951669693,0.0
1785942488750005807,0.09357443451881409,0.0
1785942488909217127,0.0928988978266716,0.0
1785942489039127280,0.09530046582221985,0.0
1785942489189415086,0.09430799633264542,0.0
1785942489343575010,0.09582759439945221,0.0
1785942489471935759,0.09338617324829102,0.0
1785942489627317331,0.09161756187677383,0.0
1785942489756348346,0.09323246031999588,0.0
1785942489905935805,0.09772024303674698,0.0
1785942490057965535,0.10957727581262589,0.0
1785942490187713441,0.11274279654026031,0.0
1785942490341362690,0.11403168737888336,0.0
1785942490474275359,0.12197481840848923,0.0
1785942490627278470,0.127807155251503,0.0
1785942490756972999,0.13625074923038483,0.0
1785942490915273851,0.13832496106624603,0.0
1785942491076050640,0.1448243409395218,0.0
1785942491206862332,0.14939378201961517,0.0
1785942491364244749,0.15683972835540771,0.0
1785942491497712128,0.15825851261615753,0.0
1785942491650339384,0.15744632482528687,0.0
1785942491801792740,0.15838663280010223,0.0
1785942491933996678,0.16119417548179626,0.0
1785942492087932241,0.1550692915916443,0.0
1785942492219480537,0.15753106772899628,0.0
1785942492378478761,0.1602259874343872,0.0
1785942492527496694,0.15759152173995972,0.0
1785942492658207198,0.1606878638267517,0.0
1785942492810494762,0.15640579164028168,0.0
1785942492940373585,0.15493299067020416,0.0
1785942493092590682,0.15661360323429108,0.0
1785942493248030464,0.15392595529556274,0.0
1785942493377816580,0.15017127990722656,0.0
1785942493547524307,0.1472734808921814,0.0
1785942493679451786,0.15048514306545258,0.0
1785942493825556006,0.14617685973644257,0.0
1785942493974032990,0.14520908892154694,0.0
1785942494106643248,0.1463756412267685,0.0
1785942494264536341,0.14578737318515778,0.0
1785942494395488422,0.14507371187210083,0.0
1785942494554861668,0.14601390063762665,0.0
1785942494713307614,0.14340735971927643,0.0
1785942494845238069,0.14642298221588135,0.0
1785942495002479969,0.14478932321071625,0.0
1785942495135050961,0.14170938730239868,0.0
1785942495339288537,0.14281785488128662,0.0
1785942495500895598,0.143906369805336,0.0
1785942495677305888,0.14187857508659363,0.0
1785942495826587960,0.14045435190200806,0.0
1785942495952502214,0.14089243113994598,0.0
1785942496105438059,0.13959990441799164,0.0
1785942496234498131,0.13644474744796753,0.0
1785942496386971365,0.13854411244392395,0.0
1785942496539477466,0.1370479017496109,0.0
1785942496664581448,0.13394340872764587,0.0
1785942496810628610,0.1352575123310089,0.0
1785942496937159048,0.1330758035182953,0.0
1785942497082067958,0.13399569690227509,0.0
1785942497232436439,0.13651005923748016,0.0
1785942497359251496,0.13294579088687897,0.0
1785942497508711911,0.13353709876537323,0.0
1785942497635200427,0.12918367981910706,0.0
1785942497779674088,0.12986861169338226,0.0
1785942497931118643,0.12805050611495972,0.0
1785942498054384058,0.1272653490304947,0.0
1785942498199762554,0.12498091161251068,0.0
1785942498327525456,0.1230640709400177,0.0
1785942498475613241,0.12174661457538605,0.0
1785942498626454829,0.12118172645568848,0.0
1785942498753872821,0.11941788345575333,0.0
1785942498904619141,0.11846510320901871,0.0
1785942499034470124,0.1130015179514885,0.0
1785942499182029280,0.11491130292415619,0.0
1785942499331944464,0.11453506350517273,0.0
1785942499458127785,0.1160813719034195,0.0
1785942499606940846,0.11203593760728836,0.0
1785942499733398417,0.11180773377418518,0.0
1785942499879640146,0.10684200376272202,0.0
1785942500001931412,0.10737837105989456,0.0
1785942500144716624,0.10516683012247086,0.0
1785942500293471859,0.10371013730764389,0.0
1785942500419020498,0.10550262033939362,0.0
1785942500566221113,0.10361144691705704,0.0
1785942500692029603,0.1002480685710907,0.0
1785942500836080560,0.09893838316202164,0.0
1785942500982518425,0.10284732282161713,0.0
1785942501109617269,0.09989853948354721,0.0
1785942501258926637,0.09701201319694519,0.0
1785942501385151687,0.0982978567481041,0.0
1785942501535024373,0.09553080797195435,0.0
1785942501689342928,0.09537868201732635,0.0
1785942501819375421,0.09368617087602615,0.0
1785942501971177686,0.08749724924564362,0.0
1785942502138525769,0.09088758379220963,0.0
1785942502332727341,0.08975866436958313,0.0
1785942502526156595,0.09218930453062057,0.0
1785942502665153627,0.08454012125730515,0.0
1785942502821441570,0.08708960562944412,0.0
1785942502963582661,0.08596720546483994,0.0
1785942503123279088,0.08311565965414047,0.0
1785942503285818664,0.08090823143720627,0.0
1785942503421796348,0.0805591270327568,0.0
1785942503577053819,0.08301740139722824,0.0
1785942503709861844,0.08005180954933167,0.0
1785942503862309350,0.07950503379106522,0.0
1785942504017503363,0.07297323644161224,0.0
1785942504145935730,0.07326365262269974,0.0
1785942504293124600,0.0716400220990181,0.0
1785942504420299191,0.07293238490819931,0.0
1785942504566986218,0.06675650924444199,0.0
1785942504698519314,0.06018592789769173,0.0
1785942504849652689,0.05054240673780441,0.0
1785942504999850796,0.04401369392871857,0.0
1785942505127414169,0.0447792150080204,0.0
1785942505275304859,0.04808937758207321,0.0
1785942505402168526,0.04482882842421532,0.0
1785942505547664562,0.034426331520080566,0.0
1785942505698450084,0.03818314149975777,0.0
1785942505826014514,0.032567184418439865,0.0
1785942505974151997,0.02462117001414299,0.0
1785942506101163445,0.021938761696219444,0.0
1785942506246452498,0.019240781664848328,0.0
1785942506401440038,0.0229684729129076,0.0
1785942506530989217,0.022387312725186348,0.0
1785942506686221183,0.02155374363064766,0.0
1785942506826682304,0.020524954423308372,0.0
1785942506977441521,0.020577244460582733,0.0
1785942507129689627,0.019723840057849884,0.0
1785942507257267946,0.02122277393937111,0.0
1785942507406390363,0.014570261351764202,0.0
1785942507532553523,0.012275305576622486,0.0
1785942507678778867,0.009502526372671127,0.0
1785942507832242989,0.004351272713392973,0.0
1785942507956887306,-0.0010209426982328296,0.0
1785942508105476262,-0.0050497716292738914,0.0
1785942508237897008,-0.015990298241376877,0.0
1785942508385619499,-0.022866370156407356,0.0
1785942508544215627,-0.028870971873402596,0.0
1785942508676219877,-0.04462374001741409,0.0
1785942508830767528,-0.051112912595272064,0.0
1785942508962891047,-0.056921858340501785,0.0
1785942509111214361,-0.05553560331463814,0.0
1785942509306807539,-0.05164923891425133,0.0
1785942509443645160,-0.04795604571700096,0.0
1785942509592694102,-0.04529542848467827,0.0
1785942509723925234,-0.039208512753248215,0.0
1785942509881637360,-0.031129267066717148,0.0
1785942510043138401,-0.027813022956252098,0.0
1785942510171611442,-0.021350568160414696,0.0
1785942510317235227,-0.019946057349443436,0.0
1785942510445276924,-0.018180478364229202,0.0
1785942510598444234,-0.016866259276866913,0.0
1785942510745222144,-0.01306705642491579,0.0
1785942510871936141,-0.010863542556762695,0.0
1785942511018603807,-0.008953841403126717,0.0
1785942511144706516,-0.00797748751938343,0.0
1785942511290481988,-0.004167111590504646,0.0
1785942511439809245,-0.0018721969099715352,0.0
1785942511566961659,-0.0007166474824771285,0.0
1785942511717497923,-0.0004531698068603873,0.0
1785942511842742871,0.002676009899005294,0.0
1785942511986777251,0.0030395544599741697,0.0
1785942512137578549,0.002838314510881901,0.0
1785942512265212518,0.004257739521563053,0.0
1785942512409877706,0.005366278812289238,0.0
1785942512538529570,0.0011613206006586552,0.0
1785942512685484031,-0.00029398477636277676,0.0
1785942512834563983,-0.002376357326284051,0.0
1785942512963393870,0.0016317724948748946,0.0
1785942513112218547,-0.0013430461985990405,0.0
1785942513235857417,-0.005089841317385435,0.0
1785942513378433149,-0.0026592870708554983,0.0
1785942513529522042,-0.003199156606569886,0.0
1785942513658772521,-0.0034452711697667837,0.0
1785942513807529100,-0.00046732742339372635,0.0
1785942513936542450,-0.003927078563719988,0.0
1785942514081012783,-0.0026014794129878283,0.0
1785942514230267653,-0.0033368293661624193,0.0
1785942514359194760,-0.004463997203856707,0.0
1785942514511828641,-0.000399710435885936,0.0
1785942514642962330,-0.0032198072876781225,0.0
1785942514788859822,-0.001942404662258923,0.0
1785942514941679534,-0.003510416718199849,0.0
1785942515070097789,-0.0024884382728487253,0.0
1785942515222886716,-0.004559639375656843,0.0
1785942515357277971,-0.0024260503705590963,0.0
1785942515516770326,-0.0028213337063789368,0.0
1785942515722849221,-0.002791733480989933,0.0
1785942515897172583,-0.003525146283209324,0.0
1785942516085064950,-0.00431626383215189,0.0
1785942516226452059,-0.0044261012226343155,0.0
1785942516371418123,-0.0010092107113450766,0.0
1785942516521610854,-0.0024208526592701674,0.0
1785942516651638067,-0.0027373558841645718,0.0
1785942516802222333,-0.001479645841754973,0.0
1785942516932551510,-0.0015305052511394024,0.0
1785942517079635864,-0.002678738674148917,0.0
1785942517230560687,-0.0029963392298668623,0.0
1785942517358385127,-0.005592944100499153,0.0
1785942517504856402,-0.0009472210076637566,0.0
1785942517629938336,0.00015398940013255924,0.0
1785942517778628800,-0.0037298325914889574,0.0
1785942517930839753,-0.0018438134575262666,0.0
1785942518058731651,-0.0011517826933413744,0.0
1785942518206973874,-0.00018520018784329295,0.0
1785942518334314488,0.00040205963887274265,0.0
1785942518480402675,-0.0013516078470274806,0.0
1785942518629566598,-0.0025178026407957077,0.0
1785942518755181320,-0.0002462375268805772,0.0
1785942518904058864,-0.0011551870265975595,0.0
1785942519032800012,-0.0018807817250490189,0.0
1785942519175125237,-0.0029761875048279762,0.0
1785942519323923034,-0.0004482109798118472,0.0
1785942519450162068,-0.0034561259672045708,0.0
1785942519597635846,-0.002677797107025981,0.0
1785942519723176645,0.0009972208645194769,0.0
1785942519865354665,-0.0035874543245881796,0.0
1785942520013900356,-0.0011965555604547262,0.0
1785942520141195656,-0.000931008078623563,0.0
1785942520289079305,-0.005567638669162989,0.0
1785942520417478551,-0.0018521506572142243,0.0
1785942520565414362,-0.004269294440746307,0.0
1785942520713948949,-0.0030272977892309427,0.0
1785942520840848649,-0.0038474290631711483,0.0
1785942520988666951,-0.0004675647069234401,0.0
1785942521115317266,-0.002091209637001157,0.0
1785942521263347033,-0.0051065487787127495,0.0
1785942521415171059,-0.003116699866950512,0.0
1785942521543259029,-0.002204969758167863,0.0
1785942521691755758,0.0005876349750906229,0.0
1785942521821495056,-0.0008209217339754105,0.0
1785942521969532695,-0.0041362810879945755,0.0
1785942522121411059,-0.0025470550172030926,0.0
1785942522248837147,-0.0021940020378679037,0.0
1785942522409162591,-0.003534075804054737,0.0
1785942522545680327,-0.0007687797187827528,0.0
1785942522714602136,-0.006114989519119263,0.0
1785942522892392191,-0.0039402516558766365,0.0
1785942523043073837,-0.0009079223964363337,0.0
1785942523199155276,-0.0018670631106942892,0.0
1785942523330246274,-0.002473592758178711,0.0
1785942523484180014,-0.0031031991820782423,0.0
1785942523642266810,-0.0025330150965601206,0.0
1785942523775987799,-0.003678717417642474,0.0
1785942523932695406,-0.0014776146272197366,0.0
1785942524063192205,-0.0018622934585437179,0.0
1785942524217037589,-0.0033635508734732866,0.0
1785942524371843746,-0.000517885375302285,0.0
1785942524504267021,-0.0031247104052454233,0.0
1785942524656351025,-0.0026265738997608423,0.0
1785942524786176758,-0.0018352505285292864,0.0
1785942524935518096,-0.0029439707286655903,0.0
1785942525089469980,-0.0031955300364643335,0.0
1785942525219274561,-0.005246584769338369,0.0
1785942525371466025,-0.002372829243540764,0.0
1785942525501972233,-0.0022093704901635647,0.0
1785942525649161935,-0.0021666192915290594,0.0
1785942525799698391,-0.0023991584312170744,0.0
1785942525927591473,-0.0021347131114453077,0.0
1785942526077344219,-0.001469628419727087,0.0
1785942526204595997,-0.0030531354714185,0.0
1785942526353041044,-0.003427548101171851,0.0
1785942526504663046,-0.0004030900017824024,0.0
1785942526634397352,-0.0005730721168220043,0.0
1785942526787750269,6.353660864988342e-05,0.0
1785942526911797154,-0.003338342299684882,0.0
1785942527055644519,-0.0026391514111310244,0.0
1785942527182558492,-0.004051700234413147,0.0
1785942527331045652,-0.0038435966707766056,0.0
1785942527483567273,-0.0026873040478676558,0.0
1785942527616175323,-0.0037039436865597963,0.0
1785942527765435409,-0.003260746831074357,0.0
1785942527900872720,-0.0003550569526851177,0.0
1785942528044572079,-0.0032287584617733955,0.0
1785942528195528423,-0.0035038909409195185,0.0
1785942528322846380,-0.003492331597954035,0.0
1785942528474121840,-0.0019203867996111512,0.0
1785942528603817905,-0.003384150331839919,0.0
1785942528756000664,-0.004798790905624628,0.0
1785942528909915683,-0.0037845359183847904,0.0
1785942529044409534,-0.0022732773795723915,0.0
1785942529200278196,-0.0015653420705348253,0.0
1785942529332464821,-0.0010091818403452635,0.0
1785942529488513650,-0.00031520097400061786,0.0
1785942529661162707,-0.0020022056996822357,0.0
1785942529851309978,-0.0015386404702439904,0.0
1785942530006388721,-0.0017295342404395342,0.0
1785942530134263787,-0.000749500875826925,0.0
1785942530283850863,-0.0014385100221261382,0.0
1785942530437524624,-0.001492569106630981,0.0
1785942530578814290,-0.0003748199378605932,0.0
1785942530738272979,-0.001316479523666203,0.0
1785942530867541443,0.0009110126993618906,0.0
1785942531018853545,0.0007575633353553712,0.0
1785942531173491824,0.0009047233033925295,0.0
1785942531302465236,-0.0021603519562631845,0.0
1785942531452817301,-0.002616023411974311,0.0
1785942531581406635,0.001291008316911757,0.0
1785942531731586949,-0.0027505289763212204,0.0
1785942531888912276,-0.003045914927497506,0.0
1785942532025054286,-0.0025402905885130167,0.0
1785942532178283614,-0.0008173317764885724,0.0
1785942532302460009,-0.00265294942073524,0.0
1785942532446916101,-0.001123812166042626,0.0
1785942532603361586,-0.0004988544969819486,0.0
1785942532732217714,0.0013566834386438131,0.0
1785942532887414991,0.0003505328204482794,0.0
1785942533018608457,-0.0005416269996203482,0.0
1785942533164740743,-0.0042482041753828526,0.0
1785942533319452176,-0.001159271108917892,0.0
1785942533448501624,-0.00041322887409478426,0.0
1785942533601124304,-0.004481049254536629,0.0
1785942533733427606,1.538237847853452e-05,0.0
1785942533882584904,-0.002438861411064863,0.0
1785942534036871810,-0.001741209882311523,0.0
1785942534168048444,-0.004996627569198608,0.0
1785942534318015853,-0.0025322239380329847,0.0
1785942534446941072,-0.0023607260081917048,0.0
1785942534593390458,-5.641483221552335e-05,0.0
1785942534744532761,-0.0027253373991698027,0.0
1785942534875164414,-0.0011670953826978803,0.0
1785942535030467006,-0.0032332204282283783,0.0
1785942535165103998,-0.0024243369698524475,0.0
1785942535315524034,0.000680668163113296,0.0
1785942535471955918,-0.0037994002923369408,0.0
1785942535602732248,-0.002677195006981492,0.0
1785942535756457916,-0.005044215824455023,0.0
1785942535890811985,-0.0028943782672286034,0.0
1785942536041973361,-0.0005865949206054211,0.0
1785942536243016574,-0.003838665783405304,0.0
1785942536383320377,-0.003070860169827938,0.0
1785942536563567552,-0.002925788750872016,0.0
1785942536693037688,0.0004206932208035141,0.0
1785942536840942746,-0.00023747753584757447,0.0
1785942536990855145,0.0017182111041620374,0.0
1785942537120083352,-0.00091668835375458,0.0
1785942537270980846,-0.003407459706068039,0.0
1785942537426849252,-0.0031363030429929495,0.0
1785942537554527607,-0.0013469335390254855,0.0
1785942537704431014,-0.001962322276085615,0.0
1785942537834083525,0.00016337788838427514,0.0
1785942537980236003,-0.0027446169406175613,0.0
1785942538134373910,-0.0026200481224805117,0.0
