t_ns,path_id
1785938877823689105,0
1785938877917362705,0
1785938878022915975,0
1785938878117572616,0
1785938878215862342,0
1785938878317172266,0
1785938878416003674,0
1785938878517224572,0
1785938878616708194,0
1785938878717236716,0
1785938878816235362,0
1785938878917157146,0
1785938879029075081,0
1785938879116736027,0
1785938879220740860,0
1785938879315947152,0
1785938879417547103,0
1785938879516420112,0
1785938879616903192,0
1785938879717313150,0
1785938879816287379,0
1785938879916627543,0
1785938880018999840,0
1785938880118918325,0
1785938880217761797,0
1785938880316436400,0
1785938880416341829,0
1785938880517954068,0
1785938880619101363,0
1785938880722384699,0
1785938880816634734,0
1785938880916693448,0
1785938881017550878,0
1785938881116440240,0
1785938881217403080,0
1785938881318392034,0
1785938881430539801,0
1785938881519294097,0
1785938881618541679,0
1785938881719923638,0
1785938881819482975,0
1785938881920720257,0
1785938882024062283,0
1785938882119709327,0
1785938882218885355,0
1785938882320396886,0
1785938882431790163,0
1785938882519276416,0
1785938882618730597,0
1785938882718850753,0
1785938882818116832,0
1785938882917686505,0
1785938883018372024,0
1785938883117778652,0
1785938883220814396,0
1785938883318276573,0
1785938883436732875,0
1785938883518185834,0
1785938883620849853,0
1785938883719409475,0
1785938883817576669,0
1785938883920473208,0
1785938884020280041,0
1785938884119426372,0
1785938884217833189,0
1785938884319706589,0
1785938884433802903,0
1785938884521421032,0
1785938884618884297,0
1785938884721081836,0
1785938884819344361,0
1785938884917625830,0
1785938885020226039,0
1785938885117223880,0
1785938885217657231,0
1785938885317357980,0
1785938885430652794,0
1785938885523522495,0
1785938885618883640,0
1785938885719290462,0
1785938885818558685,0
1785938885927218685,0
1785938886017995514,0
1785938886119074006,0
1785938886217426870,0
1785938886317080354,0
1785938886430126392,0
1785938886517134068,0
1785938886617920871,0
1785938886717573363,0
1785938886818560877,0
1785938886917095890,0
1785938887017884741,0
1785938887118040899,0
1785938887221578291,0
1785938887317246871,0
1785938887429672664,0
1785938887518095780,0
1785938887617819635,0
1785938887717779241,0
1785938887818607069,0
1785938887922933545,0
1785938888022439120,0
1785938888117692998,0
1785938888217629372,0
1785938888317406060,0
1785938888429427775,0
1785938888518553731,0
1785938888618645854,0
1785938888717624115,0
1785938888818740561,0
1785938888923220706,0
1785938889017270703,0
1785938889118316139,0
1785938889218077306,0
1785938889318645926,0
1785938889429722680,0
1785938889522452376,0
1785938889618156701,0
1785938889717536352,0
1785938889819236434,0
1785938889918615764,0
1785938890027262740,0
1785938890116815879,0
1785938890217971974,0
1785938890319236169,0
1785938890429901518,0
1785938890518041200,0
1785938890620089582,0
1785938890717548783,0
1785938890817141818,0
1785938890918926798,0
1785938891017006181,0
1785938891117827865,0
1785938891219099420,0
1785938891318633892,0
1785938891431947683,0
1785938891517051326,0
1785938891618794641,0
1785938891717660355,0
1785938891827877560,0
1785938891917733525,0
1785938892019245345,0
1785938892117659394,0
1785938892218340178,0
1785938892329596490,0
1785938892418537064,0
1785938892523268706,0
1785938892626682510,0
1785938892717427434,0
1785938892819372836,0
1785938892919152885,0
1785938893019356756,0
1785938893117931547,0
1785938893218280415,0
1785938893322631243,0
1785938893417446098,0
1785938893517270852,0
1785938893618671532,0
1785938893717674018,0
1785938893817638233,0
1785938893917880377,0
1785938894019290881,0
1785938894118001037,0
1785938894218166442,0
1785938894317796214,0
1785938894417764365,0
1785938894519306489,0
1785938894623618724,0
1785938894717662449,0
1785938894818282974,0
1785938894936843504,0
1785938895017966659,0
1785938895118066654,0
1785938895217607655,0
1785938895318076847,0
1785938895419651868,0
1785938895522785343,0
1785938895618359840,0
1785938895720746282,0
1785938895817400687,0
1785938895919105761,0
1785938896023375979,0
1785938896117024938,0
1785938896219669756,0
1785938896317567757,0
1785938896418602568,0
1785938896527563922,0
1785938896618114663,0
1785938896720589172,0
1785938896820810387,0
1785938896918556798,0
1785938897018271852,0
1785938897125677313,0
1785938897219896820,0
1785938897317508538,0
1785938897419861378,0
1785938897517628750,0
1785938897617567300,0
1785938897719310583,0
1785938897818863648,0
1785938897918726195,0
1785938898017849773,0
1785938898118264499,0
1785938898217665143,0
1785938898317752786,0
1785938898418619943,0
1785938898517306802,0
1785938898617333963,0
1785938898718242786,0
1785938898818978195,0
1785938898921048978,0
1785938899017901278,0
1785938899118313828,0
1785938899218846862,0
1785938899318178096,0
1785938899418218953,0
1785938899517690351,0
1785938899617649285,0
1785938899718420344,0
1785938899817419373,0
1785938899917513384,0
1785938900018277787,0
1785938900119277333,0
1785938900217811546,0
1785938900318332804,0
1785938900420274751,0
1785938900518477561,0
1785938900619174185,0
1785938900719850456,0
1785938900817128115,0
1785938900924782448,0
1785938901017656533,0
1785938901123854688,0
1785938901217543809,0
1785938901318262161,0
1785938901421611964,0
1785938901517832370,0
1785938901617237718,0
1785938901720499549,0
1785938901819821310,0
1785938901918142877,0
1785938902018053426,0
1785938902120860873,0
1785938902225208790,0
1785938902317873747,0
1785938902422759346,0
1785938902518054313,0
1785938902620332399,0
1785938902728393850,0
1785938902819669832,0
1785938902924351840,0
1785938903018075458,0
1785938903117978358,0
1785938903221377634,0
1785938903318727488,0
1785938903421611962,0
1785938903518746032,0
1785938903625462126,0
1785938903724812303,0
1785938903817946205,0
1785938903923952610,0
1785938904024992413,0
1785938904120901450,0
1785938904218294760,0
1785938904320120575,0
1785938904418910989,0
1785938904520429561,0
1785938904617557359,0
1785938904717628361,0
1785938904822530633,0
1785938904922593347,0
1785938905021892771,0
1785938905122445294,0
1785938905220331229,0
1785938905317776126,0
1785938905417871385,0
1785938905519718576,0
1785938905626690678,0
1785938905718154059,0
1785938905820954882,0
1785938905920057180,0
1785938906018841738,0
1785938906120721314,0
1785938906221682875,0
1785938906319247072,0
1785938906419859469,0
1785938906522684229,0
1785938906622393907,0
1785938906719136252,0
1785938906817454458,0
1785938906919366547,0
1785938907018502510,0
1785938907118451204,0
1785938907220306715,0
1785938907319393268,0
1785938907417644784,0
1785938907517871984,0
1785938907622038518,0
1785938907717279084,0
1785938907817775252,0
1785938907916760554,0
1785938908018608385,0
1785938908118097447,0
1785938908217833270,0
1785938908319166428,0
1785938908421721675,0
1785938908526987543,0
1785938908617819381,0
1785938908717431776,0
1785938908817734402,0
1785938908918500533,0
1785938909018571791,0
1785938909121258115,0
1785938909217409783,0
1785938909319048647,0
1785938909418833464,0
1785938909520628365,0
1785938909617974954,0
1785938909719120713,0
1785938909821297900,0
1785938909920984729,0
1785938910017596445,0
1785938910123539072,0
1785938910218907770,0
1785938910318824911,0
1785938910417959977,0
1785938910517007233,0
1785938910617183903,0
1785938910717588196,0
1785938910818573150,0
1785938910919519158,0
1785938911017453511,0
1785938911118250683,0
1785938911218949482,0
1785938911318662841,0
1785938911421122117,0
1785938911517234360,0
1785938911618723586,0
1785938911717949344,0
1785938911818782260,0
1785938911917023280,0
1785938912018920937,0
1785938912125935153,0
1785938912219541646,0
1785938912317994865,0
1785938912417538745,0
1785938912517317642,0
1785938912618663664,0
1785938912718906928,0
1785938912824961463,0
1785938912917490288,0
1785938913017897109,0
1785938913118292027,0
1785938913217310513,0
1785938913319614584,0
1785938913419429961,0
1785938913519378656,0
1785938913617776737,0
1785938913717786937,0
1785938913822009217,0
1785938913919616264,0
1785938914017881124,0
1785938914119225834,0
1785938914217827986,0
1785938914319413408,0
1785938914429890334,0
1785938914518372813,0
1785938914617362018,0
1785938914721467334,0
1785938914818511961,0
1785938914919992292,0
1785938915017217021,0
1785938915117076208,0
1785938915220648482,0
1785938915317297063,0
1785938915418485832,0
1785938915518764521,0
1785938915617871779,0
1785938915717825753,0
1785938915817412739,0
1785938915917353625,0
1785938916017674044,0
1785938916118619252,0
1785938916218284097,0
1785938916318100978,0
1785938916417698844,0
1785938916519573716,0
1785938916618324386,0
1785938916722443110,0
1785938916821986415,0
1785938916917338984,0
1785938917017454116,0
1785938917117439771,0
1785938917220584703,0
1785938917318517680,0
1785938917419227808,0
1785938917517507549,0
1785938917618141579,0
1785938917719627926,0
1785938917818144699,0
1785938917917561311,0
1785938918017939172,0
1785938918120954499,0
1785938918218723886,0
1785938918318161107,0
1785938918416982659,0
1785938918518403755,0
1785938918617251676,0
1785938918724315237,0
1785938918819317234,0
1785938918918388202,0
1785938919018581897,0
1785938919116969354,0
1785938919218509334,0
1785938919317185569,0
1785938919417673482,0
1785938919520914672,0
1785938919619119371,0
1785938919718794328,0
1785938919820423047,0
1785938919925391497,0
1785938920018796704,0
1785938920117059260,0
1785938920217103062,0
1785938920319846827,0
1785938920419803554,0
1785938920518306887,0
1785938920617509027,0
1785938920717485978,0
1785938920819932038,0
1785938920917861783,0
1785938921017591046,0
1785938921117419160,0
1785938921217880544,0
1785938921316911382,0
1785938921418140952,0
1785938921517537788,0
1785938921617843966,0
1785938921718228995,0
1785938921820425798,0
1785938921920771818,0
1785938922017977026,0
1785938922119025310,0
1785938922222370664,0
1785938922319005997,0
1785938922418317934,0
1785938922517383718,0
1785938922618421409,0
1785938922718329206,0
1785938922818953027,0
1785938922922036389,0
1785938923018627336,0
1785938923117353236,0
1785938923220927398,0
1785938923319564112,0
1785938923417340732,0
1785938923518512988,0
1785938923617787099,0
1785938923718948059,0
1785938923820076153,0
1785938923920920302,0
1785938924021846117,0
1785938924118078781,0
1785938924217134548,0
1785938924318931178,0
1785938924420224782,0
1785938924529035283,0
1785938924617156117,0
1785938924718868967,0
1785938924819568439,0
1785938924916900148,0
