t_ns,steering_tire_angle
1785938877962010342,0.0
1785938877962075401,0.0
1785938877962092617,0.0
1785938877962106954,0.0
1785938877962119978,0.0
1785938877962132330,0.0
1785938877962145675,0.0
1785938877982699977,0.0
1785938878002549935,0.0
1785938878021655292,0.0
1785938878041403422,0.0
1785938878061139201,0.0
1785938878080903236,0.0
1785938878101963827,0.0
1785938878124052646,0.0
1785938878141045962,0.0
1785938878178105852,0.0
1785938878182594645,0.0
1785938878202386041,0.0
1785938878221617770,0.0
1785938878241698584,0.0
1785938878261842024,0.0
1785938878281585547,0.0
1785938878301469746,0.0
1785938878321723398,0.0
1785938878341211424,0.0
1785938878361691771,0.0
1785938878381266744,0.0
1785938878402789175,0.0
1785938878423331605,0.0
1785938878442069781,0.0
1785938878461487020,0.0
1785938878481384628,0.0
1785938878501659176,0.0
1785938878521959294,0.0
1785938878542539581,0.0
1785938878568534613,0.0
1785938878581196005,0.0
1785938878602589184,0.0
1785938878621645163,0.0
1785938878641148869,0.0
1785938878661386169,0.0
1785938878681249215,0.0
1785938878703368787,0.0
1785938878721662884,0.0
1785938878741269569,0.0
1785938878762278703,0.0
1785938878781322298,0.0
1785938878803607507,0.0
1785938878821714845,0.0
1785938878845067579,0.0
1785938878861722100,0.0
1785938878881449462,0.0
1785938878902153657,0.0
1785938878921495470,0.0
1785938878941208207,0.0
1785938878961716172,0.0
1785938878981425069,0.0
1785938879004721929,0.0
1785938879022018392,0.0
1785938879044044168,0.0
1785938879061616576,0.0
1785938879081511592,0.0
1785938879102062086,0.0
1785938879122022352,0.0
1785938879141369765,0.0
1785938879166611107,0.0
1785938879181269591,0.0
1785938879210585857,0.0
1785938879222729312,0.0
1785938879240947278,0.0
1785938879261547950,0.0
1785938879281239950,0.0
1785938879304570635,0.0
1785938879321730422,0.0
1785938879341325203,0.0
1785938879361847472,0.0
1785938879381434797,0.0
1785938879401785668,0.0
1785938879421813104,0.0
1785938879441229128,0.0
1785938879461525341,0.0
1785938879481278080,0.0
1785938879505421272,0.0
1785938879521588321,0.0
1785938879541368260,0.0
1785938879561736700,0.0
1785938879588895420,0.0
1785938879613088438,0.0
1785938879628872593,0.0
1785938879641312346,0.0
1785938879661681650,0.0
1785938879681925350,0.0
1785938879702265628,0.0
1785938879721751382,0.0
1785938879741315826,0.0
1785938879761854192,0.0
1785938879781515119,0.0
1785938879801807077,0.0
1785938879821915188,0.0
1785938879841841852,0.0
1785938879869678931,0.0
1785938879881103897,0.0
1785938879901874975,0.0
1785938879921693956,0.0
1785938879944133410,0.0
1785938879961726203,0.0
1785938879981814346,0.0
1785938880001830197,0.0
1785938880022266639,0.0
1785938880041311738,0.0
1785938880061554125,0.0
1785938880094373839,0.0
1785938880102400513,0.0
1785938880121950429,0.0
1785938880141537146,0.0
1785938880161892465,0.0
1785938880181503695,0.0
1785938880202710979,0.0
1785938880221650090,0.0
1785938880242330125,0.0
1785938880261881512,0.0
1785938880281417028,0.0
1785938880302995141,0.0
1785938880322253943,0.0
1785938880341594827,0.0
1785938880361687034,0.0
1785938880381643715,0.0
1785938880403395755,0.0
1785938880422478902,0.0
1785938880444971735,0.0
1785938880461575342,0.0
1785938880481521495,0.0
1785938880502880561,0.0
1785938880522810650,0.0
1785938880541372948,0.0
1785938880561782189,0.0
1785938880581368746,0.0
1785938880603949229,0.0
1785938880628444946,0.0
1785938880642273418,0.0
1785938880661625631,0.0
1785938880681503911,0.0
1785938880701623670,0.0
1785938880722603554,0.0
1785938880741931351,0.0
1785938880761470418,0.0
1785938880781034446,0.0
1785938880802538669,0.0
1785938880821935364,0.0
1785938880841147444,0.0
1785938880861241090,0.0
1785938880881250542,0.0
1785938880903043414,0.0
1785938880921370792,0.0
1785938880941271856,0.0
1785938880964422247,0.0
1785938880981313768,0.0
1785938881001628958,0.0
1785938881023887766,0.0
1785938881042393614,0.0
1785938881061673633,0.0
1785938881081326816,0.0
1785938881103321552,0.0
1785938881121237428,0.0
1785938881141299681,0.0
1785938881161645688,0.0
1785938881182279769,0.0
1785938881214366305,0.0
1785938881224863079,0.0
1785938881241329018,0.0
1785938881261358406,0.0
1785938881281318736,0.0
1785938881306641681,0.0
1785938881321474091,0.0
1785938881341375475,0.0
1785938881362392641,0.0
1785938881384584663,0.0
1785938881401791523,0.0
1785938881431776675,0.0
1785938881443357135,0.0
1785938881461783332,0.0
1785938881481653451,0.0
1785938881501501777,0.0
1785938881521588223,0.0
1785938881541856532,0.0
1785938881561608566,0.0
1785938881582004431,-0.0013139999937266111
1785938881604051552,-0.0032850001007318497
1785938881621508212,-0.007884000428020954
1785938881641532320,-0.015111000277101994
1785938881661790452,-0.019710000604391098
1785938881681790528,-0.028907999396324158
1785938881702034643,-0.040734000504016876
1785938881721295749,-0.045990001410245895
1785938881742397558,-0.053874000906944275
1785938881762473348,-0.061758000403642654
1785938881781127681,-0.065700002014637
1785938881802378807,-0.07621199637651443
1785938881821722924,-0.08475299924612045
1785938881842301771,-0.08803799748420715
1785938881862029901,-0.09329400211572647
1785938881881922708,-0.10052099823951721
1785938881902294892,-0.10512000322341919
1785938881922554720,-0.11168999969959259
1785938881942709361,-0.11563199758529663
1785938881961433392,-0.11694599688053131
1785938881982708007,-0.12154500186443329
1785938882002814998,-0.12745800614356995
1785938882023619804,-0.12942899763584137
1785938882041563969,-0.131400004029274
1785938882061730706,-0.13205699622631073
1785938882081496117,-0.13271400332450867
1785938882101683111,-0.1366560012102127
1785938882122491374,-0.13862699270248413
1785938882141213517,-0.13862699270248413
1785938882164375460,-0.13862699270248413
1785938882181170562,-0.13994100689888
1785938882203835272,-0.14125500619411469
1785938882221811662,-0.14191199839115143
1785938882241407468,-0.14191199839115143
1785938882261551388,-0.14191199839115143
1785938882286878109,-0.13994100689888
1785938882309958097,-0.13731299340724945
1785938882324424576,-0.1366560012102127
1785938882341526344,-0.1366560012102127
1785938882362092198,-0.1366560012102127
1785938882381186643,-0.1366560012102127
1785938882402228865,-0.13534200191497803
1785938882421765309,-0.13074299693107605
1785938882441662244,-0.1281149983406067
1785938882461434824,-0.12483000010251999
1785938882481619929,-0.12023100256919861
1785938882504198269,-0.11694599688053131
1785938882522026718,-0.10906200110912323
1785938882552645204,-0.10380599647760391
1785938882561212024,-0.10183499753475189
1785938882581477548,-0.09657900035381317
1785938882601781698,-0.08935199677944183
1785938882623633900,-0.08475299924612045
1785938882641006494,-0.07686900347471237
1785938882661557372,-0.07029899954795837
1785938882681290462,-0.06701400130987167
1785938882706115534,-0.057815998792648315
1785938882721469082,-0.047304000705480576
1785938882741180156,-0.042704999446868896
1785938882761747098,-0.0361349992454052
1785938882781087695,-0.027594000101089478
1785938882802227489,-0.02233799919486046
1785938882821823839,-0.011826000176370144
1785938882852704573,-0.0032850001007318497
1785938882861538827,0.0
1785938882881382065,0.008541000075638294
1785938882902008050,0.01905299909412861
1785938882922661395,0.024309000000357628
1785938882941069768,0.03350700065493584
1785938882962827823,0.040734000504016876
1785938882981251652,0.045333001762628555
1785938883006385055,0.055844999849796295
1785938883021941074,0.06438600271940231
1785938883041523471,0.06832800060510635
1785938883061268466,0.07424099743366241
1785938883082903701,0.08146800100803375
1785938883101737592,0.08606699854135513
1785938883121544381,0.09263700246810913
1785938883141209373,0.09723600000143051
1785938883163358609,0.09920699894428253
1785938883180985963,0.10380599647760391
1785938883201635341,0.10906200110912323
1785938883223261263,0.11168999969959259
1785938883241362362,0.11366099864244461
1785938883261809588,0.11431799829006195
1785938883281627737,0.11563199758529663
1785938883302692041,0.11891700327396393
1785938883321330053,0.12154500186443329
1785938883341275951,0.12220200151205063
1785938883361400478,0.12220200151205063
1785938883381106399,0.12351600080728531
1785938883402789156,0.12417300045490265
1785938883421578566,0.12483000010251999
1785938883445296560,0.12483000010251999
1785938883461880774,0.12483000010251999
1785938883481480036,0.12417300045490265
1785938883501738584,0.12351600080728531
1785938883521555805,0.12351600080728531
1785938883541138010,0.12285900115966797
1785938883561741594,0.12285900115966797
1785938883586548969,0.12220200151205063
1785938883602076315,0.11826000362634659
1785938883622410482,0.11366099864244461
1785938883641191636,0.11234699934720993
1785938883661768818,0.11168999969959259
1785938883682678813,0.10906200110912323
1785938883710334029,0.10709100216627121
1785938883722127296,0.10314899682998657
1785938883741496054,0.10183499753475189
1785938883761692584,0.10183499753475189
1785938883781249412,0.10052099823951721
1785938883802130125,0.09657900035381317
1785938883822078231,0.09395100176334381
1785938883841527375,0.09132300317287445
1785938883862556701,0.09000899642705917
1785938883881456611,0.08672399818897247
1785938883901787769,0.08343899995088577
1785938883923760552,0.07752600312232971
1785938883942076058,0.07358399778604507
1785938883962212937,0.07161299884319305
1785938883981746693,0.06701400130987167
1785938884010453785,0.06372900307178497
1785938884025314101,0.055844999849796295
1785938884041161746,0.050588998943567276
1785938884061380037,0.048618000000715256
1785938884081084902,0.042704999446868896
1785938884101727367,0.03547799959778786
1785938884122106655,0.028907999396324158
1785938884141346225,0.026280000805854797
1785938884161781771,0.022995000705122948
1785938884181556622,0.01708200015127659
1785938884202100940,0.013140000402927399
1785938884222643594,0.006570000201463699
1785938884241497102,0.0026279999874532223
1785938884261501913,0.0006569999968633056
1785938884282205148,-0.0032850001007318497
1785938884308905836,-0.010511999949812889
1785938884322216147,-0.013140000402927399
1785938884341631658,-0.01773899979889393
1785938884362098245,-0.021023999899625778
1785938884382425628,-0.023652000352740288
1785938884401711054,-0.030222000554203987
1785938884421030850,-0.03547799959778786
1785938884441005229,-0.03744899854063988
1785938884461529898,-0.040077000856399536
1785938884480912928,-0.04467599838972092
1785938884504754094,-0.047961000353097916
1785938884522966940,-0.052560001611709595
1785938884541431059,-0.055188000202178955
1785938884561971601,-0.056501999497413635
1785938884581427817,-0.059787001460790634
1785938884602457368,-0.06504300236701965
1785938884621657672,-0.06701400130987167
1785938884641840409,-0.0689850002527237
1785938884661637725,-0.0689850002527237
1785938884681264220,-0.06964199990034103
1785938884706747426,-0.07161299884319305
1785938884721657248,-0.07489799708127975
1785938884742406468,-0.07621199637651443
1785938884761572211,-0.07686900347471237
1785938884780902151,-0.07686900347471237
1785938884802088091,-0.07686900347471237
1785938884822059141,-0.07686900347471237
1785938884842119827,-0.07686900347471237
1785938884861805939,-0.07621199637651443
1785938884881566486,-0.07489799708127975
1785938884905587659,-0.07095599919557571
1785938884921715313,-0.07029899954795837
1785938884941428499,-0.0689850002527237
1785938884962768428,-0.0689850002527237
1785938884982202436,-0.06767100095748901
1785938885015827680,-0.06372900307178497
1785938885021465313,-0.059787001460790634
1785938885041342600,-0.058472998440265656
1785938885063912907,-0.057815998792648315
1785938885081276636,-0.057158999145030975
1785938885102131620,-0.055844999849796295
1785938885121846470,-0.051902998238801956
1785938885151906281,-0.046647001057863235
1785938885161118979,-0.04401899874210358
1785938885181447738,-0.03810599818825722
1785938885201804721,-0.03219300135970116
1785938885222677306,-0.029565000906586647
1785938885240655360,-0.026937000453472137
1785938885261770546,-0.024965999647974968
1785938885282011205,-0.023652000352740288
1785938885302145685,-0.01839599944651127
1785938885322105855,-0.014453999698162079
1785938885342408884,-0.013797000050544739
1785938885361539650,-0.012482999823987484
1785938885382873370,-0.009197999723255634
1785938885402860485,-0.007226999849081039
1785938885421526243,-0.0052559999749064445
1785938885441466764,-0.004598999861627817
1785938885465513377,-0.004598999861627817
1785938885481221754,-0.0032850001007318497
1785938885501841018,0.0
1785938885522178065,0.0026279999874532223
1785938885541888242,0.009197999723255634
1785938885561697591,0.01773899979889393
1785938885580740513,0.022995000705122948
1785938885606704600,0.03416400030255318
1785938885624184909,0.04401899874210358
1785938885641743877,0.047961000353097916
1785938885661966392,0.054531000554561615
1785938885681307533,0.060444001108407974
1785938885701833930,0.06372900307178497
1785938885722031676,0.07292699813842773
1785938885748919090,0.08146800100803375
1785938885761016079,0.08475299924612045
1785938885782856281,0.09395100176334381
1785938885803940202,0.10380599647760391
1785938885821672999,0.10709100216627121
1785938885844230762,0.11300399899482727
1785938885861772225,0.11760299652814865
1785938885881385695,0.12088800221681595
1785938885903667896,0.12745800614356995
1785938885921869574,0.13205699622631073
1785938885942547624,0.1333709955215454
1785938885961468815,0.13402800261974335
1785938885981182480,0.1346849948167801
1785938886001828785,0.13599899411201477
1785938886021706808,0.13928399980068207
1785938886042008558,0.14125500619411469
1785938886062124797,0.14059799909591675
1785938886082397682,0.13928399980068207
1785938886104409890,0.13731299340724945
1785938886121912535,0.1333709955215454
1785938886141243660,0.13271400332450867
1785938886170263275,0.13205699622631073
1785938886181129406,0.13074299693107605
1785938886210066459,0.126800999045372
1785938886221767306,0.12154500186443329
1785938886243253672,0.12023100256919861
1785938886261649021,0.11826000362634659
1785938886281197433,0.11431799829006195
1785938886303824861,0.11103300005197525
1785938886322640864,0.10446300357580185
1785938886342330529,0.09920699894428253
1785938886362029538,0.09723600000143051
1785938886383238966,0.09132300317287445
1785938886401899508,0.08409599959850311
1785938886424180909,0.08081100136041641
1785938886441229715,0.07621199637651443
1785938886461818578,0.07292699813842773
1785938886481286955,0.07029899954795837
1785938886504387489,0.06372900307178497
1785938886521637262,0.057158999145030975
1785938886543724224,0.054531000554561615
1785938886561418269,0.051245998591184616
1785938886580434566,0.045990001410245895
1785938886610337284,0.042704999446868896
1785938886621264793,0.03547799959778786
1785938886641406729,0.030222000554203987
1785938886661566490,0.028250999748706818
1785938886681074004,0.022995000705122948
1785938886702400269,0.015768000856041908
1785938886722706018,0.011826000176370144
1785938886741679146,0.005913000088185072
1785938886761807898,0.0019710001070052385
1785938886783409628,-0.0006569999968633056
1785938886802265504,-0.007884000428020954
1785938886821735929,-0.015111000277101994
1785938886841014092,-0.01839599944651127
1785938886861672397,-0.022995000705122948
1785938886881009026,-0.029565000906586647
1785938886903306907,-0.03416400030255318
1785938886922581326,-0.041391000151634216
1785938886942269454,-0.045990001410245895
1785938886961632836,-0.047961000353097916
1785938886980776594,-0.050588998943567276
1785938887002524921,-0.054531000554561615
1785938887026647313,-0.057815998792648315
1785938887041077694,-0.06372900307178497
1785938887061517688,-0.0689850002527237
1785938887081687145,-0.07161299884319305
1785938887102209478,-0.07818300276994705
1785938887122481178,-0.08081100136041641
1785938887142567784,-0.08409599959850311
1785938887162034849,-0.08540999889373779
1785938887181827877,-0.0886949971318245
1785938887207075844,-0.09000899642705917
1785938887222312300,-0.09132300317287445
1785938887244896848,-0.09132300317287445
1785938887261909813,-0.09132300317287445
1785938887281449008,-0.08935199677944183
1785938887309684693,-0.08738099783658981
1785938887321989145,-0.08738099783658981
1785938887341360207,-0.08672399818897247
1785938887361623715,-0.08672399818897247
1785938887381427336,-0.08672399818897247
1785938887402002471,-0.08475299924612045
1785938887422757099,-0.08081100136041641
1785938887442934813,-0.07949700206518173
1785938887461937190,-0.07752600312232971
1785938887482127128,-0.07358399778604507
1785938887501852857,-0.07095599919557571
1785938887521487416,-0.06635700166225433
1785938887540990130,-0.06438600271940231
1785938887561353546,-0.06372900307178497
1785938887581374230,-0.061101000756025314
1785938887604091166,-0.056501999497413635
1785938887629152086,-0.053217001259326935
1785938887641745156,-0.046647001057863235
1785938887662046201,-0.042047999799251556
1785938887680807834,-0.040734000504016876
1785938887702002510,-0.03547799959778786
1785938887721600652,-0.028907999396324158
1785938887741579254,-0.024965999647974968
1785938887761936206,-0.019710000604391098
1785938887781447496,-0.011826000176370144
1785938887801929508,-0.007884000428020954
1785938887822041363,-0.0006569999968633056
1785938887843326122,0.0032850001007318497
1785938887862078026,0.0052559999749064445
1785938887881351837,0.01116899959743023
1785938887903379309,0.01839599944651127
1785938887922954730,0.021023999899625778
1785938887941331134,0.026280000805854797
1785938887961683445,0.029565000906586647
1785938887980950375,0.03219300135970116
1785938888002170524,0.038763001561164856
1785938888026072236,0.045333001762628555
1785938888040784451,0.047304000705480576
1785938888061723374,0.050588998943567276
1785938888092310275,0.055844999849796295
1785938888103666887,0.059130001813173294
1785938888122075772,0.06438600271940231
1785938888141255467,0.06767100095748901
1785938888161862283,0.0689850002527237
1785938888182857976,0.0722699984908104
1785938888203442327,0.07686900347471237
1785938888221588707,0.07884000241756439
1785938888241962843,0.08015400171279907
1785938888262081290,0.08081100136041641
1785938888280992944,0.08212500065565109
1785938888302924125,0.08475299924612045
1785938888321335634,0.08540999889373779
1785938888353165714,0.08540999889373779
1785938888363111525,0.08540999889373779
1785938888383329880,0.08343899995088577
1785938888408779325,0.08146800100803375
1785938888421343595,0.07621199637651443
1785938888441199953,0.07292699813842773
1785938888461600970,0.0722699984908104
1785938888481504882,0.06832800060510635
1785938888505638762,0.062415000051259995
1785938888521816723,0.059787001460790634
1785938888541539540,0.055844999849796295
1785938888562004495,0.053217001259326935
1785938888581086139,0.051245998591184616
1785938888601805151,0.045333001762628555
1785938888632234414,0.039420001208782196
1785938888640784339,0.03744899854063988
1785938888661403251,0.03416400030255318
1785938888681359549,0.029565000906586647
1785938888703666871,0.026280000805854797
1785938888721751616,0.020367000252008438
1785938888741050804,0.01642500050365925
1785938888761441868,0.015111000277101994
1785938888785882351,0.01116899959743023
1785938888803667727,0.0052559999749064445
1785938888823677082,0.0026279999874532223
1785938888841399895,0.0
1785938888861645259,-0.0013139999937266111
1785938888881015809,-0.0026279999874532223
1785938888904455201,-0.007884000428020954
1785938888946316471,-0.012482999823987484
1785938888946370617,-0.013140000402927399
1785938888961604482,-0.015111000277101994
1785938888981641198,-0.01905299909412861
1785938889003022792,-0.021023999899625778
1785938889023960692,-0.024965999647974968
1785938889042120576,-0.026280000805854797
1785938889061709085,-0.026937000453472137
1785938889081270233,-0.028907999396324158
1785938889102428460,-0.0328500010073185
1785938889121417397,-0.03482099995017052
1785938889140980881,-0.03679199889302254
1785938889161458924,-0.03744899854063988
1785938889181514138,-0.038763001561164856
1785938889202835282,-0.042704999446868896
1785938889223294765,-0.045990001410245895
1785938889241800581,-0.045990001410245895
1785938889262181021,-0.046647001057863235
1785938889281558227,-0.048618000000715256
1785938889301983757,-0.050588998943567276
1785938889326413679,-0.051902998238801956
1785938889341271787,-0.051902998238801956
1785938889361498782,-0.052560001611709595
1785938889381396133,-0.053874000906944275
1785938889402226477,-0.055844999849796295
1785938889422459328,-0.055844999849796295
1785938889441787156,-0.055844999849796295
1785938889461746238,-0.055188000202178955
1785938889482220121,-0.054531000554561615
1785938889505565975,-0.051245998591184616
1785938889522485561,-0.051245998591184616
1785938889541214201,-0.051245998591184616
1785938889561515982,-0.051245998591184616
1785938889581129228,-0.050588998943567276
1785938889601744748,-0.049274999648332596
1785938889621283304,-0.045990001410245895
1785938889641922057,-0.042047999799251556
1785938889661506246,-0.041391000151634216
1785938889681260585,-0.03744899854063988
1785938889703242039,-0.03219300135970116
1785938889722339556,-0.029565000906586647
1785938889742066758,-0.026937000453472137
1785938889762145076,-0.024965999647974968
1785938889781271329,-0.023652000352740288
1785938889806364154,-0.01839599944651127
1785938889822377821,-0.013797000050544739
1785938889841896056,-0.011826000176370144
1785938889862040904,-0.009197999723255634
1785938889881347803,-0.0052559999749064445
1785938889902016605,-0.0019710001070052385
1785938889921937254,0.0019710001070052385
1785938889947392427,0.004598999861627817
1785938889962084673,0.005913000088185072
1785938889982349110,0.008541000075638294
1785938890010890340,0.014453999698162079
1785938890028273814,0.01642500050365925
1785938890041694753,0.01905299909412861
1785938890062273792,0.021023999899625778
1785938890081363884,0.02233799919486046
1785938890101742660,0.026937000453472137
1785938890124020413,0.030879000201821327
1785938890141653079,0.03219300135970116
1785938890161721669,0.03219300135970116
1785938890181541482,0.030879000201821327
1785938890203402357,0.029565000906586647
1785938890225126715,0.024965999647974968
1785938890241609326,0.01905299909412861
1785938890261669691,0.01708200015127659
1785938890281411229,0.01116899959743023
1785938890302505838,0.003942000214010477
1785938890325134931,0.0013139999937266111
1785938890342715723,-0.0013139999937266111
1785938890363298219,-0.003942000214010477
1785938890381148236,-0.006570000201463699
1785938890404260610,-0.011826000176370144
1785938890422404846,-0.015768000856041908
1785938890444222839,-0.01708200015127659
1785938890461623017,-0.01839599944651127
1785938890482583669,-0.02168099954724312
1785938890502756230,-0.023652000352740288
1785938890521610186,-0.026937000453472137
1785938890541394574,-0.027594000101089478
1785938890561692100,-0.028250999748706818
1785938890581911414,-0.029565000906586647
1785938890602712925,-0.03350700065493584
1785938890621850635,-0.03482099995017052
1785938890641323972,-0.0361349992454052
1785938890661778142,-0.0361349992454052
1785938890682335965,-0.03744899854063988
1785938890701807510,-0.040734000504016876
1785938890721670012,-0.04336199909448624
1785938890742063477,-0.04401899874210358
1785938890761450219,-0.04401899874210358
1785938890781251056,-0.04401899874210358
1785938890802507814,-0.045333001762628555
1785938890821606034,-0.047961000353097916
1785938890841387286,-0.048618000000715256
1785938890861594728,-0.049274999648332596
1785938890881366091,-0.050588998943567276
1785938890902257717,-0.051902998238801956
1785938890921707469,-0.051902998238801956
1785938890941301643,-0.051902998238801956
1785938890961264341,-0.051245998591184616
1785938890981624108,-0.050588998943567276
1785938891003735391,-0.050588998943567276
1785938891022674086,-0.050588998943567276
1785938891043866490,-0.049931999295949936
1785938891062135978,-0.049931999295949936
1785938891084012982,-0.047961000353097916
1785938891103483055,-0.045990001410245895
1785938891122648061,-0.042704999446868896
1785938891144935895,-0.041391000151634216
1785938891161469356,-0.040734000504016876
1785938891181274000,-0.039420001208782196
1785938891201703242,-0.03482099995017052
1785938891222361708,-0.03219300135970116
1785938891241239024,-0.028250999748706818
1785938891261740621,-0.025622999295592308
1785938891281160612,-0.023652000352740288
1785938891303534912,-0.01839599944651127
1785938891322025624,-0.013797000050544739
1785938891341522418,-0.011826000176370144
1785938891361684195,-0.010511999949812889
1785938891381134491,-0.006570000201463699
1785938891401862047,-0.004598999861627817
1785938891421804552,0.0
1785938891442624880,0.0032850001007318497
1785938891461858625,0.003942000214010477
1785938891481161268,0.007884000428020954
1785938891502250340,0.013140000402927399
1785938891522501432,0.015768000856041908
1785938891546074269,0.01905299909412861
1785938891561899546,0.02168099954724312
1785938891581601563,0.023652000352740288
1785938891601938450,0.028250999748706818
1785938891621485453,0.03219300135970116
1785938891641312371,0.03350700065493584
1785938891661954228,0.03416400030255318
1785938891681557233,0.03679199889302254
1785938891703407804,0.039420001208782196
1785938891724399081,0.042047999799251556
1785938891741581268,0.04336199909448624
1785938891761960172,0.04336199909448624
1785938891781798258,0.04467599838972092
1785938891801785692,0.047961000353097916
1785938891821516222,0.049274999648332596
1785938891841476168,0.049931999295949936
1785938891861686843,0.049931999295949936
1785938891881350202,0.050588998943567276
1785938891902095999,0.053874000906944275
1785938891925658020,0.054531000554561615
1785938891942201593,0.054531000554561615
1785938891962180419,0.055188000202178955
1785938891982687360,0.057158999145030975
1785938892002108983,0.059130001813173294
1785938892021999071,0.060444001108407974
1785938892041684831,0.060444001108407974
1785938892061937491,0.060444001108407974
1785938892081474798,0.061758000403642654
1785938892101777348,0.06307200342416763
1785938892121848882,0.06307200342416763
1785938892141020736,0.06307200342416763
1785938892164227545,0.062415000051259995
1785938892181456198,0.061101000756025314
1785938892202976325,0.060444001108407974
1785938892222367995,0.060444001108407974
1785938892244916093,0.060444001108407974
1785938892261840480,0.060444001108407974
1785938892281510463,0.060444001108407974
1785938892302057405,0.059130001813173294
1785938892321886499,0.055844999849796295
1785938892341386205,0.053874000906944275
1785938892365639417,0.053874000906944275
1785938892382611133,0.051902998238801956
1785938892401788332,0.047304000705480576
1785938892421593745,0.045333001762628555
1785938892441367348,0.04336199909448624
1785938892464609486,0.042704999446868896
1785938892481196133,0.041391000151634216
1785938892504269529,0.03679199889302254
1785938892521922004,0.03219300135970116
1785938892541392973,0.030879000201821327
1785938892561686338,0.028907999396324158
1785938892581259391,0.024965999647974968
1785938892602203370,0.02233799919486046
1785938892622911822,0.01839599944651127
1785938892641645261,0.01708200015127659
1785938892663786850,0.01642500050365925
1785938892681769384,0.014453999698162079
1785938892702128287,0.010511999949812889
1785938892721734205,0.008541000075638294
1785938892741521825,0.007226999849081039
1785938892762162914,0.007226999849081039
1785938892781267855,0.005913000088185072
1785938892817971989,0.0026279999874532223
1785938892828155184,0.0006569999968633056
1785938892841574203,0.0
1785938892862431843,0.0
1785938892881202245,0.0
1785938892901301811,0.0
1785938892922018263,-0.0019710001070052385
1785938892945113452,-0.0026279999874532223
1785938892962054254,-0.0026279999874532223
1785938892981393027,-0.003942000214010477
1785938893012610669,-0.006570000201463699
1785938893022292952,-0.007226999849081039
1785938893042469577,-0.007884000428020954
1785938893070208989,-0.007884000428020954
1785938893083014034,-0.008541000075638294
1785938893106810367,-0.011826000176370144
1785938893123864518,-0.013797000050544739
1785938893141591971,-0.014453999698162079
1785938893166761951,-0.014453999698162079
1785938893181832546,-0.01642500050365925
1785938893201851310,-0.01839599944651127
1785938893221652210,-0.019710000604391098
1785938893241382004,-0.020367000252008438
1785938893261976468,-0.020367000252008438
1785938893281424652,-0.02168099954724312
1785938893306751565,-0.024309000000357628
1785938893325148737,-0.024309000000357628
1785938893341480623,-0.024965999647974968
1785938893361698082,-0.024965999647974968
1785938893383489610,-0.024965999647974968
1785938893402141191,-0.024965999647974968
1785938893422378299,-0.024965999647974968
1785938893445450607,-0.024965999647974968
1785938893462536279,-0.024309000000357628
1785938893482900334,-0.02233799919486046
1785938893505458801,-0.021023999899625778
1785938893522086249,-0.019710000604391098
1785938893541174229,-0.019710000604391098
1785938893570559905,-0.01905299909412861
1785938893581094536,-0.01708200015127659
1785938893604045112,-0.013797000050544739
1785938893621846520,-0.012482999823987484
1785938893641813219,-0.011826000176370144
1785938893661837935,-0.01116899959743023
1785938893681155138,-0.009855000302195549
1785938893703199923,-0.006570000201463699
1785938893722472902,-0.003942000214010477
1785938893741337226,-0.0032850001007318497
1785938893762814696,-0.0026279999874532223
1785938893781348769,-0.0006569999968633056
1785938893804196845,0.0
1785938893822341657,0.0019710001070052385
1785938893841487399,0.0019710001070052385
1785938893861967075,0.0026279999874532223
1785938893881662692,0.003942000214010477
1785938893906946915,0.006570000201463699
1785938893921426162,0.006570000201463699
1785938893941594371,0.007226999849081039
1785938893965186825,0.007226999849081039
1785938893981893763,0.007884000428020954
1785938894001815340,0.009197999723255634
1785938894021736148,0.009197999723255634
1785938894041690014,0.009197999723255634
1785938894061872911,0.009197999723255634
1785938894081876699,0.01116899959743023
1785938894102717571,0.011826000176370144
1785938894124247778,0.013140000402927399
1785938894141613971,0.013140000402927399
1785938894162958765,0.013140000402927399
1785938894181606570,0.014453999698162079
1785938894203080071,0.01773899979889393
1785938894222689733,0.01905299909412861
1785938894242095036,0.019710000604391098
1785938894263194061,0.019710000604391098
1785938894281470877,0.020367000252008438
1785938894302991772,0.024309000000357628
1785938894321829631,0.026937000453472137
1785938894348770552,0.026937000453472137
1785938894362637521,0.027594000101089478
1785938894381464725,0.029565000906586647
1785938894404535689,0.031536001712083817
1785938894427730913,0.03350700065493584
1785938894441724351,0.03416400030255318
1785938894465033755,0.03416400030255318
1785938894484080902,0.03547799959778786
1785938894502760996,0.03679199889302254
1785938894525029341,0.03744899854063988
1785938894541651412,0.03744899854063988
1785938894561669568,0.03744899854063988
1785938894581987990,0.03744899854063988
1785938894603526166,0.03679199889302254
1785938894621690115,0.03679199889302254
1785938894641369059,0.03679199889302254
1785938894661683577,0.03679199889302254
1785938894682172405,0.03482099995017052
1785938894705612117,0.03416400030255318
1785938894722394419,0.03416400030255318
1785938894741504447,0.03416400030255318
1785938894762056061,0.03350700065493584
1785938894781459796,0.03219300135970116
1785938894802389215,0.028907999396324158
1785938894825868001,0.028250999748706818
1785938894842582492,0.027594000101089478
1785938894861912784,0.027594000101089478
1785938894881779831,0.026280000805854797
1785938894904839627,0.023652000352740288
1785938894928475250,0.022995000705122948
1785938894944203083,0.022995000705122948
1785938894965109045,0.02233799919486046
1785938894982238943,0.020367000252008438
1785938895005799523,0.01905299909412861
1785938895039818350,0.01905299909412861
1785938895044367945,0.01905299909412861
1785938895061621238,0.01905299909412861
1785938895081266261,0.01839599944651127
1785938895103446411,0.01773899979889393
1785938895121711291,0.01773899979889393
1785938895141325881,0.01773899979889393
1785938895161755251,0.01773899979889393
1785938895181706428,0.01773899979889393
1785938895202139222,0.01773899979889393
1785938895222801880,0.01773899979889393
1785938895241580762,0.01773899979889393
1785938895261602149,0.01773899979889393
1785938895281558063,0.015768000856041908
1785938895301862149,0.015111000277101994
1785938895322449700,0.014453999698162079
1785938895341289896,0.014453999698162079
1785938895363220821,0.014453999698162079
1785938895381004916,0.013140000402927399
1785938895402267787,0.009855000302195549
1785938895422713797,0.009197999723255634
1785938895441428996,0.009197999723255634
1785938895461871519,0.009197999723255634
1785938895481652834,0.008541000075638294
1785938895501899862,0.004598999861627817
1785938895526934669,0.0006569999968633056
1785938895541628195,0.0
1785938895561599053,0.0
1785938895582804866,-0.0026279999874532223
1785938895604644524,-0.004598999861627817
1785938895625262700,-0.007226999849081039
1785938895642089067,-0.007884000428020954
1785938895661934289,-0.007884000428020954
1785938895681076766,-0.009197999723255634
1785938895708359106,-0.011826000176370144
1785938895731320659,-0.012482999823987484
1785938895742064322,-0.012482999823987484
1785938895763358553,-0.012482999823987484
1785938895781543974,-0.012482999823987484
1785938895805025288,-0.012482999823987484
1785938895822814728,-0.012482999823987484
1785938895841959158,-0.012482999823987484
1785938895862144072,-0.012482999823987484
1785938895882181300,-0.01116899959743023
1785938895902354853,-0.01116899959743023
1785938895921832799,-0.01116899959743023
1785938895941542144,-0.010511999949812889
1785938895964421325,-0.010511999949812889
1785938895981600056,-0.009197999723255634
1785938896001878477,-0.007884000428020954
1785938896023391724,-0.007884000428020954
1785938896041642363,-0.007884000428020954
1785938896061825325,-0.007884000428020954
1785938896082968127,-0.007884000428020954
1785938896102537595,-0.007884000428020954
1785938896129311534,-0.007884000428020954
1785938896145812194,-0.007884000428020954
1785938896161896391,-0.007884000428020954
1785938896183142013,-0.007884000428020954
1785938896202033090,-0.007884000428020954
1785938896221727363,-0.007884000428020954
1785938896241753327,-0.007884000428020954
1785938896261748986,-0.008541000075638294
1785938896281786790,-0.008541000075638294
1785938896301897269,-0.008541000075638294
1785938896321607095,-0.008541000075638294
1785938896341688421,-0.008541000075638294
1785938896361800308,-0.009197999723255634
1785938896381295790,-0.009197999723255634
1785938896401771593,-0.009197999723255634
1785938896421901113,-0.009197999723255634
1785938896441497814,-0.009197999723255634
1785938896461733961,-0.009197999723255634
1785938896481670354,-0.009197999723255634
1785938896501819907,-0.008541000075638294
1785938896522946964,-0.006570000201463699
1785938896546640414,-0.006570000201463699
1785938896562440057,-0.006570000201463699
1785938896581794638,-0.005913000088185072
1785938896604651547,-0.003942000214010477
1785938896623383675,-0.0026279999874532223
1785938896641424067,-0.0019710001070052385
1785938896661831004,-0.0019710001070052385
1785938896685021941,-0.0006569999968633056
1785938896706270282,0.0013139999937266111
1785938896722154025,0.0032850001007318497
1785938896741653987,0.003942000214010477
1785938896761901303,0.003942000214010477
1785938896790924694,0.005913000088185072
1785938896803860464,0.007226999849081039
1785938896822526862,0.009197999723255634
1785938896845660196,0.009197999723255634
1785938896862051668,0.009855000302195549
1785938896884109189,0.01116899959743023
1785938896902558364,0.012482999823987484
1785938896921764972,0.012482999823987484
1785938896941464173,0.012482999823987484
1785938896961691968,0.012482999823987484
1785938896981359263,0.012482999823987484
1785938897003595415,0.012482999823987484
1785938897021738147,0.012482999823987484
1785938897041515398,0.012482999823987484
1785938897062059876,0.012482999823987484
1785938897081407929,0.01116899959743023
1785938897102664079,0.010511999949812889
1785938897124839525,0.010511999949812889
1785938897141363833,0.010511999949812889
1785938897161708656,0.010511999949812889
1785938897181536405,0.01116899959743023
1785938897201747592,0.01116899959743023
1785938897221321572,0.01116899959743023
1785938897241685436,0.01116899959743023
1785938897264289952,0.011826000176370144
1785938897285671706,0.012482999823987484
1785938897301834915,0.013797000050544739
1785938897321634279,0.014453999698162079
1785938897342073505,0.014453999698162079
1785938897361940488,0.014453999698162079
1785938897385329159,0.01642500050365925
1785938897402051362,0.01773899979889393
1785938897422721348,0.019710000604391098
1785938897441162138,0.019710000604391098
1785938897461627317,0.019710000604391098
1785938897481511420,0.021023999899625778
1785938897503385383,0.024309000000357628
1785938897521706361,0.025622999295592308
1785938897541572064,0.025622999295592308
1785938897561643853,0.026280000805854797
1785938897588040243,0.027594000101089478
1785938897603242426,0.029565000906586647
1785938897622020540,0.030222000554203987
1785938897644884137,0.030222000554203987
1785938897662749579,0.030222000554203987
1785938897681582575,0.030879000201821327
1785938897702331219,0.031536001712083817
1785938897722536421,0.031536001712083817
1785938897741655955,0.030879000201821327
1785938897761977001,0.030879000201821327
1785938897782016053,0.030879000201821327
1785938897806691744,0.030222000554203987
1785938897821593629,0.030222000554203987
1785938897846479951,0.030222000554203987
1785938897862294220,0.030222000554203987
1785938897881175984,0.028907999396324158
1785938897903600943,0.027594000101089478
1785938897921771323,0.026937000453472137
1785938897942016783,0.026937000453472137
1785938897961993465,0.026937000453472137
1785938897982852290,0.024965999647974968
1785938898003291228,0.024309000000357628
1785938898022247427,0.024309000000357628
1785938898041652954,0.024309000000357628
1785938898061802091,0.024309000000357628
1785938898083185061,0.024309000000357628
1785938898102261777,0.024309000000357628
1785938898122111031,0.024309000000357628
1785938898142217766,0.023652000352740288
1785938898164478014,0.024309000000357628
1785938898181552677,0.024965999647974968
1785938898202899262,0.024965999647974968
1785938898221683776,0.024965999647974968
1785938898241812016,0.024965999647974968
1785938898262028098,0.025622999295592308
1785938898282408314,0.026280000805854797
1785938898303441897,0.026280000805854797
1785938898322070981,0.026280000805854797
1785938898341476028,0.026280000805854797
1785938898361818259,0.025622999295592308
1785938898381656313,0.024965999647974968
1785938898402270393,0.024309000000357628
1785938898421782579,0.024309000000357628
1785938898441730973,0.024309000000357628
1785938898461709031,0.024309000000357628
1785938898483039488,0.023652000352740288
1785938898503578493,0.02168099954724312
1785938898521961905,0.02168099954724312
1785938898541581648,0.02168099954724312
1785938898561859076,0.02168099954724312
1785938898582411650,0.019710000604391098
1785938898602368684,0.01839599944651127
1785938898622577246,0.01642500050365925
1785938898641360544,0.01642500050365925
1785938898661562706,0.01642500050365925
1785938898681423128,0.01642500050365925
1785938898703923673,0.014453999698162079
1785938898722615384,0.013140000402927399
1785938898742023919,0.011826000176370144
1785938898761727248,0.011826000176370144
1785938898781607671,0.01116899959743023
1785938898802388061,0.010511999949812889
1785938898826147496,0.010511999949812889
1785938898841707260,0.010511999949812889
1785938898861791626,0.010511999949812889
1785938898881915801,0.010511999949812889
1785938898902583163,0.010511999949812889
1785938898922657033,0.010511999949812889
1785938898941660018,0.010511999949812889
1785938898961797890,0.01116899959743023
1785938898981038579,0.012482999823987484
1785938899004904354,0.012482999823987484
1785938899025747754,0.012482999823987484
1785938899043425638,0.012482999823987484
1785938899062443600,0.012482999823987484
1785938899082059918,0.013140000402927399
1785938899102227775,0.013797000050544739
1785938899121985250,0.013797000050544739
1785938899144018546,0.013797000050544739
1785938899162053594,0.013140000402927399
1785938899181775484,0.011826000176370144
1785938899204284925,0.01116899959743023
1785938899221623341,0.01116899959743023
1785938899241412977,0.01116899959743023
1785938899261795818,0.01116899959743023
1785938899281496939,0.009855000302195549
1785938899314334444,0.007226999849081039
1785938899321806252,0.006570000201463699
1785938899341677074,0.005913000088185072
1785938899362050410,0.005913000088185072
1785938899381742283,0.005913000088185072
1785938899402474351,0.004598999861627817
1785938899422504827,0.0013139999937266111
1785938899442113401,0.0
1785938899462755098,0.0
1785938899481367414,-0.0019710001070052385
1785938899519197634,-0.0026279999874532223
1785938899524325809,-0.0026279999874532223
1785938899541700067,-0.0026279999874532223
1785938899561799314,-0.0026279999874532223
1785938899581779004,-0.0026279999874532223
1785938899603905872,-0.0026279999874532223
1785938899626571894,-0.0026279999874532223
1785938899643957576,-0.0026279999874532223
1785938899662924304,-0.0026279999874532223
1785938899682108415,-0.0019710001070052385
1785938899707861903,-0.0019710001070052385
1785938899721897422,-0.0013139999937266111
1785938899741347591,-0.0013139999937266111
1785938899763559102,-0.0013139999937266111
1785938899781541348,0.0
1785938899804199946,0.0
1785938899822735203,0.0
1785938899841526149,0.0
1785938899861923934,0.0
1785938899881321652,0.0
1785938899901973686,0.0
1785938899928848492,0.0
1785938899941389432,0.0
1785938899961801233,0.0
1785938899981658328,0.0
1785938900002813162,0.0
1785938900022649136,0.0
1785938900050289408,0.0
1785938900061484990,0.0
1785938900081895256,0.0019710001070052385
1785938900101886659,0.0032850001007318497
1785938900122224441,0.005913000088185072
1785938900141645809,0.005913000088185072
1785938900162008936,0.006570000201463699
1785938900181766859,0.007884000428020954
1785938900210680967,0.01116899959743023
1785938900221952008,0.011826000176370144
1785938900242402370,0.011826000176370144
1785938900261997056,0.012482999823987484
1785938900281373846,0.013140000402927399
1785938900303414695,0.01642500050365925
1785938900321513137,0.01773899979889393
1785938900342049806,0.01773899979889393
1785938900361794545,0.01839599944651127
1785938900381047683,0.020367000252008438
1785938900403995730,0.02233799919486046
1785938900423579855,0.025622999295592308
1785938900442354545,0.026937000453472137
1785938900461833226,0.027594000101089478
1785938900481280226,0.029565000906586647
1785938900504113774,0.0328500010073185
1785938900522300476,0.03482099995017052
1785938900545610840,0.03547799959778786
1785938900562330643,0.0361349992454052
1785938900581832429,0.03744899854063988
1785938900602162404,0.040734000504016876
1785938900621321170,0.042704999446868896
1785938900641974964,0.04336199909448624
1785938900662127748,0.04336199909448624
1785938900682255860,0.045333001762628555
1785938900703278850,0.045990001410245895
1785938900723986949,0.047304000705480576
1785938900741397496,0.047304000705480576
1785938900762135228,0.046647001057863235
1785938900784818755,0.045333001762628555
1785938900804053364,0.041391000151634216
1785938900821985017,0.039420001208782196
1785938900842650715,0.03679199889302254
1785938900861739975,0.03547799959778786
1785938900881630734,0.03416400030255318
1785938900902110346,0.030222000554203987
1785938900921867821,0.025622999295592308
1785938900941891705,0.024309000000357628
1785938900964879626,0.02233799919486046
1785938900980979120,0.01839599944651127
1785938901005731677,0.015768000856041908
1785938901022362965,0.010511999949812889
1785938901041749932,0.007226999849081039
1785938901061930717,0.006570000201463699
1785938901081818660,0.0026279999874532223
1785938901102332417,-0.0013139999937266111
1785938901122726490,-0.0026279999874532223
1785938901141815590,-0.003942000214010477
1785938901162382276,-0.004598999861627817
1785938901181538195,-0.0052559999749064445
1785938901202871276,-0.009197999723255634
1785938901225228423,-0.012482999823987484
1785938901244991210,-0.013797000050544739
1785938901261942221,-0.014453999698162079
1785938901281560555,-0.01708200015127659
1785938901301635993,-0.01839599944651127
1785938901323462627,-0.020367000252008438
1785938901341593486,-0.020367000252008438
1785938901362204014,-0.020367000252008438
1785938901381728169,-0.02168099954724312
1785938901407410966,-0.02233799919486046
1785938901425254232,-0.02233799919486046
1785938901448784156,-0.02233799919486046
1785938901461623314,-0.022995000705122948
1785938901481914087,-0.024309000000357628
1785938901501827472,-0.025622999295592308
1785938901522047330,-0.025622999295592308
1785938901541404024,-0.025622999295592308
1785938901565459949,-0.025622999295592308
1785938901581629654,-0.026280000805854797
1785938901601926443,-0.026280000805854797
1785938901621551305,-0.026280000805854797
1785938901641133766,-0.026280000805854797
1785938901662840876,-0.026280000805854797
1785938901682469290,-0.026280000805854797
1785938901712468715,-0.026937000453472137
1785938901725027864,-0.026937000453472137
1785938901741339621,-0.026937000453472137
1785938901761476501,-0.026937000453472137
1785938901781567427,-0.027594000101089478
1785938901802155235,-0.030879000201821327
1785938901822646623,-0.03219300135970116
1785938901841445121,-0.03219300135970116
1785938901862336522,-0.031536001712083817
1785938901881812900,-0.031536001712083817
1785938901903558539,-0.031536001712083817
1785938901921835579,-0.030879000201821327
1785938901941431512,-0.030879000201821327
1785938901961823985,-0.030879000201821327
1785938901982976995,-0.029565000906586647
1785938902001785286,-0.025622999295592308
1785938902024306887,-0.024965999647974968
1785938902041507475,-0.023652000352740288
1785938902061733670,-0.023652000352740288
1785938902081189150,-0.02233799919486046
1785938902102110313,-0.01905299909412861
1785938902123963539,-0.01642500050365925
1785938902147215758,-0.015768000856041908
1785938902162290065,-0.015111000277101994
1785938902182157207,-0.013140000402927399
1785938902202336233,-0.01116899959743023
1785938902225262008,-0.006570000201463699
1785938902242949268,-0.003942000214010477
1785938902262820827,-0.0026279999874532223
1785938902281769282,0.0
1785938902303866773,0.003942000214010477
1785938902321769688,0.0052559999749064445
1785938902341649055,0.005913000088185072
1785938902361952245,0.006570000201463699
1785938902381404685,0.007226999849081039
1785938902412283276,0.01116899959743023
1785938902422063258,0.014453999698162079
1785938902441799453,0.015768000856041908
1785938902462099282,0.015768000856041908
1785938902481460679,0.01642500050365925
1785938902507702760,0.01708200015127659
1785938902521918797,0.021023999899625778
1785938902541610990,0.023652000352740288
1785938902564495036,0.024309000000357628
1785938902586646640,0.024309000000357628
1785938902606967047,0.02233799919486046
1785938902621941286,0.020367000252008438
1785938902641567076,0.014453999698162079
1785938902662939647,0.007226999849081039
1785938902681595292,0.0026279999874532223
1785938902702607914,-0.006570000201463699
1785938902724744350,-0.014453999698162079
1785938902744014832,-0.01839599944651127
1785938902763024409,-0.023652000352740288
1785938902782220745,-0.031536001712083817
1785938902806902196,-0.03547799959778786
1785938902828116809,-0.041391000151634216
1785938902854443756,-0.045333001762628555
1785938902862309337,-0.046647001057863235
1785938902881509097,-0.051245998591184616
1785938902920583231,-0.056501999497413635
1785938902924786863,-0.058472998440265656
1785938902941502954,-0.059787001460790634
1785938902962003526,-0.060444001108407974
1785938902981610500,-0.060444001108407974
1785938903006606682,-0.061758000403642654
1785938903021894244,-0.065700002014637
1785938903041649191,-0.06701400130987167
1785938903061720725,-0.06701400130987167
1785938903081123659,-0.06767100095748901
1785938903102211228,-0.0689850002527237
1785938903121915549,-0.0722699984908104
1785938903144512609,-0.07292699813842773
1785938903162293312,-0.07358399778604507
1785938903181611348,-0.07489799708127975
1785938903202032430,-0.0755549967288971
1785938903222374916,-0.0755549967288971
1785938903241962914,-0.0755549967288971
1785938903262338906,-0.07489799708127975
1785938903281822739,-0.07358399778604507
1785938903302167018,-0.07292699813842773
1785938903322059026,-0.07292699813842773
1785938903341609261,-0.07292699813842773
1785938903362132843,-0.07292699813842773
1785938903381576131,-0.07489799708127975
1785938903402416171,-0.0755549967288971
1785938903424118096,-0.07621199637651443
1785938903441949265,-0.07621199637651443
1785938903462042399,-0.07621199637651443
1785938903481171405,-0.07489799708127975
1785938903501886608,-0.07161299884319305
1785938903523970115,-0.07029899954795837
1785938903541848165,-0.07029899954795837
1785938903564770677,-0.06964199990034103
1785938903590374271,-0.06832800060510635
1785938903601882600,-0.06438600271940231
1785938903624167169,-0.060444001108407974
1785938903641952481,-0.059130001813173294
1785938903661813159,-0.057815998792648315
1785938903684838266,-0.054531000554561615
1785938903706093360,-0.051902998238801956
1785938903730120805,-0.045990001410245895
1785938903741428007,-0.042704999446868896
1785938903761725660,-0.041391000151634216
1785938903781367419,-0.03744899854063988
1785938903802165282,-0.030879000201821327
1785938903824124976,-0.028250999748706818
1785938903842198489,-0.024309000000357628
1785938903862393259,-0.02168099954724312
1785938903882165743,-0.019710000604391098
1785938903902724973,-0.013797000050544739
1785938903930495937,-0.007884000428020954
1785938903941546875,-0.0052559999749064445
1785938903961757869,-0.0019710001070052385
1785938903981687318,0.0026279999874532223
1785938904002132593,0.006570000201463699
1785938904022113947,0.011826000176370144
1785938904041569908,0.015768000856041908
1785938904061686243,0.01642500050365925
1785938904081437862,0.01773899979889393
1785938904105936810,0.020367000252008438
1785938904124632809,0.022995000705122948
1785938904141299810,0.028250999748706818
1785938904161736252,0.03350700065493584
1785938904182921712,0.03547799959778786
1785938904201798421,0.038763001561164856
1785938904221597305,0.038763001561164856
1785938904241456992,0.038763001561164856
1785938904261271909,0.039420001208782196
1785938904281333298,0.041391000151634216
1785938904306426763,0.042047999799251556
1785938904322301961,0.042704999446868896
1785938904341562267,0.042704999446868896
1785938904366898205,0.042704999446868896
1785938904385648925,0.04401899874210358
1785938904402457403,0.045990001410245895
1785938904422222335,0.045990001410245895
1785938904447638915,0.045990001410245895
1785938904463359228,0.046647001057863235
1785938904483026108,0.047304000705480576
1785938904502403185,0.049274999648332596
1785938904522077842,0.049931999295949936
1785938904541808115,0.049931999295949936
1785938904573090560,0.049931999295949936
1785938904581479935,0.050588998943567276
1785938904602252292,0.050588998943567276
1785938904622223534,0.050588998943567276
1785938904641887470,0.050588998943567276
1785938904662083744,0.050588998943567276
1785938904681711743,0.049274999648332596
1785938904702043605,0.046647001057863235
1785938904722135875,0.046647001057863235
1785938904741158317,0.045990001410245895
1785938904761873841,0.045990001410245895
1785938904780970429,0.04467599838972092
1785938904802043053,0.042047999799251556
1785938904826329963,0.040077000856399536
1785938904841696536,0.040077000856399536
1785938904861987053,0.040077000856399536
1785938904881463494,0.03810599818825722
1785938904902111943,0.0361349992454052
1785938904928573839,0.03219300135970116
1785938904941866325,0.030879000201821327
1785938904961958916,0.030222000554203987
1785938904981654276,0.028250999748706818
1785938905006311727,0.024309000000357628
1785938905022930438,0.021023999899625778
1785938905044600715,0.013797000050544739
1785938905061765781,0.007226999849081039
1785938905083361143,0.0032850001007318497
1785938905102833872,-0.004598999861627817
1785938905122480111,-0.01116899959743023
1785938905141619389,-0.013797000050544739
1785938905161685322,-0.01839599944651127
1785938905181743255,-0.024309000000357628
1785938905206480548,-0.028250999748706818
1785938905227717178,-0.03416400030255318
1785938905242274571,-0.03744899854063988
1785938905261762085,-0.038763001561164856
1785938905281835858,-0.042704999446868896
1785938905303877923,-0.047961000353097916
1785938905322225590,-0.049931999295949936
1785938905342530444,-0.051245998591184616
1785938905362829441,-0.051902998238801956
1785938905381541824,-0.053217001259326935
1785938905402074398,-0.057158999145030975
1785938905421989318,-0.060444001108407974
1785938905441417534,-0.061101000756025314
1785938905462068799,-0.061758000403642654
1785938905484627266,-0.06372900307178497
1785938905505112733,-0.065700002014637
1785938905524301485,-0.06832800060510635
1785938905541476792,-0.0689850002527237
1785938905562093048,-0.0689850002527237
1785938905581923453,-0.0689850002527237
1785938905602209106,-0.07095599919557571
1785938905621941556,-0.07161299884319305
1785938905644833794,-0.0722699984908104
1785938905661790245,-0.0722699984908104
1785938905681258590,-0.07358399778604507
1785938905703919973,-0.07752600312232971
1785938905726670702,-0.08278200030326843
1785938905744495343,-0.08540999889373779
1785938905762180075,-0.0886949971318245
1785938905781755495,-0.09263700246810913
1785938905801915000,-0.09395100176334381
1785938905822140779,-0.09395100176334381
1785938905842224505,-0.09460800141096115
1785938905861264387,-0.09395100176334381
1785938905881526487,-0.09329400211572647
1785938905902923602,-0.09329400211572647
1785938905923593716,-0.09329400211572647
1785938905945336795,-0.09263700246810913
1785938905962041942,-0.09263700246810913
1785938905982125988,-0.09132300317287445
1785938906001626942,-0.08738099783658981
1785938906022731151,-0.08278200030326843
1785938906045264049,-0.08146800100803375
1785938906061737923,-0.08015400171279907
1785938906082260160,-0.07621199637651443
1785938906105637471,-0.07358399778604507
1785938906127192767,-0.0689850002527237
1785938906141868533,-0.06635700166225433
1785938906161962211,-0.06504300236701965
1785938906181825257,-0.061758000403642654
1785938906208104395,-0.056501999497413635
1785938906221617977,-0.053874000906944275
1785938906241559522,-0.051245998591184616
1785938906262125472,-0.049274999648332596
1785938906281834946,-0.047304000705480576
1785938906302813870,-0.042704999446868896
1785938906321725908,-0.03744899854063988
1785938906341349203,-0.03547799959778786
1785938906365867160,-0.0328500010073185
1785938906381262438,-0.028250999748706818
1785938906402607967,-0.025622999295592308
1785938906422490758,-0.020367000252008438
1785938906441816091,-0.01642500050365925
1785938906461742627,-0.015768000856041908
1785938906482227167,-0.013797000050544739
1785938906513673329,-0.013140000402927399
1785938906522721894,-0.013140000402927399
1785938906541630028,-0.013140000402927399
1785938906561785245,-0.013140000402927399
1785938906581360473,-0.012482999823987484
1785938906602670417,-0.012482999823987484
1785938906621415698,-0.011826000176370144
1785938906641720359,-0.011826000176370144
1785938906662763958,-0.011826000176370144
1785938906681928549,-0.009855000302195549
1785938906701951089,-0.008541000075638294
1785938906722988191,-0.006570000201463699
1785938906745355003,-0.006570000201463699
1785938906762398241,-0.006570000201463699
1785938906781598993,-0.0052559999749064445
1785938906802806694,-0.0013139999937266111
1785938906821598056,0.0
1785938906843580151,0.0006569999968633056
1785938906861525884,0.0013139999937266111
1785938906881031030,0.0019710001070052385
1785938906902022179,0.005913000088185072
1785938906928518636,0.009855000302195549
1785938906941477063,0.01116899959743023
1785938906961643224,0.012482999823987484
1785938906981258710,0.015768000856041908
1785938907003612465,0.01773899979889393
1785938907023343923,0.020367000252008438
1785938907042821069,0.021023999899625778
1785938907064936992,0.021023999899625778
1785938907081548151,0.021023999899625778
1785938907102615527,0.021023999899625778
1785938907122852378,0.021023999899625778
1785938907142056106,0.021023999899625778
1785938907162995862,0.021023999899625778
1785938907181240837,0.020367000252008438
1785938907204719559,0.01839599944651127
1785938907223638125,0.01839599944651127
1785938907241605235,0.01839599944651127
1785938907263967983,0.01773899979889393
1785938907281131929,0.015768000856041908
1785938907302359598,0.013797000050544739
1785938907322810889,0.008541000075638294
1785938907342211776,0.0026279999874532223
1785938907361976643,0.0006569999968633056
1785938907382057713,-0.004598999861627817
1785938907402522956,-0.012482999823987484
1785938907421675034,-0.015111000277101994
1785938907442807724,-0.01905299909412861
1785938907462094079,-0.02233799919486046
1785938907481179947,-0.024965999647974968
1785938907502019858,-0.030222000554203987
1785938907522720246,-0.0328500010073185
1785938907541582682,-0.03350700065493584
1785938907566366216,-0.03416400030255318
1785938907581420107,-0.0361349992454052
1785938907615938470,-0.03810599818825722
1785938907624279491,-0.039420001208782196
1785938907642025025,-0.040077000856399536
1785938907665331293,-0.040077000856399536
1785938907681932308,-0.040734000504016876
1785938907704747072,-0.040734000504016876
1785938907722481373,-0.040734000504016876
1785938907741458630,-0.040734000504016876
1785938907762976805,-0.040734000504016876
1785938907781665795,-0.040734000504016876
1785938907804109090,-0.040734000504016876
1785938907821589655,-0.040077000856399536
1785938907841447837,-0.040077000856399536
1785938907861876855,-0.040077000856399536
1785938907881754462,-0.03810599818825722
1785938907902096149,-0.0361349992454052
1785938907922057599,-0.030879000201821327
1785938907941231374,-0.025622999295592308
1785938907961832269,-0.024309000000357628
1785938907981821240,-0.01905299909412861
1785938908002203792,-0.012482999823987484
1785938908022095672,-0.009855000302195549
1785938908041348810,-0.005913000088185072
1785938908061338644,-0.003942000214010477
1785938908081499141,-0.0032850001007318497
1785938908105187694,-0.004598999861627817
1785938908124515395,-0.007226999849081039
1785938908141541544,-0.008541000075638294
1785938908161922240,-0.009197999723255634
1785938908181766118,-0.010511999949812889
1785938908205903007,-0.01116899959743023
1785938908228140310,-0.01116899959743023
1785938908241888332,-0.01116899959743023
1785938908262842232,-0.010511999949812889
1785938908281527606,-0.009197999723255634
1785938908304292448,-0.007226999849081039
1785938908321733299,-0.007226999849081039
1785938908343553245,-0.007226999849081039
1785938908363875187,-0.007226999849081039
1785938908382346634,-0.006570000201463699
1785938908407541735,-0.0032850001007318497
1785938908421666665,-0.0013139999937266111
1785938908442111395,-0.0006569999968633056
1785938908461835301,-0.0006569999968633056
1785938908481867729,0.0006569999968633056
1785938908502757083,0.0026279999874532223
1785938908523146580,0.0052559999749064445
1785938908542087707,0.0052559999749064445
1785938908562009827,0.005913000088185072
1785938908581300790,0.007226999849081039
1785938908603346791,0.009855000302195549
1785938908622265741,0.010511999949812889
1785938908641659044,0.01116899959743023
1785938908664711735,0.01116899959743023
1785938908681394705,0.011826000176370144
1785938908702162999,0.015768000856041908
1785938908721438377,0.01839599944651127
1785938908741336497,0.01905299909412861
1785938908763402338,0.019710000604391098
1785938908781415402,0.02168099954724312
1785938908826716501,0.024965999647974968
1785938908850426271,0.024965999647974968
1785938908865329244,0.024965999647974968
1785938908881482340,0.024965999647974968
1785938908902529651,0.022995000705122948
1785938908921799781,0.021023999899625778
1785938908942918967,0.015768000856041908
1785938908962358639,0.009855000302195549
1785938908981759845,0.005913000088185072
1785938909004094688,-0.0006569999968633056
1785938909022115080,-0.005913000088185072
1785938909041935533,-0.007884000428020954
1785938909062251971,-0.009855000302195549
1785938909084004330,-0.014453999698162079
1785938909102117173,-0.01708200015127659
1785938909123487855,-0.02168099954724312
1785938909141624122,-0.023652000352740288
1785938909161743786,-0.024309000000357628
1785938909181719380,-0.026937000453472137
1785938909203937035,-0.030879000201821327
1785938909221698890,-0.03219300135970116
1785938909242970208,-0.0328500010073185
1785938909262708354,-0.0328500010073185
1785938909282022518,-0.03350700065493584
1785938909303307469,-0.03482099995017052
1785938909325223546,-0.03810599818825722
1785938909344269285,-0.039420001208782196
1785938909361893503,-0.040077000856399536
1785938909381486908,-0.042704999446868896
1785938909402353125,-0.04401899874210358
1785938909423994824,-0.04467599838972092
1785938909441510494,-0.04467599838972092
1785938909461797235,-0.04467599838972092
1785938909481625497,-0.045990001410245895
1785938909502489185,-0.047304000705480576
1785938909523034079,-0.047304000705480576
1785938909543313684,-0.047304000705480576
1785938909562506723,-0.047961000353097916
1785938909581735700,-0.048618000000715256
1785938909602016969,-0.050588998943567276
1785938909622828176,-0.051245998591184616
1785938909642210182,-0.051245998591184616
1785938909662142383,-0.051245998591184616
1785938909682070104,-0.051245998591184616
1785938909703126887,-0.051902998238801956
1785938909722052205,-0.052560001611709595
1785938909741980310,-0.053217001259326935
1785938909761927391,-0.052560001611709595
1785938909785858577,-0.051245998591184616
1785938909802284162,-0.048618000000715256
1785938909823603418,-0.048618000000715256
1785938909842176181,-0.048618000000715256
1785938909862043131,-0.047961000353097916
1785938909881531637,-0.046647001057863235
1785938909902163894,-0.04336199909448624
1785938909925752188,-0.040077000856399536
1785938909941765631,-0.039420001208782196
1785938909962315517,-0.038763001561164856
1785938909983051169,-0.03679199889302254
1785938910002235824,-0.03482099995017052
1785938910026002908,-0.030222000554203987
1785938910042295241,-0.027594000101089478
1785938910062686465,-0.026280000805854797
1785938910082092184,-0.023652000352740288
1785938910110970259,-0.01839599944651127
1785938910121835046,-0.01642500050365925
1785938910142094650,-0.013797000050544739
1785938910163880642,-0.012482999823987484
1785938910182054543,-0.01116899959743023
1785938910206210440,-0.007226999849081039
1785938910225942410,-0.003942000214010477
1785938910242604611,-0.0026279999874532223
1785938910262279331,-0.0019710001070052385
1785938910282380018,0.0
1785938910301892268,0.0019710001070052385
1785938910321844790,0.006570000201463699
1785938910341580056,0.008541000075638294
1785938910361841836,0.009197999723255634
1785938910384781660,0.009197999723255634
1785938910402341588,0.007884000428020954
1785938910423514439,0.005913000088185072
1785938910441411018,0.0006569999968633056
1785938910461608220,-0.005913000088185072
1785938910481633384,-0.009855000302195549
1785938910505208718,-0.020367000252008438
1785938910522263988,-0.03219300135970116
1785938910544133375,-0.03679199889302254
1785938910562720634,-0.046647001057863235
1785938910581503292,-0.057815998792648315
1785938910602272289,-0.06307200342416763
1785938910622420593,-0.07292699813842773
1785938910641392601,-0.08081100136041641
1785938910661700719,-0.08409599959850311
1785938910681801342,-0.09198000282049179
1785938910704248637,-0.09920699894428253
1785938910722149440,-0.10249199718236923
1785938910741516950,-0.10643400251865387
1785938910761542914,-0.10906200110912323
1785938910780879510,-0.11103300005197525
1785938910813676535,-0.11497499793767929
1785938910821468417,-0.11628899723291397
1785938910841447787,-0.11694599688053131
1785938910861843204,-0.11694599688053131
1785938910881313245,-0.11760299652814865
1785938910901241798,-0.11826000362634659
1785938910931864988,-0.11826000362634659
1785938910941320479,-0.11826000362634659
1785938910964971271,-0.11826000362634659
1785938910985868433,-0.11628899723291397
1785938911004034557,-0.11300399899482727
1785938911022144072,-0.11300399899482727
1785938911040955274,-0.11300399899482727
1785938911061369060,-0.11234699934720993
1785938911081495859,-0.11103300005197525
1785938911106383461,-0.10709100216627121
1785938911122996957,-0.10314899682998657
1785938911146668709,-0.10183499753475189
1785938911161651045,-0.10117799788713455
1785938911181534476,-0.10183499753475189
1785938911213642933,-0.10314899682998657
1785938911223769903,-0.10709100216627121
1785938911241758230,-0.11300399899482727
1785938911262031786,-0.11694599688053131
1785938911283955479,-0.126800999045372
1785938911315921755,-0.13994100689888
1785938911323606081,-0.1465110033750534
1785938911341562919,-0.15833699703216553
1785938911361810907,-0.16884900629520416
1785938911381222162,-0.17476199567317963
1785938911405750711,-0.18461699783802032
1785938911421671415,-0.19118699431419373
1785938911441719396,-0.19381499290466309
1785938911461919990,-0.19709999859333038
1785938911481462930,-0.19775700569152832
1785938911501991727,-0.19775700569152832
1785938911522420265,-0.19644300639629364
1785938911544640864,-0.19644300639629364
1785938911562303195,-0.1957859992980957
1785938911581411240,-0.19381499290466309
1785938911602991273,-0.1892160028219223
1785938911621630374,-0.18724499642848969
1785938911642434988,-0.18527400493621826
1785938911661827427,-0.18461699783802032
1785938911681715370,-0.18330299854278564
1785938911702524849,-0.17870399355888367
1785938911726321918,-0.17213399708271027
1785938911741713516,-0.16819199919700623
1785938911762503186,-0.1609649956226349
1785938911781157807,-0.15242399275302887
1785938911801881907,-0.1465110033750534
1785938911821730873,-0.1379700005054474
1785938911841587999,-0.131400004029274
1785938911861984760,-0.12877200543880463
1785938911881796253,-0.12220200151205063
1785938911904433570,-0.11300399899482727
1785938911922543725,-0.10774800181388855
1785938911941862497,-0.09986399859189987
1785938911962110292,-0.09395100176334381
1785938911981652976,-0.09198000282049179
1785938912003305428,-0.09000899642705917
1785938912022460226,-0.09000899642705917
1785938912041646129,-0.09066600352525711
1785938912061638780,-0.09395100176334381
1785938912081169719,-0.09986399859189987
1785938912104695707,-0.10380599647760391
1785938912123777191,-0.11300399899482727
1785938912141608136,-0.12023100256919861
1785938912161978912,-0.12351600080728531
1785938912181654112,-0.1281149983406067
1785938912201867794,-0.13271400332450867
1785938912222653016,-0.1346849948167801
1785938912241633665,-0.13599899411201477
1785938912262257761,-0.13534200191497803
1785938912281384975,-0.1346849948167801
1785938912304473539,-0.13074299693107605
1785938912322369287,-0.1281149983406067
1785938912342918020,-0.1281149983406067
1785938912361964335,-0.12745800614356995
1785938912382392489,-0.12548699975013733
1785938912402299409,-0.12285900115966797
1785938912422351646,-0.11694599688053131
1785938912441447178,-0.11234699934720993
1785938912461975463,-0.11037600040435791
1785938912481323292,-0.10840500146150589
1785938912501887483,-0.10446300357580185
1785938912521892102,-0.10183499753475189
1785938912541680810,-0.09460800141096115
1785938912561825562,-0.08803799748420715
1785938912581555324,-0.08409599959850311
1785938912601998903,-0.07424099743366241
1785938912621708952,-0.065700002014637
1785938912641893353,-0.06307200342416763
1785938912661865620,-0.057815998792648315
1785938912682679419,-0.050588998943567276
1785938912702630724,-0.045990001410245895
1785938912722332997,-0.03810599818825722
1785938912742617882,-0.03219300135970116
1785938912761861131,-0.030222000554203987
1785938912781744435,-0.027594000101089478
1785938912804134063,-0.026937000453472137
1785938912822820366,-0.026937000453472137
1785938912844896576,-0.028907999396324158
1785938912862389781,-0.03416400030255318
1785938912881518883,-0.03744899854063988
1785938912902233286,-0.045333001762628555
1785938912925763690,-0.055188000202178955
1785938912941753420,-0.061101000756025314
1785938912961799897,-0.07489799708127975
1785938912981809285,-0.08935199677944183
1785938913002530824,-0.09657900035381317
1785938913022224457,-0.10840500146150589
1785938913045109751,-0.11891700327396393
1785938913062093243,-0.12285900115966797
1785938913081462769,-0.13271400332450867
1785938913102072113,-0.14059799909591675
1785938913121969656,-0.14388300478458405
1785938913141450162,-0.14848199486732483
1785938913161991344,-0.1511099934577942
1785938913182888313,-0.15242399275302887
1785938913205223540,-0.15373800694942474
1785938913222208120,-0.15373800694942474
1785938913241490187,-0.15373800694942474
1785938913262137804,-0.1530809998512268
1785938913284421158,-0.1511099934577942
1785938913304093990,-0.14848199486732483
1785938913327730157,-0.1445399969816208
1785938913341844943,-0.14256900548934937
1785938913362467056,-0.14191199839115143
1785938913381658015,-0.14191199839115143
1785938913404169344,-0.13928399980068207
1785938913433281635,-0.13731299340724945
1785938913441674401,-0.13205699622631073
1785938913462703152,-0.1281149983406067
1785938913481795452,-0.12483000010251999
1785938913502214773,-0.11760299652814865
1785938913522012890,-0.11168999969959259
1785938913541500531,-0.10971900075674057
1785938913562045585,-0.10774800181388855
1785938913581707537,-0.10774800181388855
1785938913601927907,-0.10840500146150589
1785938913622297915,-0.11168999969959259
1785938913641479371,-0.11826000362634659
1785938913661736991,-0.12285900115966797
1785938913681803756,-0.13205699622631073
1785938913702527792,-0.1445399969816208
1785938913735930341,-0.15176700055599213
1785938913741670857,-0.16490699350833893
1785938913762950624,-0.17673300206661224
1785938913781434359,-0.18330299854278564
1785938913802076760,-0.1957859992980957
1785938913829471328,-0.20498399436473846
1785938913846776303,-0.20958299934864044
1785938913866547219,-0.21483899652957916
1785938913881534419,-0.21943800151348114
1785938913904643688,-0.22140899300575256
1785938913922069467,-0.22403700649738312
1785938913941800029,-0.22469399869441986
1785938913962327771,-0.22403700649738312
1785938913982250915,-0.22272300720214844
1785938914002145675,-0.21746699512004852
1785938914022386942,-0.21418200433254242
1785938914041675921,-0.20958299934864044
1785938914061920741,-0.20629799365997314
1785938914081713449,-0.20432700216770172
1785938914102337801,-0.19775700569152832
1785938914122766851,-0.19053000211715698
1785938914141730827,-0.18790200352668762
1785938914162421838,-0.18461699783802032
1785938914181631550,-0.17870399355888367
1785938914202568841,-0.17476199567317963
1785938914222770555,-0.16753500699996948
1785938914241636960,-0.16227899491786957
1785938914262074042,-0.16030800342559814
1785938914282613431,-0.15505200624465942
1785938914302361178,-0.14716799557209015
1785938914324339753,-0.14256900548934937
1785938914341687705,-0.1346849948167801
1785938914362042833,-0.1300860047340393
1785938914381590796,-0.12877200543880463
1785938914408612295,-0.126800999045372
1785938914440807187,-0.1281149983406067
1785938914451249080,-0.12942899763584137
1785938914461975846,-0.13402800261974335
1785938914481957521,-0.14191199839115143
1785938914504243082,-0.1465110033750534
1785938914525185973,-0.1563660055398941
1785938914545527052,-0.16556400060653687
1785938914561994591,-0.1695059984922409
1785938914583247413,-0.1760759949684143
1785938914604747379,-0.18067499995231628
1785938914622541107,-0.18198899924755096
1785938914642258389,-0.18198899924755096
1785938914661610186,-0.18198899924755096
1785938914681574612,-0.18133200705051422
1785938914702175347,-0.17673300206661224
1785938914726610998,-0.17016300559043884
1785938914741919137,-0.16819199919700623
1785938914762012943,-0.16425000131130219
1785938914781593100,-0.1596509963274002
1785938914803905030,-0.15570899844169617
1785938914822353148,-0.14848199486732483
1785938914842030301,-0.14388300478458405
1785938914862497080,-0.14191199839115143
1785938914881348572,-0.1366560012102127
1785938914902129186,-0.12877200543880463
1785938914928404035,-0.12417300045490265
1785938914946538735,-0.11694599688053131
1785938914964870017,-0.11037600040435791
1785938914984880492,-0.10643400251865387
1785938915003531657,-0.09657900035381317
1785938915021891805,-0.0886949971318245
1785938915041366006,-0.08540999889373779
1785938915061827217,-0.08081100136041641
1785938915082777788,-0.07884000241756439
1785938915102359961,-0.07818300276994705
1785938915121692110,-0.07949700206518173
1785938915141510739,-0.08278200030326843
1785938915161720837,-0.08540999889373779
1785938915181682127,-0.09263700246810913
1785938915204697537,-0.10117799788713455
1785938915222537058,-0.10709100216627121
1785938915241595565,-0.11760299652814865
1785938915262369363,-0.12614400684833527
1785938915281677511,-0.131400004029274
1785938915302383658,-0.13928399980068207
1785938915322576284,-0.1445399969816208
1785938915341839694,-0.1465110033750534
1785938915362411629,-0.14848199486732483
1785938915382292372,-0.14848199486732483
1785938915402047414,-0.14716799557209015
1785938915421787193,-0.14388300478458405
1785938915444044785,-0.14256900548934937
1785938915463552843,-0.14191199839115143
1785938915483434355,-0.13994100689888
1785938915508376807,-0.13534200191497803
1785938915521894996,-0.13271400332450867
1785938915541716409,-0.12877200543880463
1785938915562324857,-0.12614400684833527
1785938915581755057,-0.12417300045490265
1785938915606343321,-0.11826000362634659
1785938915622375613,-0.11037600040435791
1785938915642522285,-0.10709100216627121
1785938915661766302,-0.10249199718236923
1785938915682081812,-0.09986399859189987
1785938915702612594,-0.09723600000143051
1785938915725694758,-0.09066600352525711
1785938915741722154,-0.08278200030326843
1785938915761672531,-0.07949700206518173
1785938915782745859,-0.07095599919557571
1785938915802661963,-0.060444001108407974
1785938915828638563,-0.055844999849796295
1785938915846583079,-0.047304000705480576
1785938915862143931,-0.040734000504016876
1785938915881524177,-0.03679199889302254
1785938915902468221,-0.026937000453472137
1785938915922731921,-0.01839599944651127
1785938915941781435,-0.014453999698162079
1785938915962136499,-0.008541000075638294
1785938915981209950,-0.004598999861627817
1785938916002321071,-0.003942000214010477
1785938916021690181,-0.0032850001007318497
1785938916042345063,-0.003942000214010477
1785938916062206445,-0.0052559999749064445
1785938916081689127,-0.009855000302195549
1785938916102433323,-0.01642500050365925
1785938916128202267,-0.020367000252008438
1785938916141460096,-0.028250999748706818
1785938916162379179,-0.03416400030255318
1785938916181134668,-0.0361349992454052
1785938916203235135,-0.042704999446868896
1785938916222091299,-0.048618000000715256
1785938916241576284,-0.050588998943567276
1785938916262516072,-0.053217001259326935
1785938916281309033,-0.057158999145030975
1785938916302298102,-0.058472998440265656
1785938916321841138,-0.059130001813173294
1785938916341822781,-0.059130001813173294
1785938916362043407,-0.059130001813173294
1785938916381782578,-0.059130001813173294
1785938916402995142,-0.059130001813173294
1785938916426037177,-0.059130001813173294
1785938916441868054,-0.059130001813173294
1785938916462590138,-0.059130001813173294
1785938916489090627,-0.058472998440265656
1785938916505200905,-0.057158999145030975
1785938916526151989,-0.057158999145030975
1785938916542009363,-0.057158999145030975
1785938916562579313,-0.056501999497413635
1785938916581758049,-0.054531000554561615
1785938916602870066,-0.052560001611709595
1785938916621616402,-0.050588998943567276
1785938916641718849,-0.049931999295949936
1785938916662047831,-0.050588998943567276
1785938916681676630,-0.051902998238801956
1785938916703663365,-0.055844999849796295
1785938916722502952,-0.058472998440265656
1785938916741724729,-0.065700002014637
1785938916763146581,-0.07358399778604507
1785938916781358467,-0.07818300276994705
1785938916802032805,-0.08803799748420715
1785938916822020368,-0.09526500105857849
1785938916843835097,-0.09789299964904785
1785938916862024358,-0.10249199718236923
1785938916881689158,-0.10906200110912323
1785938916904372109,-0.11168999969959259
1785938916921943845,-0.11628899723291397
1785938916941616517,-0.11760299652814865
1785938916964557077,-0.11826000362634659
1785938916986406431,-0.11826000362634659
1785938917001901520,-0.11957400292158127
1785938917021933693,-0.12023100256919861
1785938917041561467,-0.11957400292158127
1785938917071023274,-0.11957400292158127
1785938917081318153,-0.11891700327396393
1785938917102136464,-0.11497499793767929
1785938917125325833,-0.11300399899482727
1785938917154766390,-0.11300399899482727
1785938917162930157,-0.11234699934720993
1785938917181717935,-0.11234699934720993
1785938917204989194,-0.11103300005197525
1785938917229188836,-0.10709100216627121
1785938917243435147,-0.10183499753475189
1785938917261985989,-0.09920699894428253
1785938917285985145,-0.09329400211572647
1785938917307324370,-0.08606699854135513
1785938917326458847,-0.08278200030326843
1785938917343148217,-0.07884000241756439
1785938917362136834,-0.07686900347471237
1785938917381369971,-0.07621199637651443
1785938917402256828,-0.07424099743366241
1785938917427374262,-0.06964199990034103
1785938917441283377,-0.06635700166225433
1785938917462066167,-0.059787001460790634
1785938917481723575,-0.054531000554561615
1785938917504845389,-0.052560001611709595
1785938917522401732,-0.051245998591184616
1785938917541688311,-0.050588998943567276
1785938917562130994,-0.050588998943567276
1785938917582056634,-0.049274999648332596
1785938917602807487,-0.047304000705480576
1785938917621680228,-0.047304000705480576
1785938917641602604,-0.047304000705480576
1785938917661635865,-0.047304000705480576
1785938917681123090,-0.046647001057863235
1785938917704405934,-0.042704999446868896
1785938917722455606,-0.040077000856399536
1785938917745515594,-0.039420001208782196
1785938917761806102,-0.039420001208782196
1785938917781566681,-0.03744899854063988
1785938917802093655,-0.03547799959778786
1785938917822630452,-0.030222000554203987
1785938917841693599,-0.025622999295592308
1785938917861870896,-0.024309000000357628
1785938917882135749,-0.019710000604391098
1785938917903826954,-0.013797000050544739
1785938917922847219,-0.011826000176370144
1785938917941749849,-0.008541000075638294
1785938917962078735,-0.006570000201463699
1785938917981672685,-0.0052559999749064445
1785938918003487350,-0.0006569999968633056
1785938918025251325,0.0032850001007318497
1785938918042706290,0.004598999861627817
1785938918062840481,0.0052559999749064445
1785938918081976591,0.005913000088185072
1785938918104137348,0.006570000201463699
1785938918123814724,0.010511999949812889
1785938918141822763,0.015111000277101994
1785938918162021501,0.01708200015127659
1785938918181129834,0.022995000705122948
1785938918202585671,0.026937000453472137
1785938918223557267,0.028250999748706818
1785938918241708543,0.029565000906586647
1785938918262069431,0.029565000906586647
1785938918282008928,0.028907999396324158
1785938918310285766,0.025622999295592308
1785938918323752338,0.020367000252008438
1785938918341724664,0.01905299909412861
1785938918361848167,0.01642500050365925
1785938918381009846,0.012482999823987484
1785938918403736126,0.010511999949812889
1785938918424853648,0.006570000201463699
1785938918441958904,0.004598999861627817
1785938918461902113,0.003942000214010477
1785938918481655492,0.0019710001070052385
1785938918502274116,-0.0013139999937266111
1785938918522248911,-0.0026279999874532223
1785938918542980147,-0.003942000214010477
1785938918562163938,-0.004598999861627817
1785938918582405557,-0.0052559999749064445
1785938918603737262,-0.009197999723255634
1785938918623639414,-0.011826000176370144
1785938918642214769,-0.012482999823987484
1785938918662063319,-0.012482999823987484
1785938918681216549,-0.014453999698162079
1785938918704325914,-0.015768000856041908
1785938918721797999,-0.01773899979889393
1785938918742122149,-0.01839599944651127
1785938918762059182,-0.01839599944651127
1785938918782623853,-0.019710000604391098
1785938918802424337,-0.02233799919486046
1785938918822244150,-0.022995000705122948
1785938918848374995,-0.023652000352740288
1785938918863737664,-0.023652000352740288
1785938918881657316,-0.024309000000357628
1785938918904166533,-0.027594000101089478
1785938918922439765,-0.028250999748706818
1785938918942935825,-0.028250999748706818
1785938918961914457,-0.028907999396324158
1785938918981565145,-0.030879000201821327
1785938919002380736,-0.0328500010073185
1785938919021881146,-0.03810599818825722
1785938919041590075,-0.04467599838972092
1785938919061882480,-0.047304000705480576
1785938919081485326,-0.053874000906944275
1785938919102885897,-0.061758000403642654
1785938919124347078,-0.06438600271940231
1785938919141642037,-0.0689850002527237
1785938919162011436,-0.07161299884319305
1785938919181792720,-0.07424099743366241
1785938919204406133,-0.07884000241756439
1785938919222163283,-0.08146800100803375
1785938919246626551,-0.08212500065565109
1785938919262120520,-0.08212500065565109
1785938919281685476,-0.08409599959850311
1785938919302820598,-0.08540999889373779
1785938919323650942,-0.08672399818897247
1785938919344562952,-0.08672399818897247
1785938919361977083,-0.08606699854135513
1785938919392365481,-0.08475299924612045
1785938919402330558,-0.08081100136041641
1785938919423364140,-0.07949700206518173
1785938919441608827,-0.07884000241756439
1785938919467674838,-0.07818300276994705
1785938919483001281,-0.07752600312232971
1785938919503365273,-0.07358399778604507
1785938919521856337,-0.06964199990034103
1785938919541532081,-0.0689850002527237
1785938919561788005,-0.06767100095748901
1785938919581106744,-0.06504300236701965
1785938919604887237,-0.06307200342416763
1785938919622182708,-0.057815998792648315
1785938919641998521,-0.055188000202178955
1785938919662293806,-0.054531000554561615
1785938919681603297,-0.051902998238801956
1785938919702136159,-0.046647001057863235
1785938919722440180,-0.04401899874210358
1785938919742128181,-0.040734000504016876
1785938919762158817,-0.038763001561164856
1785938919782479767,-0.03744899854063988
1785938919803510502,-0.03219300135970116
1785938919822452557,-0.026937000453472137
1785938919841668509,-0.024965999647974968
1785938919872760483,-0.022995000705122948
1785938919880857752,-0.019710000604391098
1785938919910796758,-0.01839599944651127
1785938919922898804,-0.01708200015127659
1785938919945505816,-0.01708200015127659
1785938919962669378,-0.01708200015127659
1785938919981861458,-0.015768000856041908
1785938920001952096,-0.012482999823987484
1785938920022389530,-0.011826000176370144
1785938920041939382,-0.011826000176370144
1785938920062224555,-0.011826000176370144
1785938920081398650,-0.01116899959743023
1785938920102359142,-0.007884000428020954
1785938920122777952,-0.003942000214010477
1785938920141641572,-0.0032850001007318497
1785938920162201986,-0.0026279999874532223
1785938920181653691,0.0
1785938920202426144,0.0013139999937266111
1785938920222953406,0.004598999861627817
1785938920242811236,0.005913000088185072
1785938920261675016,0.005913000088185072
1785938920281984830,0.006570000201463699
1785938920302580478,0.008541000075638294
1785938920322594185,0.010511999949812889
1785938920342568148,0.014453999698162079
1785938920361806885,0.01773899979889393
1785938920382978744,0.019710000604391098
1785938920410938867,0.024309000000357628
1785938920421600511,0.026280000805854797
1785938920442263009,0.026280000805854797
1785938920462487988,0.026937000453472137
1785938920481519230,0.028907999396324158
1785938920503357832,0.030222000554203987
1785938920525364184,0.03219300135970116
1785938920543420000,0.0328500010073185
1785938920561937785,0.03219300135970116
1785938920581453716,0.030879000201821327
1785938920603814576,0.026937000453472137
1785938920621816854,0.024965999647974968
1785938920641508695,0.02233799919486046
1785938920662249372,0.02168099954724312
1785938920681379049,0.020367000252008438
1785938920705176886,0.01642500050365925
1785938920723714735,0.013140000402927399
1785938920742230344,0.011826000176370144
1785938920762333398,0.01116899959743023
1785938920781531782,0.009197999723255634
1785938920804315025,0.007226999849081039
1785938920827462855,0.004598999861627817
1785938920842326627,0.003942000214010477
1785938920862405617,0.003942000214010477
1785938920881178066,0.003942000214010477
1785938920902063100,0.0019710001070052385
1785938920923735392,0.0006569999968633056
1785938920941539296,0.0
1785938920962347303,0.0
1785938920982697150,-0.0006569999968633056
1785938921002748939,-0.0026279999874532223
1785938921023914622,-0.0026279999874532223
1785938921041680285,-0.0026279999874532223
1785938921064246816,-0.0026279999874532223
1785938921081844921,-0.003942000214010477
1785938921104611490,-0.004598999861627817
1785938921121591558,-0.0052559999749064445
1785938921141616338,-0.0052559999749064445
1785938921161719617,-0.0052559999749064445
1785938921183130973,-0.006570000201463699
1785938921204706206,-0.007884000428020954
1785938921225592903,-0.007884000428020954
1785938921242447559,-0.007884000428020954
1785938921262154280,-0.007884000428020954
1785938921281504541,-0.008541000075638294
1785938921303431114,-0.009855000302195549
1785938921325662561,-0.010511999949812889
1785938921341919757,-0.010511999949812889
1785938921362344294,-0.010511999949812889
1785938921381783230,-0.010511999949812889
1785938921402253690,-0.01116899959743023
1785938921421809558,-0.012482999823987484
1785938921442611580,-0.013140000402927399
1785938921462084693,-0.013140000402927399
1785938921481814455,-0.014453999698162079
1785938921502819013,-0.01839599944651127
1785938921522221756,-0.019710000604391098
1785938921541825273,-0.021023999899625778
1785938921562911754,-0.021023999899625778
1785938921581853457,-0.02168099954724312
1785938921605586395,-0.024309000000357628
1785938921622076399,-0.025622999295592308
1785938921642694959,-0.025622999295592308
1785938921662383152,-0.025622999295592308
1785938921681653666,-0.025622999295592308
1785938921705323978,-0.025622999295592308
1785938921722407890,-0.025622999295592308
1785938921742126932,-0.026280000805854797
1785938921763356937,-0.025622999295592308
1785938921781562039,-0.024309000000357628
1785938921803326302,-0.02168099954724312
1785938921822907803,-0.021023999899625778
1785938921846499937,-0.021023999899625778
1785938921861799756,-0.021023999899625778
1785938921881780790,-0.02168099954724312
1785938921903584415,-0.023652000352740288
1785938921925002714,-0.023652000352740288
1785938921942182661,-0.023652000352740288
1785938921962658721,-0.023652000352740288
1785938921982140698,-0.02233799919486046
1785938922004028518,-0.021023999899625778
1785938922021960330,-0.021023999899625778
1785938922041970678,-0.021023999899625778
1785938922062307149,-0.021023999899625778
1785938922082159219,-0.021023999899625778
1785938922102528299,-0.021023999899625778
1785938922122232268,-0.021023999899625778
1785938922142497184,-0.021023999899625778
1785938922162996412,-0.021023999899625778
1785938922181915842,-0.020367000252008438
1785938922204543111,-0.019710000604391098
1785938922222405130,-0.019710000604391098
1785938922241929349,-0.019710000604391098
1785938922263124153,-0.019710000604391098
1785938922281576463,-0.019710000604391098
1785938922306384158,-0.019710000604391098
1785938922322544038,-0.019710000604391098
1785938922342103714,-0.019710000604391098
1785938922362728483,-0.019710000604391098
1785938922381542150,-0.019710000604391098
1785938922403801854,-0.01905299909412861
1785938922421626559,-0.01905299909412861
1785938922441740174,-0.01905299909412861
1785938922461887838,-0.01905299909412861
1785938922482596674,-0.01905299909412861
1785938922502476201,-0.01905299909412861
1785938922522128040,-0.01905299909412861
1785938922541568288,-0.01905299909412861
1785938922561800883,-0.01905299909412861
1785938922581110151,-0.01839599944651127
1785938922604067063,-0.01839599944651127
1785938922623002814,-0.01839599944651127
1785938922641859874,-0.01773899979889393
1785938922662069108,-0.01773899979889393
1785938922683393805,-0.01708200015127659
1785938922702161262,-0.01708200015127659
1785938922722865265,-0.01708200015127659
1785938922749762728,-0.01708200015127659
1785938922762313300,-0.01708200015127659
1785938922782040982,-0.01642500050365925
1785938922803871616,-0.01642500050365925
1785938922821850854,-0.01642500050365925
1785938922842076505,-0.01642500050365925
1785938922862103877,-0.01642500050365925
1785938922881762373,-0.015768000856041908
1785938922902719217,-0.015768000856041908
1785938922933749813,-0.015768000856041908
1785938922941413082,-0.015768000856041908
1785938922965088227,-0.015768000856041908
1785938922981636856,-0.015111000277101994
1785938923003335454,-0.015111000277101994
1785938923021891832,-0.015111000277101994
1785938923043956393,-0.015111000277101994
1785938923062035795,-0.015111000277101994
1785938923082087168,-0.015111000277101994
1785938923104548447,-0.014453999698162079
1785938923126989406,-0.014453999698162079
1785938923144970756,-0.014453999698162079
1785938923163041677,-0.014453999698162079
1785938923181814766,-0.014453999698162079
1785938923202265129,-0.014453999698162079
1785938923222944875,-0.014453999698162079
1785938923241935348,-0.014453999698162079
1785938923262627479,-0.014453999698162079
1785938923282136401,-0.013140000402927399
1785938923302338883,-0.013140000402927399
1785938923324394165,-0.013140000402927399
1785938923341590848,-0.013140000402927399
1785938923362332133,-0.013140000402927399
1785938923381546261,-0.013140000402927399
1785938923406087931,-0.013140000402927399
1785938923422434442,-0.012482999823987484
1785938923441792031,-0.012482999823987484
1785938923462025746,-0.012482999823987484
1785938923499583541,-0.012482999823987484
1785938923504363544,-0.012482999823987484
1785938923526375624,-0.012482999823987484
1785938923542240102,-0.012482999823987484
1785938923564137714,-0.012482999823987484
1785938923581656329,-0.011826000176370144
1785938923604829120,-0.01116899959743023
1785938923624807819,-0.01116899959743023
1785938923642246462,-0.01116899959743023
1785938923662054243,-0.01116899959743023
1785938923684840525,-0.01116899959743023
1785938923702114780,-0.01116899959743023
1785938923722107110,-0.01116899959743023
1785938923741535294,-0.01116899959743023
1785938923762178303,-0.01116899959743023
1785938923783627228,-0.010511999949812889
1785938923806092379,-0.009855000302195549
1785938923827351858,-0.009855000302195549
1785938923842351346,-0.009855000302195549
1785938923863800911,-0.009855000302195549
1785938923881714643,-0.009197999723255634
1785938923901990439,-0.009197999723255634
1785938923922473795,-0.009197999723255634
1785938923944670873,-0.009197999723255634
1785938923962306996,-0.009197999723255634
1785938923981610535,-0.008541000075638294
1785938924002101315,-0.007884000428020954
1785938924021919208,-0.007884000428020954
1785938924043328131,-0.007884000428020954
1785938924062084068,-0.007884000428020954
1785938924089553422,-0.007884000428020954
1785938924104219427,-0.007884000428020954
1785938924121813500,-0.007884000428020954
1785938924141814951,-0.007884000428020954
1785938924162291555,-0.007884000428020954
1785938924182024773,-0.007884000428020954
1785938924203796685,-0.007884000428020954
1785938924221748626,-0.007884000428020954
1785938924241611096,-0.007226999849081039
1785938924262294619,-0.007226999849081039
1785938924281675313,-0.007226999849081039
1785938924302111307,-0.007226999849081039
1785938924321958449,-0.007226999849081039
1785938924341618865,-0.007226999849081039
1785938924361795330,-0.007226999849081039
1785938924382704972,-0.006570000201463699
1785938924401972830,-0.006570000201463699
1785938924422043180,-0.005913000088185072
1785938924441713132,-0.005913000088185072
1785938924461930270,-0.005913000088185072
1785938924481272915,-0.005913000088185072
1785938924502896790,-0.005913000088185072
1785938924522127687,-0.005913000088185072
1785938924542415548,-0.005913000088185072
1785938924562013625,-0.005913000088185072
1785938924582028101,-0.005913000088185072
1785938924603496994,-0.0052559999749064445
1785938924621859413,-0.0052559999749064445
1785938924645683171,-0.0052559999749064445
1785938924662264922,-0.0052559999749064445
1785938924685295468,-0.0052559999749064445
1785938924703742915,-0.0052559999749064445
1785938924729475570,-0.0052559999749064445
1785938924741341351,-0.0052559999749064445
1785938924767721292,-0.0052559999749064445
1785938924782284733,-0.004598999861627817
1785938924805548216,-0.003942000214010477
1785938924824863212,-0.003942000214010477
1785938924841641385,-0.003942000214010477
1785938924861927966,-0.003942000214010477
1785938924881623583,-0.003942000214010477
1785938924903237409,-0.003942000214010477
1785938924922027235,-0.0032850001007318497
