t_ns,steer_angle_cmd,steer_rate_cmd,vel_cmd,accel_cmd
1785943346893941270,0.0,0.30992892384529114,0.0,0.0
1785943346983524219,0.0,0.30992892384529114,0.0,0.0
1785943347085385156,0.0,0.30998027324676514,0.0,0.0
1785943347184051256,0.0,0.3100220263004303,0.0,0.0
1785943347284448043,0.0,0.3102589249610901,0.0,0.0
1785943347387354364,0.0,0.3103954493999481,0.0,0.0
1785943347484196204,0.0,0.3103954493999481,0.0,0.0
1785943347582704634,0.0,0.3115258812904358,0.0,0.0
1785943347685970807,0.0,0.3115258812904358,0.0,0.0
1785943347790771437,0.0,0.3113844096660614,0.0,0.0
1785943347883333440,0.0,0.3113844096660614,0.0,0.0
1785943347983201024,0.0,0.3113844096660614,0.0,0.0
1785943348083765786,0.0,0.3113844096660614,0.0,0.0
1785943348183886627,0.0,0.31263259053230286,0.0,0.0
1785943348281976930,0.0,0.3133425712585449,0.0,0.0
1785943348383306680,0.0,0.31220772862434387,0.0,0.0
1785943348489600549,0.0,0.31154143810272217,0.0,0.0
1785943348588925649,0.0,0.31154143810272217,0.0,0.0
1785943348683030716,0.0,0.3111993372440338,0.0,0.0
1785943348791021288,0.0,0.3111993372440338,0.0,0.0
1785943348885696713,0.0,0.3111979365348816,0.0,0.0
1785943348986099996,0.0,0.3111979365348816,0.0,0.0
1785943349082734853,0.0,0.3107741177082062,0.0,0.0
1785943349194312117,0.0,0.31051450967788696,0.0,0.0
1785943349281951602,0.0,0.3114422559738159,0.0,0.0
1785943349386243797,0.0,0.31199169158935547,0.0,0.0
1785943349491344630,0.0,0.31199169158935547,0.0,0.0
1785943349583757764,0.0,0.31161174178123474,0.0,0.0
1785943349691832626,0.0,0.31161174178123474,0.0,0.0
1785943349819286059,0.0,0.31148654222488403,0.0,0.0
1785943349887427642,0.0,0.311408668756485,0.0,0.0
1785943350002360517,0.0,0.310710608959198,0.0,0.0
1785943350086115283,0.0,0.3102579414844513,0.0,0.0
1785943350185460288,0.0,0.3102579414844513,0.0,0.0
1785943350283201682,0.0,0.3101005554199219,0.0,0.0
1785943350391442599,0.0,0.3101005554199219,0.0,0.0
1785943350482365053,0.0,0.3098563253879547,0.0,0.0
1785943350590037341,0.0,0.3098563253879547,0.0,0.0
1785943350682831288,0.0,0.3099048137664795,0.0,0.0
1785943350908388368,0.04363323003053665,0.4363323152065277,0.0,0.0
1785943350926376071,0.0872664600610733,0.4363323152065277,0.0,0.0
1785943350987878913,0.13089969754219055,0.4363323152065277,0.0,0.0
1785943351091551693,0.1745329201221466,0.4363323152065277,0.0,0.0
1785943351187556287,0.2179766744375229,0.43443745374679565,0.0,0.0
1785943351286245300,0.24925892055034637,0.3128224313259125,0.0,0.0
1785943351388842136,0.26984548568725586,0.20586557686328888,0.0,0.0
1785943351488868190,0.2824166417121887,0.12571154534816742,0.0,0.0
1785943351587166564,0.2872468829154968,0.04830269515514374,0.0,0.0
1785943351688852423,0.29128625988960266,0.04039350524544716,0.0,0.0
1785943351789053044,0.29159480333328247,0.0030855208169668913,-0.25,1.0
1785943351887220149,0.29139286279678345,-0.002019345061853528,-0.25,1.0
1785943351988705009,0.29317694902420044,0.017840974032878876,-0.25,1.0
1785943352089222633,0.2980417013168335,0.04864748567342758,-0.25,0.45711836218833923
1785943352192443396,0.3076614737510681,0.09619775414466858,-0.25,-0.04388852044939995
1785943352290866159,0.32870811223983765,0.21046629548072815,-0.25,-0.09240526705980301
1785943352390870740,0.35958045721054077,0.30872347950935364,-0.25,-0.24373610317707062
1785943352496360356,0.39351439476013184,0.3393392264842987,-0.25,-0.04681221395730972
1785943352587726058,0.42876699566841125,0.3525259792804718,-0.25,-0.020394690334796906
1785943352686041329,0.43633198738098145,0.4308016300201416,-0.25,0.030565856024622917
1785943352787536845,0.43633198738098145,0.4363323152065277,-0.25,0.06473823636770248
1785943352889044778,0.43633198738098145,0.3452102839946747,-0.25,0.144024059176445
1785943352990698444,0.43633198738098145,0.27200305461883545,-0.25,0.04233019798994064
1785943353092408208,0.43633198738098145,0.41388291120529175,-0.25,-0.04497223719954491
1785943353184695320,0.43633198738098145,0.19117404520511627,-0.25,-0.019324326887726784
1785943353284658524,0.4291057288646698,-0.07226274907588959,-0.25,-0.03426841273903847
1785943353387278945,0.4360525906085968,0.0694686695933342,-0.25,-0.01604929380118847
1785943353486590733,0.43633198738098145,0.057179927825927734,-0.25,0.047329891473054886
1785943353590120436,0.4100009799003601,-0.26331019401550293,-0.25,0.05709321051836014
1785943353688315863,0.39661893248558044,-0.1338205635547638,-0.25,0.02951653301715851
1785943353789663405,0.36875563859939575,-0.27863287925720215,-0.25,-0.01377597264945507
1785943353887185559,0.3251529932022095,-0.4360264539718628,-0.25,-0.03041163459420204
1785943353992708647,0.2815197706222534,-0.4363323152065277,-0.25,0.003963299095630646
1785943354086661645,0.23788653314113617,-0.4363323152065277,-0.25,0.022211868315935135
1785943354188480821,0.19425329566001892,-0.4363323152065277,-0.25,0.034238651394844055
1785943354296999572,0.15062005817890167,-0.4363323152065277,-0.25,0.013316460885107517
1785943354383925527,0.10698683559894562,-0.4363323152065277,-0.25,-0.010181483812630177
1785943354490108192,0.06335359811782837,-0.4363323152065277,-0.25,-0.007359311915934086
1785943354590816159,0.019720369949936867,-0.4363323152065277,-0.25,0.009930260479450226
1785943354684989741,-0.023912861943244934,-0.4363323152065277,-0.25,0.035418931394815445
1785943354784016078,-0.06754609197378159,-0.4363323152065277,-0.25,0.02586391754448414
1785943354887751581,-0.11117932200431824,-0.4363323152065277,-0.25,0.004227995406836271
1785943354986648281,-0.15481255948543549,-0.4363323152065277,-0.25,-0.010203956626355648
1785943355084973249,-0.19844578206539154,-0.4363323152065277,-0.25,-0.013842028565704823
1785943355184381392,-0.2420790195465088,-0.4363323152065277,-0.25,0.007036328781396151
1785943355283830912,-0.28571224212646484,-0.4363323152065277,-0.25,0.018600933253765106
1785943355390056459,-0.3293454945087433,-0.4363323152065277,-0.25,0.02942109853029251
1785943355484297691,-0.37297871708869934,-0.4363323152065277,-0.25,0.02728700265288353
1785943355593989190,-0.4166119396686554,-0.4363323152065277,-0.25,0.031844787299633026
1785943355681728199,-0.43633198738098145,-0.4363323152065277,-0.25,0.005687669850885868
1785943355787366395,-0.43633198738098145,-0.4363323152065277,-0.25,-0.0012028375640511513
1785943355882441675,-0.43633198738098145,-0.4363323152065277,-0.25,-0.011662311851978302
1785943355986229979,-0.43633198738098145,-0.4363323152065277,-0.25,-0.024646099656820297
1785943356084125171,-0.43633198738098145,-0.4363323152065277,-0.25,0.010147367604076862
1785943356184270621,-0.43633198738098145,-0.4363323152065277,-0.25,0.059991899877786636
1785943356288224084,-0.43633198738098145,-0.4363323152065277,-0.25,0.05711425095796585
1785943356384637301,-0.43633198738098145,-0.4363323152065277,-0.25,0.0014168794732540846
1785943356487638600,-0.43633198738098145,-0.4363323152065277,-0.25,-0.02173951454460621
1785943356587430437,-0.43633198738098145,-0.4363323152065277,-0.25,-0.026106540113687515
1785943356682644250,-0.43633198738098145,-0.4363323152065277,-0.25,-0.010279560461640358
1785943356787443248,-0.43633198738098145,-0.4363323152065277,-0.25,0.022887371480464935
1785943356886606390,-0.43633198738098145,-0.4363323152065277,-0.25,0.023433804512023926
1785943356990890105,-0.43633198738098145,-0.4363323152065277,-0.25,0.014312335290014744
1785943357087437534,-0.43633198738098145,-0.4363323152065277,-0.25,-0.017375653609633446
1785943357188478506,-0.43633198738098145,-0.4363323152065277,-0.25,-0.005933097098022699
1785943357286840850,-0.43633198738098145,-0.4363323152065277,-0.25,0.00417504645884037
1785943357391795022,-0.43633198738098145,-0.4363323152065277,-0.25,0.017154956236481667
1785943357490112085,-0.43633198738098145,-0.4363323152065277,-0.25,0.03302423655986786
1785943357586691356,-0.43633198738098145,-0.4363323152065277,-0.25,0.03449628874659538
1785943357684299496,-0.43633198738098145,-0.4363323152065277,-0.25,0.008573389612138271
1785943357788186045,-0.43633198738098145,-0.4363323152065277,-0.25,-0.013792097568511963
1785943357893759247,-0.43633198738098145,-0.4363323152065277,-0.25,-0.01744876056909561
1785943357991768810,-0.43633198738098145,-0.4363323152065277,-0.25,0.017364151775836945
1785943358084884434,-0.43633198738098145,-0.4363323152065277,-0.25,0.03302434831857681
1785943358189524642,-0.43633198738098145,-0.4363323152065277,-0.25,0.027657439932227135
1785943358292974310,-0.43633198738098145,-0.4363323152065277,-0.25,-0.001183960703201592
1785943358385471766,-0.43633198738098145,-0.4363323152065277,-0.25,-0.006627477705478668
1785943358484509080,-0.43633198738098145,-0.4363323152065277,-0.25,-0.00014410798030439764
1785943358585987891,-0.43633198738098145,-0.4363323152065277,-0.25,0.02293047495186329
1785943358690945039,-0.43633198738098145,-0.4363323152065277,-0.25,0.01862937957048416
1785943358788246384,-0.43633198738098145,-0.4363323152065277,-0.25,0.011413982138037682
1785943358887129868,-0.43633198738098145,-0.38991665840148926,-0.25,0.01140797883272171
1785943358995487333,-0.43633198738098145,-0.3444184958934784,-0.25,0.007082774303853512
1785943359098328691,-0.43633198738098145,-0.4363323152065277,-0.25,-0.0066206143237650394
1785943359186088180,-0.43633198738098145,-0.40330418944358826,-0.25,-0.007352861110121012
1785943359288685977,-0.43633198738098145,-0.13584795594215393,-0.25,0.007781012915074825
1785943359388674814,-0.43633198738098145,-0.28167691826820374,-0.25,0.034236639738082886
1785943359487332721,-0.43633198738098145,-0.20885172486305237,-0.25,0.047461673617362976
1785943359588363932,-0.43633198738098145,-0.11955605447292328,-0.25,0.022263621911406517
1785943359685928103,-0.4107491970062256,0.2558281123638153,-0.25,-0.01597464643418789
1785943359793362142,-0.39873185753822327,0.12017317116260529,-0.25,-0.03187214583158493
1785943359887708851,-0.3700111210346222,0.28720739483833313,-0.25,0.004162280820310116
1785943359987514289,-0.32637789845466614,0.4363323152065277,-0.25,0.015002361498773098
1785943360084741007,-0.2827446758747101,0.4363323152065277,-0.25,0.016217635944485664
1785943360193789570,-0.23911143839359283,0.4363323152065277,-0.25,0.05178205668926239
1785943360299562043,-0.19547820091247559,0.4363323152065277,-0.25,0.051096849143505096
1785943360385126668,-0.15184497833251953,0.4363323152065277,-0.25,0.0030665791127830744
1785943360495772858,-0.10821174085140228,0.4363323152065277,-0.25,-0.04085123538970947
1785943360587610290,-0.06457851082086563,0.4363323152065277,-0.25,-0.014595814980566502
1785943360686764216,-0.02094528079032898,0.4363323152065277,-0.25,0.008499020710587502
1785943360789387709,0.02268795110285282,0.4363323152065277,-0.25,0.035438403487205505
1785943360886604316,0.06632118672132492,0.4363323152065277,-0.25,0.011462819762527943
1785943360985840740,0.10995441675186157,0.4363323152065277,-0.25,-0.011658034287393093
1785943361089119106,0.15358763933181763,0.4363323152065277,-0.25,0.0029771504923701286
1785943361190409687,0.19722087681293488,0.4363323152065277,-0.25,-0.00013449403923004866
1785943361288244588,0.24085411429405212,0.4363323152065277,-0.25,-0.008425735868513584
1785943361387612345,0.2844873368740082,0.4363323152065277,-0.25,-0.02225508540868759
1785943361485571411,0.32812055945396423,0.4363323152065277,-0.25,0.014257770031690598
1785943361587848812,0.3717538118362427,0.4363323152065277,-0.25,0.08167983591556549
1785943361686147698,0.41538703441619873,0.4363323152065277,-0.25,0.08596976846456528
1785943361785322137,0.43633198738098145,0.4363323152065277,-0.25,0.1736583560705185
1785943361889014150,0.43633198738098145,0.4363323152065277,-0.25,-0.010086623020470142
1785943361988420693,0.43633198738098145,0.4363323152065277,-0.25,-0.07149947434663773
1785943362083775759,0.43633198738098145,0.4363323152065277,-0.25,-0.10545719414949417
1785943362189681517,0.43633198738098145,0.4363323152065277,-0.25,-0.001787623972631991
1785943362291424082,0.43633198738098145,0.4363323152065277,-0.25,-0.049901314079761505
1785943362410277166,0.43633198738098145,0.4363323152065277,-0.25,-0.019960667937994003
1785943362489168201,0.43633198738098145,0.4363323152065277,-0.25,0.05751418694853783
1785943362586008506,0.43633198738098145,0.4363323152065277,-0.25,0.05326499044895172
1785943362687196810,0.43633198738098145,0.4363323152065277,-0.25,0.05590440705418587
1785943362785313226,0.43633198738098145,0.4363323152065277,-0.25,0.01866084523499012
1785943362890738999,0.43633198738098145,0.4363323152065277,-0.25,0.002764837583526969
1785943362984500758,0.43633198738098145,0.4363323152065277,-0.25,-0.031853433698415756
1785943363092749323,0.43633198738098145,0.4363323152065277,-0.25,-0.00015872213407419622
1785943363187685525,0.43633198738098145,0.4363323152065277,-0.25,0.009579692967236042
1785943363311285472,0.43633198738098145,0.4363323152065277,-0.25,0.018617987632751465
1785943363402407582,0.43633198738098145,0.4363323152065277,-0.25,0.006617272272706032
1785943363486400853,0.43633198738098145,0.4363323152065277,-0.25,0.007077925372868776
1785943363593866381,0.43633198738098145,0.4363323152065277,-0.25,-0.0012096588034182787
1785943363685418234,0.43633198738098145,0.4363323152065277,-0.25,0.0065908292308449745
1785943363792183353,0.43633198738098145,0.4363323152065277,-0.25,0.021495826542377472
1785943363886534829,0.43633198738098145,0.4363323152065277,-0.25,0.03449052944779396
1785943364024081434,0.43633198738098145,0.4363323152065277,-0.25,0.04314113408327103
1785943364091651700,0.43633198738098145,0.4363323152065277,-0.25,0.03306596353650093
1785943364195031317,0.43633198738098145,0.4363323152065277,-0.25,-0.00010459985787747428
1785943364329064640,0.43633198738098145,0.4363323152065277,-0.25,-0.027540192008018494
1785943364396513014,0.43633198738098145,0.4363323152065277,-0.25,-0.008834357373416424
1785943364485373856,0.43633198738098145,0.4363323152065277,-0.25,-0.0015880222199484706
1785943364588924456,0.43633198738098145,0.4363323152065277,-0.25,0.017162013798952103
1785943364686514164,0.43633198738098145,0.4363323152065277,-0.25,0.012855500914156437
1785943364785116006,0.43633198738098145,0.4363323152065277,-0.25,0.024022061377763748
1785943364889024251,0.43633198738098145,0.4363323152065277,-0.25,0.018629394471645355
1785943364988683699,0.43633198738098145,0.4363323152065277,-0.25,0.005405677016824484
1785943365090688674,0.43633198738098145,0.4363323152065277,-0.25,0.007076716050505638
1785943365200970050,0.43633198738098145,0.4363323152065277,-0.25,0.012845485471189022
1785943365286930721,0.43633198738098145,0.31809499859809875,-0.25,-0.0012023046147078276
1785943365397555086,0.43633198738098145,0.42985406517982483,-0.25,0.04865550622344017
1785943365490938655,0.43633198738098145,0.40109360218048096,-0.25,0.02586337737739086
1785943365589403819,0.43633198738098145,0.227535218000412,-0.25,-0.04191374406218529
1785943365689294060,0.43633198738098145,0.33970963954925537,-0.25,-0.0030499182175844908
1785943365792871573,0.43633198738098145,0.25982797145843506,-0.25,0.0005794590688310564
1785943365886540816,0.43633198738098145,0.1976514309644699,-0.25,0.012590665370225906
1785943365991931868,0.43633198738098145,0.24915969371795654,-0.25,0.020408831536769867
1785943366119515033,0.428395539522171,-0.07936450093984604,-0.25,0.045993704348802567
1785943366185756002,0.4071732461452484,-0.21222297847270966,-0.25,0.03162718564271927
1785943366286499555,0.40155255794525146,-0.05620702728629112,-0.25,-0.010212134569883347
1785943366388064865,0.357919305562973,-0.4363323152065277,-0.25,-0.012641298584640026
1785943366486560783,0.3227866291999817,-0.3513270318508148,-0.25,0.004171008709818125
1785943366590544711,0.27915337681770325,-0.4363323152065277,-0.25,0.012842529453337193
1785943366683821940,0.2355201542377472,-0.4363323152065277,-0.25,0.02871055342257023
1785943366784484209,0.19188691675662994,-0.4363323152065277,-0.25,0.0006190736894495785
1785943366883053153,0.1482536941766739,-0.4363323152065277,-0.25,0.013802343048155308
1785943366999917524,0.10462045669555664,-0.4363323152065277,-0.25,0.04024556651711464
1785943367085549575,0.06098722666501999,-0.4363323152065277,-0.25,0.0172037985175848
1785943367185429000,0.017353994771838188,-0.4363323152065277,-0.25,0.0024064669851213694
1785943367286619225,-0.026279237121343613,-0.4363323152065277,-0.25,-0.0270528681576252
1785943367390405673,-0.06991247087717056,-0.4363323152065277,-0.25,-0.010260955430567265
1785943367490239304,-0.11354570090770721,-0.4363323152065277,-0.25,0.014994921162724495
1785943367584992331,-0.15717893838882446,-0.4363323152065277,-0.25,0.0042027803137898445
1785943367684735143,-0.20081216096878052,-0.4363323152065277,-0.25,0.021493110805749893
1785943367786709045,-0.24444539844989777,-0.4363323152065277,-0.25,0.011420067399740219
1785943367886327628,-0.288078635931015,-0.4363323152065277,-0.25,0.03735858574509621
1785943367985841279,-0.33171185851097107,-0.4363323152065277,-0.25,0.005421251989901066
1785943368084857023,-0.3753450810909271,-0.4363323152065277,-0.25,0.0041932216845452785
1785943368185663586,-0.41897833347320557,-0.4363323152065277,-0.25,-0.0015750245656818151
1785943368288169699,-0.43633198738098145,-0.4363323152065277,-0.25,0.014995438978075981
1785943368385942774,-0.43633198738098145,-0.4363323152065277,-0.25,0.017419302836060524
1785943368483598725,-0.43633198738098145,-0.4363323152065277,-0.25,0.04313269257545471
1785943368589306780,-0.43633198738098145,-0.4363323152065277,-0.25,0.005672621540725231
1785943368687699654,-0.43633198738098145,-0.4363323152065277,-0.25,0.025819875299930573
1785943368785953802,-0.43633198738098145,-0.4363323152065277,-0.25,-0.02317984029650688
1785943368886687274,-0.43633198738098145,-0.4363323152065277,-0.25,-0.021786995232105255
1785943368989538808,-0.43633198738098145,-0.4363323152065277,-0.25,0.013168354518711567
1785943369090818220,-0.43633198738098145,-0.4363323152065277,-0.25,0.01861944980919361
1785943369184599244,-0.43633198738098145,-0.4363323152065277,-0.25,0.0517844595015049
1785943369288324858,-0.43633198738098145,-0.4363323152065277,-0.25,0.011448285542428493
1785943369387641286,-0.43633198738098145,-0.4363323152065277,-0.25,-0.0275194700807333
1785943369488555885,-0.43633198738098145,-0.4363323152065277,-0.25,-0.008459711447358131
1785943369588083904,-0.43633198738098145,-0.4363323152065277,-0.25,0.008988133631646633
1785943369689785572,-0.43633198738098145,-0.4363323152065277,-0.25,0.04744000360369682
1785943369788999308,-0.43633198738098145,-0.4363323152065277,-0.25,0.03307030349969864
1785943369888002284,-0.43633198738098145,-0.4363323152065277,-0.25,0.006619349122047424
1785943369991393710,-0.43633198738098145,-0.4363323152065277,-0.25,0.0023932645563036203
1785943370090055458,-0.43633198738098145,-0.4363323152065277,-0.25,-0.000616181583609432
1785943370189790973,-0.43633198738098145,-0.4363323152065277,-0.25,0.03734767809510231
1785943370287122944,-0.43633198738098145,-0.4363323152065277,-0.25,0.01684555970132351
1785943370388070279,-0.43633198738098145,-0.4363323152065277,-0.25,0.02006429061293602
1785943370487699423,-0.43633198738098145,-0.4363323152065277,-0.25,-0.01745191216468811
1785943370589504934,-0.43633198738098145,-0.4363323152065277,-0.25,-0.007373723201453686
1785943370688557480,-0.43633198738098145,-0.4363323152065277,-0.25,0.008975456468760967
1785943370787431204,-0.43633198738098145,-0.4363323152065277,-0.25,0.0401940681040287
1785943370887754580,-0.43633198738098145,-0.4363323152065277,-0.25,0.04027193412184715
1785943370990297591,-0.43633198738098145,-0.4363323152065277,-0.25,0.007144555915147066
1785943371087412690,-0.43633198738098145,-0.4363323152065277,-0.25,-0.003003765596076846
1785943371184626384,-0.43633198738098145,-0.4363323152065277,-0.25,-0.001583616598509252
1785943371297072576,-0.43633198738098145,-0.4363323152065277,-0.25,0.029369980096817017
1785943371392276084,-0.43633198738098145,-0.4363323152065277,-0.25,0.0222439244389534
1785943371488547695,-0.43633198738098145,-0.4363323152065277,-0.25,-0.0015333046903833747
1785943371591111603,-0.43633198738098145,-0.4363323152065277,-0.25,0.008501510135829449
1785943371694953253,-0.43633198738098145,-0.30872035026550293,-0.25,-0.005881595890969038
1785943371786333741,-0.43633198738098145,-0.43529343605041504,-0.25,0.0012912526726722717
1785943371885718619,-0.43633198738098145,-0.35758939385414124,-0.25,0.014268482103943825
1785943371990484848,-0.43633198738098145,-0.2976101338863373,-0.25,0.027257272973656654
1785943372107922327,-0.43633198738098145,-0.42208176851272583,-0.25,0.022244544699788094
1785943372186529480,-0.43633198738098145,-0.016178013756871223,-0.25,0.025834105908870697
1785943372286759445,-0.4250563979148865,0.1127559170126915,-0.25,-0.0011588232591748238
1785943372403165079,-0.3814231753349304,0.4363323152065277,-0.25,-0.010220110416412354
1785943372496203643,-0.34122252464294434,0.40200647711753845,-0.25,0.004168021492660046
1785943372589882391,-0.2975893020629883,0.4363323152065277,-0.25,0.004179998300969601
1785943372690386831,-0.27090129256248474,0.26687994599342346,-0.25,0.03660161420702934
1785943372789665561,-0.2272680699825287,0.4363323152065277,-0.25,0.011445599608123302
1785943372892190907,-0.18363483250141144,0.4363323152065277,-0.25,-0.0011848227586597204
1785943372985962394,-0.1461143046617508,0.3752053380012512,-0.25,-0.014543024823069572
1785943373087242606,-0.10248107463121414,0.4363323152065277,-0.25,0.004160833079367876
1785943373184144737,-0.05884784460067749,0.4363323152065277,-0.25,0.005991455167531967
1785943373289582063,-0.015214611776173115,0.4363323152065277,-0.25,0.008516540750861168
1785943373386363901,0.02841861918568611,0.4363323152065277,-0.25,0.007801198400557041
1785943373491145490,0.07205185294151306,0.4363323152065277,-0.25,0.007079849019646645
1785943373584210039,0.11568508297204971,0.4363323152065277,-0.25,-0.011996375396847725
1785943373687763231,0.15931831300258636,0.4363323152065277,-0.25,0.004159701522439718
1785943373786161321,0.2029515504837036,0.4363323152065277,-0.25,0.02723732590675354
1785943373887238518,0.24658477306365967,0.4363323152065277,-0.25,0.03184571489691734
1785943373983437359,0.2902179956436157,0.4363323152065277,-0.25,0.058246031403541565
1785943374092563652,0.33385124802589417,0.4363323152065277,-0.25,0.09793402999639511
1785943374184695815,0.3774844706058502,0.4363323152065277,-0.25,-0.0117698535323143
1785943374282136814,0.4211176931858063,0.4363323152065277,-0.25,-0.05826951935887337
1785943374383848562,0.43633198738098145,0.4363323152065277,-0.25,-0.034821245819330215
1785943374489129401,0.43633198738098145,0.4363323152065277,-0.25,-0.02181159146130085
1785943374586581280,0.43633198738098145,0.4363323152065277,-0.25,-0.019874151796102524
1785943374685785320,0.43633198738098145,0.4363323152065277,-0.25,-0.004497924353927374
1785943374788813276,0.43633198738098145,0.4363323152065277,-0.25,0.02458919957280159
1785943374889171503,0.43633198738098145,0.4363323152065277,-0.25,0.06472593545913696
1785943374984243454,0.43633198738098145,0.4363323152065277,-0.25,0.09217327833175659
1785943375088755561,0.43633198738098145,0.4363323152065277,-0.25,0.12247334420681
1785943375194989364,0.43633198738098145,0.4363323152065277,-0.25,0.008087881840765476
1785943375291175916,0.43633198738098145,0.4363323152065277,-0.25,-0.08345170319080353
1785943375383647612,0.43633198738098145,0.4363323152065277,-0.25,-0.051811736077070236
1785943375485001043,0.43633198738098145,0.4363323152065277,-0.25,-0.028318919241428375
1785943375585339012,0.43633198738098145,0.4363323152065277,-0.25,-0.024681061506271362
1785943375690128185,0.43633198738098145,0.4363323152065277,-0.25,-0.004507375415414572
1785943375784910174,0.43633198738098145,0.4363323152065277,-0.25,0.038997020572423935
1785943375887858480,0.43633198738098145,0.4363323152065277,-0.25,0.029471993446350098
1785943375984585756,0.43633198738098145,0.4363323152065277,-0.25,0.014324610121548176
1785943376091616772,0.43633198738098145,0.4363323152065277,-0.25,0.012613436207175255
1785943376188926278,0.43633198738098145,0.4363323152065277,-0.25,0.011411057785153389
1785943376292966976,0.43633198738098145,0.4363323152065277,-0.25,-0.00587586360052228
1785943376395132660,0.43633198738098145,0.4363323152065277,-0.25,-0.04336291179060936
1785943376485590170,0.43633198738098145,0.4363323152065277,-0.25,-0.00886987429112196
1785943376587964374,0.43633198738098145,0.4363323152065277,-0.25,0.048815999180078506
1785943376687579533,0.43633198738098145,0.4363323152065277,-0.25,0.0498916357755661
1785943376784409629,0.43633198738098145,0.4363323152065277,-0.25,0.006105366628617048
1785943376887742013,0.43633198738098145,0.4363323152065277,-0.25,-0.007326903287321329
1785943376988957743,0.43633198738098145,0.4363323152065277,-0.25,0.001288340543396771
1785943377092321967,0.43633198738098145,0.4363323152065277,-0.25,0.008990204893052578
1785943377188615852,0.43633198738098145,0.4363323152065277,-0.25,0.03301025182008743
1785943377292776202,0.43633198738098145,0.4363323152065277,-0.25,0.028735555708408356
1785943377387970750,0.43633198738098145,0.4363323152065277,-0.25,0.002454192377626896
1785943377490013390,0.43633198738098145,0.4363323152065277,-0.25,0.008991802111268044
1785943377597788210,0.43633198738098145,0.4363323152065277,-0.25,-0.0065927873365581036
1785943377684330631,0.43633198738098145,0.4363323152065277,-0.25,-0.04145174100995064
1785943377790647828,0.43633198738098145,0.4363323152065277,-0.25,-0.0013210154138505459
1785943377889898910,0.43633198738098145,0.21621377766132355,-0.25,0.0315471887588501
1785943377988609299,0.43633198738098145,0.32023170590400696,-0.25,0.05321758612990379
1785943378102492728,0.43633198738098145,0.2519705593585968,-0.25,0.021573618054389954
1785943378184724590,0.43633198738098145,0.16535423696041107,-0.25,-0.018818499520421028
1785943378293446932,0.4233171343803406,-0.13014870882034302,-0.25,-0.022261053323745728
1785943378385940933,0.42319563031196594,-0.0012149004032835364,-0.25,0.025719884783029556
1785943378490379757,0.41789042949676514,-0.053051963448524475,-0.25,0.06306061893701553
1785943378586969620,0.4047318994998932,-0.13158541917800903,-0.25,0.02949001081287861
1785943378699986681,0.36156848073005676,-0.43163418769836426,-0.25,0.0060251448303461075
1785943378789504668,0.3322720527648926,-0.2929643392562866,-0.25,0.017160197719931602
1785943378891881080,0.2951186001300812,-0.37153446674346924,-0.25,0.0066068642772734165
1785943378989481605,0.25563815236091614,-0.394804447889328,-0.25,0.001310907769948244
1785943379091375311,0.23839925229549408,-0.17238901555538177,-0.25,0.004188402555882931
1785943379196892416,0.19641266763210297,-0.4198659360408783,-0.25,-0.0054213483817875385
1785943379298134418,0.15277943015098572,-0.4363323152065277,-0.25,-0.008432235568761826
1785943379412910648,0.11709870398044586,-0.35680726170539856,-0.25,-0.013841724023222923
1785943379487391728,0.07346547394990921,-0.4363323152065277,-0.25,0.027239060029387474
1785943379599917603,0.02983224019408226,-0.4363323152065277,-0.25,0.02944616600871086
1785943379701835631,-0.013800990767776966,-0.4363323152065277,-0.25,0.013252059929072857
1785943379786564097,-0.05743422359228134,-0.4363323152065277,-0.25,0.013212044723331928
1785943379889439696,-0.101067453622818,-0.4363323152065277,-0.25,-0.01309997122734785
1785943379988135973,-0.14470069110393524,-0.4363323152065277,-0.25,-0.0073593175038695335
1785943380088500407,-0.1883339136838913,-0.4363323152065277,-0.25,0.0027387316804379225
1785943380187022501,-0.23196715116500854,-0.4363323152065277,-0.25,0.02221572771668434
1785943380294696069,-0.2756003737449646,-0.4363323152065277,-0.25,0.02439463697373867
1785943380390873789,-0.31923362612724304,-0.4363323152065277,-0.25,0.020071521401405334
1785943380494525449,-0.3628668487071991,-0.4363323152065277,-0.25,0.006013528443872929
1785943380592134134,-0.40650007128715515,-0.4363323152065277,-0.25,-0.0030149950180202723
1785943380695592538,-0.43633198738098145,-0.4363323152065277,-0.25,-0.00014047394506633282
1785943380784866932,-0.43633198738098145,-0.4363323152065277,-0.25,0.030625037848949432
1785943380887579901,-0.43633198738098145,-0.4363323152065277,-0.25,0.037378858774900436
1785943380990260868,-0.43633198738098145,-0.4363323152065277,-0.25,0.025854390114545822
1785943381088809972,-0.43633198738098145,-0.4363323152065277,-0.25,0.00781468115746975
1785943381190741952,-0.43633198738098145,-0.4363323152065277,-0.25,0.017171313986182213
1785943381288829886,-0.43633198738098145,-0.4363323152065277,-0.25,-0.024619830772280693
1785943381386670708,-0.43633198738098145,-0.4363323152065277,-0.25,-0.018663661554455757
1785943381485480749,-0.43633198738098145,-0.4363323152065277,-0.25,0.015703272074460983
1785943381587822760,-0.43633198738098145,-0.4363323152065277,-0.25,0.03303871303796768
1785943381687981331,-0.43633198738098145,-0.4363323152065277,-0.25,0.03485774248838425
1785943381787723694,-0.43633198738098145,-0.4363323152065277,-0.25,0.01864018104970455
1785943381888012670,-0.43633198738098145,-0.4363323152065277,-0.25,-0.004207712132483721
1785943381987715416,-0.43633198738098145,-0.4363323152065277,-0.25,-0.028249984607100487
1785943382093383086,-0.43633198738098145,-0.4363323152065277,-0.25,-0.02035030722618103
1785943382186524150,-0.43633198738098145,-0.4363323152065277,-0.25,0.03300372511148453
1785943382286632575,-0.43633198738098145,-0.4363323152065277,-0.25,0.06069381535053253
1785943382397078629,-0.43633198738098145,-0.4363323152065277,-0.25,0.034892238676548004
1785943382489164582,-0.43633198738098145,-0.4363323152065277,-0.25,0.006031320430338383
1785943382586460487,-0.43633198738098145,-0.4363323152065277,-0.25,0.006596841849386692
1785943382691976696,-0.43633198738098145,-0.4363323152065277,-0.25,0.007798987906426191
1785943382793365712,-0.43633198738098145,-0.4363323152065277,-0.25,-0.010195125825703144
1785943382892528982,-0.43633198738098145,-0.4363323152065277,-0.25,-0.026099296286702156
1785943382985162475,-0.43633198738098145,-0.4363323152065277,-0.25,-0.02323158085346222
1785943383089876126,-0.43633198738098145,-0.4363323152065277,-0.25,0.02292284555733204
1785943383185207319,-0.43633198738098145,-0.4363323152065277,-0.25,0.05462490767240524
1785943383285089880,-0.43633198738098145,-0.4363323152065277,-0.25,0.03186595067381859
1785943383386777083,-0.43633198738098145,-0.4363323152065277,-0.25,0.004260902293026447
1785943383491568112,-0.43633198738098145,-0.4363323152065277,-0.25,-0.013832947239279747
1785943383587751176,-0.43633198738098145,-0.4363323152065277,-0.25,0.004173985682427883
1785943383686372475,-0.43633198738098145,-0.4363323152065277,-0.25,0.025813689455389977
1785943383786397312,-0.43633198738098145,-0.4363323152065277,-0.25,0.02223401889204979
1785943383885274204,-0.43633198738098145,-0.4363323152065277,-0.25,0.007093510124832392
1785943383990396094,-0.43633198738098145,-0.23024222254753113,-0.25,0.01283971592783928
1785943384089283418,-0.43633198738098145,-0.37270697951316833,-0.25,0.025823799893260002
1785943384190979805,-0.43633198738098145,-0.30275073647499084,-0.25,0.017189249396324158
1785943384288602858,-0.43633198738098145,-0.21671177446842194,-0.25,0.015017833560705185
1785943384392316248,-0.4171883463859558,0.19143663346767426,-0.25,-0.0030014824587851763
1785943384497080429,-0.41410091519355774,0.03087407723069191,-0.25,-0.00542798126116395
1785943384587980994,-0.39932021498680115,0.14780710637569427,-0.25,0.013165547512471676
1785943384685263491,-0.3761514723300934,0.23168732225894928,-0.25,0.016216957941651344
1785943384794558879,-0.3685404062271118,0.07611088454723358,-0.25,0.020059531554579735
1785943384884926529,-0.3249071538448334,0.4363323152065277,-0.25,0.01718367449939251
1785943384987274620,-0.2812739312648773,0.4363323152065277,-0.25,0.017180804163217545
1785943385086674315,-0.23764070868492126,0.4363323152065277,-0.25,-0.0192145686596632
1785943385186380037,-0.19400747120380402,0.4363323152065277,-0.25,-0.018659140914678574
1785943385284336511,-0.15037423372268677,0.4363323152065277,-0.25,0.020379694178700447
1785943385384961883,-0.10674101114273071,0.4363323152065277,-0.25,0.044577307999134064
1785943385490617008,-0.06310777366161346,0.4363323152065277,-0.25,0.031863920390605927
1785943385589414857,-0.019474545493721962,0.4363323152065277,-0.25,0.0013259530533105135
1785943385692467582,0.02415868639945984,0.4363323152065277,-0.25,0.014981921762228012
1785943385787224194,0.06779191642999649,0.4363323152065277,-0.25,-0.010214979760348797
1785943385900023614,0.11142514646053314,0.4363323152065277,-0.25,0.01019398495554924
1785943385983526788,0.1550583839416504,0.4363323152065277,-0.25,0.009965016506612301
1785943386083943160,0.19869160652160645,0.4363323152065277,-0.25,0.002407037653028965
1785943386180839530,0.2423248440027237,0.4363323152065277,-0.25,-0.0018189731054008007
1785943386285448537,0.28595808148384094,0.4363323152065277,-0.25,0.014932510443031788
1785943386383331024,0.329591304063797,0.4363323152065277,-0.25,0.031590454280376434
1785943386484746217,0.37322452664375305,0.4363323152065277,-0.25,0.022966451942920685
1785943386580360813,0.4168577790260315,0.4363323152065277,-0.25,-0.0015557064907625318
1785943386683071189,0.43633198738098145,0.4363323152065277,-0.25,0.01019635796546936
1785943386784283559,0.43633198738098145,0.4363323152065277,-0.25,0.033039841800928116
1785943386886567200,0.43633198738098145,0.4363323152065277,-0.25,0.016274573281407356
1785943386988471339,0.43633198738098145,0.4363323152065277,-0.25,0.015017044730484486
1785943387092453827,0.43633198738098145,0.4363323152065277,-0.25,0.024024758487939835
1785943387183912301,0.43633198738098145,0.4363323152065277,-0.25,0.009015017189085484
1785943387301018568,0.43633198738098145,0.4363323152065277,-0.25,0.007801532279700041
1785943387384080541,0.43633198738098145,0.4363323152065277,-0.25,0.002753853565081954
1785943387483290053,0.43633198738098145,0.4363323152065277,-0.25,0.004190760664641857
1785943387587649995,0.43633198738098145,0.4363323152065277,-0.25,-0.01598932594060898
1785943387683737823,0.43633198738098145,0.4363323152065277,-0.25,-0.007362235337495804
1785943387787292615,0.43633198738098145,0.4363323152065277,-0.25,0.01980403997004032
1785943387892559534,0.43633198738098145,0.4363323152065277,-0.25,0.03844471275806427
1785943387983780784,0.43633198738098145,0.4363323152065277,-0.25,0.02104380540549755
1785943388086875783,0.43633198738098145,0.4363323152065277,-0.25,0.01574290171265602
1785943388186374969,0.43633198738098145,0.4363323152065277,-0.25,0.0042064012959599495
1785943388286005361,0.43633198738098145,0.4363323152065277,-0.25,-0.01599263772368431
1785943388390064043,0.43633198738098145,0.4363323152065277,-0.25,-0.0015951530076563358
1785943388491889331,0.43633198738098145,0.4363323152065277,-0.25,0.007069752085953951
1785943388585925916,0.43633198738098145,0.4363323152065277,-0.25,0.025824395939707756
1785943388685209511,0.43633198738098145,0.4363323152065277,-0.25,0.009624228812754154
1785943388788258556,0.43633198738098145,0.4363323152065277,-0.25,0.009964453056454659
1785943388884970120,0.43633198738098145,0.4363323152065277,-0.25,0.007081305608153343
1785943388992357853,0.43633198738098145,0.4363323152065277,-0.25,0.010202961973845959
1785943389087509552,0.43633198738098145,0.4363323152065277,-0.25,0.008523439057171345
1785943389184165529,0.43633198738098145,0.2876935303211212,-0.25,0.017172155901789665
1785943389289978292,0.43633198738098145,0.4363323152065277,-0.25,-0.00012031577352900058
1785943389398527124,0.43633198738098145,0.4363323152065277,-0.25,-0.0030203606002032757
1785943389488869653,0.43633198738098145,0.30046433210372925,-0.25,-0.0030239783227443695
1785943389585802441,0.43633198738098145,0.4363323152065277,-0.25,0.017404327169060707
1785943389690353622,0.43633198738098145,0.4363323152065277,-0.25,0.02222597599029541
1785943389788209452,0.43633198738098145,0.4363323152065277,-0.25,0.0150218540802598
1785943389894272336,0.43633198738098145,0.2515328526496887,-0.25,0.033037617802619934
1785943389993290769,0.43633198738098145,0.4235953390598297,-0.25,0.03305597975850105
1785943390089774164,0.43633198738098145,0.3737012445926666,-0.25,0.00998784601688385
1785943390188555245,0.43633198738098145,0.3615960478782654,-0.25,0.004197802860289812
1785943390288410092,0.43633198738098145,0.4363323152065277,-0.25,0.000588483177125454
1785943390387758745,0.43633198738098145,0.26255685091018677,-0.25,-0.04387766495347023
1785943390487367696,0.43633198738098145,0.22425788640975952,-0.25,-0.007390049286186695
1785943390592988676,0.43195053935050964,-0.043814484030008316,-0.25,0.03300552815198898
1785943390689895543,0.43633198738098145,0.048120781779289246,-0.25,0.07054172456264496
1785943390789378121,0.4296846091747284,-0.06647399812936783,-0.25,0.02707875519990921
1785943390890687774,0.41495516896247864,-0.14729440212249756,-0.25,-0.014546523801982403
1785943390988780316,0.402940571308136,-0.12014584988355637,-0.25,-0.05343886837363243
1785943391089382712,0.36662182211875916,-0.3631875514984131,-0.25,0.0004941293154843152
1785943391198757654,0.3342735469341278,-0.32348284125328064,-0.25,0.06035721302032471
1785943391285139653,0.3056906461715698,-0.2858288884162903,-0.25,0.04463311657309532
1785943391389163038,0.3493238687515259,0.4363323152065277,-0.25,0.022287767380475998
1785943391486345275,0.3929571211338043,0.4363323152065277,-0.25,0.0006184826488606632
1785943391585350044,0.3767926096916199,-0.16164495050907135,-0.25,-0.03182021528482437
1785943391688821345,0.3331593871116638,-0.4363323152065277,-0.25,-0.00309542054310441
1785943391792618609,0.3084995150566101,-0.24659860134124756,-0.25,0.012584482319653034
1785943391888891437,0.28740137815475464,-0.21098144352436066,-0.25,0.0348045639693737
1785943391985200458,0.2673051357269287,-0.20096229016780853,-0.25,0.028256285935640335
1785943392091394259,0.2749498188495636,0.07644666731357574,-0.25,0.004251942038536072
1785943392197425494,0.23858852684497833,-0.36361292004585266,-0.25,0.014998052269220352
1785943392302831490,0.19495528936386108,-0.4363323152065277,-0.25,0.006018426734954119
1785943392389250547,0.15132206678390503,-0.4363323152065277,-0.25,0.00600722199305892
1785943392493816768,0.10768882930278778,-0.4363323152065277,-0.25,0.006583505775779486
1785943392588900272,0.06405559927225113,-0.4363323152065277,-0.25,0.004196777008473873
1785943392692182382,0.02042236737906933,-0.4363323152065277,-0.25,-0.0012064938200637698
1785943392793065139,-0.023210864514112473,-0.4363323152065277,-0.25,0.0029826497193425894
1785943392898710472,-0.06684409826993942,-0.4363323152065277,-0.25,0.004189481493085623
1785943392986236098,-0.11047732830047607,-0.4363323152065277,-0.25,0.022187059745192528
1785943393113686266,-0.15411056578159332,-0.4363323152065277,-0.25,0.025832757353782654
1785943393186652219,-0.19774378836154938,-0.4363323152065277,-0.25,0.030160967260599136
1785943393291082403,-0.24137702584266663,-0.4363323152065277,-0.25,0.01384049840271473
1785943393393146004,-0.2850102484226227,-0.4363323152065277,-0.25,0.0070918165147304535
1785943393491100558,-0.32864347100257874,-0.4363323152065277,-0.25,-0.02316838875412941
1785943393585939540,-0.3722767233848572,-0.4363323152065277,-0.25,-0.011704542674124241
1785943393684993494,-0.41590994596481323,-0.4363323152065277,-0.25,0.02034185081720352
1785943393784730994,-0.43633198738098145,-0.4363323152065277,-0.25,0.052245646715164185
1785943393883019480,-0.43633198738098145,-0.4363323152065277,-0.25,0.031653981655836105
1785943393993806314,-0.43633198738098145,-0.4363323152065277,-0.25,0.017209628596901894
1785943394084979082,-0.43633198738098145,-0.4363323152065277,-0.25,0.005658257752656937
1785943394193481256,-0.43633198738098145,-0.4363323152065277,-0.25,-0.0012028939090669155
1785943394285494054,-0.43633198738098145,-0.4363323152065277,-0.25,-0.013102647848427296
1785943394383233432,-0.43633198738098145,-0.4363323152065277,-0.25,-0.007843435741961002
1785943394488074703,-0.43633198738098145,-0.4363323152065277,-0.25,0.017131779342889786
1785943394587748584,-0.43633198738098145,-0.4363323152065277,-0.25,0.0366145595908165
1785943394694423299,-0.43633198738098145,-0.4363323152065277,-0.25,0.025857940316200256
1785943394792252088,-0.43633198738098145,-0.4363323152065277,-0.25,0.005675533786416054
1785943394885047540,-0.43633198738098145,-0.4363323152065277,-0.25,-0.0030023513827472925
1785943394993380140,-0.43633198738098145,-0.4363323152065277,-0.25,-0.003023928264155984
1785943395095802570,-0.43633198738098145,-0.4363323152065277,-0.25,0.012819550931453705
1785943395184586834,-0.43633198738098145,-0.4363323152065277,-0.25,0.03589632362127304
1785943395288744496,-0.43633198738098145,-0.4363323152065277,-0.25,0.021539129316806793
1785943395385765799,-0.43633198738098145,-0.4363323152065277,-0.25,0.0054214042611420155
1785943395484996400,-0.43633198738098145,-0.4363323152065277,-0.25,-0.017398934811353683
1785943395584347069,-0.43633198738098145,-0.4363323152065277,-0.25,0.00991018582135439
1785943395686951713,-0.43633198738098145,-0.4363323152065277,-0.25,0.025808298960328102
1785943395790900152,-0.43633198738098145,-0.4363323152065277,-0.25,0.028720607981085777
1785943395886421656,-0.43633198738098145,-0.4363323152065277,-0.25,0.018644114956259727
1785943395984803457,-0.43633198738098145,-0.4363323152065277,-0.25,0.01021934300661087
1785943396088446092,-0.43633198738098145,-0.4363323152065277,-0.25,-0.0011915017385035753
1785943396185907508,-0.43633198738098145,-0.4363323152065277,-0.25,0.018589256331324577
1785943396287208201,-0.43633198738098145,-0.4363323152065277,-0.25,-0.017375033348798752
1785943396386747773,-0.43633198738098145,-0.4363323152065277,-0.25,0.0012679464416578412
1785943396484343049,-0.43633198738098145,-0.4363323152065277,-0.25,0.029401184991002083
1785943396584713883,-0.43633198738098145,-0.4363323152065277,-0.25,0.03304697200655937
1785943396685423227,-0.43633198738098145,-0.4363323152065277,-0.25,0.015772026032209396
1785943396795232457,-0.43633198738098145,-0.4363323152065277,-0.25,-0.004426783882081509
1785943396887301610,-0.43633198738098145,-0.4363323152065277,-0.25,0.006579035427421331
1785943396987446036,-0.43633198738098145,-0.4363323152065277,-0.25,-0.0087659927085042
1785943397087933387,-0.43633198738098145,-0.4363323152065277,-0.25,0.016756245866417885
1785943397197169412,-0.43633198738098145,-0.4363323152065277,-0.25,0.035904206335544586
1785943397289899997,-0.43633198738098145,-0.4363323152065277,-0.25,0.022979455068707466
1785943397391846186,-0.43633198738098145,-0.4363323152065277,-0.25,0.009025861509144306
1785943397488895202,-0.43633198738098145,-0.4363323152065277,-0.25,0.009602507576346397
1785943397584371072,-0.43633198738098145,-0.4363323152065277,-0.25,0.00708341971039772
1785943397686433553,-0.43633198738098145,-0.4363323152065277,-0.25,-0.0030038245022296906
1785943397787299542,-0.43633198738098145,-0.4363323152065277,-0.25,0.007782317698001862
1785943397892419960,-0.43633198738098145,-0.4363323152065277,-0.25,0.01859690248966217
1785943397987764881,-0.43633198738098145,-0.4363323152065277,-0.25,0.009982220828533173
1785943398088266281,-0.43633198738098145,-0.4363323152065277,-0.25,0.021010927855968475
1785943398188530615,-0.43633198738098145,-0.4363323152065277,-0.25,0.009632417932152748
1785943398291503818,-0.43633198738098145,-0.4363323152065277,-0.25,0.012844756245613098
1785943398386862596,-0.43633198738098145,-0.4363323152065277,-0.25,0.009970525279641151
1785943398488145240,-0.43633198738098145,-0.4363323152065277,-0.25,0.009964793920516968
1785943398588800021,-0.43633198738098145,-0.4363323152065277,-0.25,0.01740899868309498
1785943398684653857,-0.43633198738098145,-0.4363323152065277,-0.25,0.02042044699192047
1785943398786388518,-0.43633198738098145,-0.4363323152065277,-0.25,0.02150823175907135
1785943398885358309,-0.43633198738098145,-0.4363323152065277,-0.25,0.009987808763980865
1785943398995028398,-0.43633198738098145,-0.4363323152065277,-0.25,0.0013224744470790029
1785943399084889726,-0.43633198738098145,-0.4363323152065277,-0.25,0.0023852589074522257
1785943399184487604,-0.43633198738098145,-0.4363323152065277,-0.25,0.004190502688288689
1785943399294167101,-0.43633198738098145,-0.4363323152065277,-0.25,0.005993734113872051
1785943399396933768,-0.43633198738098145,-0.4363323152065277,-0.25,0.00419478677213192
1785943399490002510,-0.43633198738098145,-0.4363323152065277,-0.25,0.018605411052703857
1785943399590263292,-0.43633198738098145,-0.4363323152065277,-0.25,0.0114141795784235
1785943399693793795,-0.43633198738098145,-0.4363323152065277,-0.25,0.018607765436172485
1785943399807137332,-0.43633198738098145,-0.4363323152065277,-0.25,0.025832002982497215
1785943399886419006,-0.43633198738098145,-0.4363323152065277,-0.25,0.01286414172500372
1785943399996611706,-0.43633198738098145,-0.4363323152065277,-0.25,-0.005414081737399101
1785943400089654783,-0.43633198738098145,-0.4363323152065277,-0.25,0.009937116876244545
1785943400183034096,-0.43633198738098145,-0.4363323152065277,-0.25,0.016810480505228043
1785943400278263429,-0.43633198738098145,-0.4363323152065277,-0.25,0.040252573788166046
1785943400394695303,-0.43633198738098145,-0.4363323152065277,-0.25,0.022254187613725662
1785943400480597797,-0.43633198738098145,-0.4363323152065277,-0.25,0.007093675900250673
1785943400581808918,-0.43633198738098145,-0.4363323152065277,-0.25,-0.005897333845496178
1785943400681112962,-0.43633198738098145,-0.4363323152065277,-0.25,-0.0001433684810763225
1785943400785283008,-0.43633198738098145,-0.4363323152065277,-0.25,0.020028721541166306
1785943400880552951,-0.43633198738098145,-0.4363323152065277,-0.25,0.01574208214879036
1785943400983371556,-0.43633198738098145,-0.4363323152065277,-0.25,0.009970578365027905
1785943401080276183,-0.43633198738098145,-0.4363323152065277,-0.25,-0.005894533824175596
1785943401181520585,-0.43633198738098145,-0.3019520938396454,-0.25,0.0214831680059433
1785943401281122112,-0.43633198738098145,-0.4363323152065277,-0.25,0.021510371938347816
1785943401385316479,-0.43633198738098145,-0.4363323152065277,-0.25,0.027277439832687378
1785943401483489729,-0.43633198738098145,-0.4363323152065277,-0.25,0.016227850690484047
1785943401578869051,-0.43633198738098145,-0.4363323152065277,-0.25,0.0013205031864345074
1785943401681930705,-0.43633198738098145,-0.4363323152065277,-0.25,0.00707263546064496
1785943401785594557,-0.43633198738098145,-0.4363323152065277,-0.25,0.005997339263558388
1785943401882700599,-0.43633198738098145,-0.4363323152065277,-0.25,0.03158712759613991
1785943401980650833,-0.43633198738098145,-0.4363323152065277,-0.25,0.02223978005349636
1785943402082245777,-0.43633198738098145,-0.4363323152065277,-0.25,-0.0011907347943633795
1785943402183728236,-0.43633198738098145,-0.4363323152065277,-0.25,0.004186626058071852
1785943402281967568,-0.43633198738098145,-0.4363323152065277,-0.25,0.0013112996239215136
1785943402389065787,-0.43633198738098145,-0.4363323152065277,-0.25,0.0171649307012558
1785943402490045572,-0.43633198738098145,-0.4363323152065277,-0.25,0.01573902741074562
1785943402587604079,-0.43633198738098145,-0.4363323152065277,-0.25,0.017419934272766113
1785943402691979253,-0.43633198738098145,-0.4363323152065277,-0.25,0.009613605216145515
1785943402785016825,-0.43633198738098145,-0.4363323152065277,-0.25,0.015731409192085266
1785943402894271187,-0.43633198738098145,-0.4363323152065277,-0.25,0.027271989732980728
1785943402985708573,-0.43633198738098145,-0.4363323152065277,-0.25,-0.014490158297121525
1785943403090595350,-0.43633198738098145,-0.4363323152065277,-0.25,-0.003034269902855158
1785943403186267995,-0.37777501344680786,-0.4363323152065277,0.0,-0.9684219360351562
1785943403290149103,-0.3436110019683838,-0.4363323152065277,0.0,-0.9510861039161682
1785943403396458717,-0.2647710144519806,-0.4363323152065277,0.0,-0.8086653351783752
1785943403484913144,-0.15045300126075745,-0.4363323152065277,0.0,-0.2877168357372284
1785943403587420345,-0.045333001762628555,-0.4363323152065277,0.0,0.05152663588523865
1785943403687052497,0.0026279999874532223,-0.4363323152065277,0.0,-0.0
1785943403789081377,0.01773899979889393,-0.4363323152065277,0.0,-0.0
1785943403886653644,0.01773899979889393,-0.4363323152065277,0.0,-0.0
1785943403989836934,0.01773899979889393,-0.4363323152065277,0.0,-0.0
1785943404087730974,0.01773899979889393,-0.4363323152065277,0.0,-0.0
1785943404184961596,0.01773899979889393,-0.4363323152065277,0.0,-0.0
1785943404287231445,0.01773899979889393,-0.4363323152065277,0.0,-0.0
1785943404390312108,0.01773899979889393,-0.4363323152065277,0.0,-0.0
1785943404489764988,0.01773899979889393,-0.4363323152065277,0.0,-0.0
1785943404586638670,0.01773899979889393,-0.4363323152065277,0.0,-0.0
1785943404688607996,0.01773899979889393,-0.4363323152065277,0.0,-0.0
1785943404786026625,0.01773899979889393,-0.4363323152065277,0.0,-0.0
1785943404890739636,0.01773899979889393,-0.4363323152065277,0.0,-0.0
1785943404987489345,0.01773899979889393,-0.4363323152065277,0.0,-0.0
1785943405086263001,0.01773899979889393,-0.4363323152065277,0.0,-0.0
1785943405189692220,0.01773899979889393,-0.4363323152065277,0.0,-0.0
1785943405286325125,0.01773899979889393,-0.4363323152065277,0.0,-0.0
1785943405387843938,0.01773899979889393,-0.4363323152065277,0.0,-0.0
1785943405494393720,0.01773899979889393,-0.4363323152065277,0.0,-0.0
1785943405588033139,0.01773899979889393,-0.4363323152065277,0.0,-0.0
1785943405688859958,0.01773899979889393,-0.4363323152065277,0.0,-0.0
1785943405785709159,0.01773899979889393,-0.4363323152065277,0.0,-0.0
1785943405893083708,0.01773899979889393,-0.4363323152065277,0.0,-0.0
1785943405990954034,0.01773899979889393,-0.4363323152065277,0.0,-0.0
1785943406089688073,0.01773899979889393,-0.4363323152065277,0.0,-0.0
1785943406191110850,0.01773899979889393,-0.4363323152065277,0.0,-0.0
1785943406285435862,0.01773899979889393,-0.4363323152065277,0.0,-0.0
1785943406388878714,0.01773899979889393,-0.4363323152065277,0.0,-0.0
1785943406486573162,0.01773899979889393,-0.4363323152065277,0.0,-0.0
1785943406594869280,0.01773899979889393,-0.4363323152065277,0.0,-0.0
1785943406935853397,0.01773899979889393,-0.4363323152065277,0.0,-0.0
1785943406988948730,0.01773899979889393,-0.4363323152065277,0.0,-0.0
1785943407087464776,0.01773899979889393,-0.4363323152065277,0.0,-0.0
1785943407190051052,0.01773899979889393,-0.4363323152065277,0.0,-0.0
1785943407287755869,0.01708200015127659,-0.4363323152065277,0.0,-0.0
1785943407387927880,0.01773899979889393,-0.4363323152065277,0.0,-0.0
1785943407491193989,0.01773899979889393,-0.4363323152065277,0.0,-0.0
1785943407586499069,0.01773899979889393,-0.4363323152065277,0.0,-0.0
1785943407686972500,0.01773899979889393,-0.4363323152065277,0.0,-0.0
1785943407788926049,0.01773899979889393,-0.4363323152065277,0.0,-0.0
1785943407890497983,0.01773899979889393,-0.4363323152065277,0.0,-0.0
1785943407986486289,0.01773899979889393,-0.4363323152065277,0.0,-0.0
1785943408086999880,0.01773899979889393,-0.4363323152065277,0.0,-0.0
1785943408193468284,0.01708200015127659,-0.4363323152065277,0.0,-0.0
1785943408296002622,0.01773899979889393,-0.4363323152065277,0.0,-0.0
1785943408390439702,0.01773899979889393,-0.4363323152065277,0.0,-0.0
1785943408489406773,0.01773899979889393,-0.4363323152065277,0.0,-0.0
1785943408585185310,0.01773899979889393,-0.4363323152065277,0.0,-0.0
1785943408689447360,0.01773899979889393,-0.4363323152065277,0.0,-0.0
1785943408787012972,0.01773899979889393,-0.4363323152065277,0.0,-0.0
1785943408886075534,0.01773899979889393,-0.4363323152065277,0.0,-0.0
1785943408991928747,0.01773899979889393,-0.4363323152065277,0.0,-0.0
1785943409088012767,0.01773899979889393,-0.4363323152065277,0.0,-0.0
1785943409188581817,0.01773899979889393,-0.4363323152065277,0.0,-0.0
1785943409291630830,0.01773899979889393,-0.4363323152065277,0.0,-0.0
1785943409386594426,0.01773899979889393,-0.4363323152065277,0.0,-0.0
1785943409492388628,0.01773899979889393,-0.4363323152065277,0.0,-0.0
1785943409593636199,0.01773899979889393,-0.4363323152065277,0.0,-0.0
1785943409689438481,0.01773899979889393,-0.4363323152065277,0.0,-0.0
1785943409788371919,0.01773899979889393,-0.4363323152065277,0.0,-0.0
1785943409888170765,0.01773899979889393,-0.4363323152065277,0.0,-0.0
1785943409987218511,0.01773899979889393,-0.4363323152065277,0.0,-0.0
1785943410087819114,0.01773899979889393,-0.4363323152065277,0.0,-0.0
1785943410190827229,0.01708200015127659,-0.4363323152065277,0.0,-0.0
1785943410294641903,0.01708200015127659,-0.4363323152065277,0.0,-0.0
1785943410385551141,0.01708200015127659,-0.4363323152065277,0.0,-0.0
1785943410486802616,0.01773899979889393,-0.4363323152065277,0.0,-0.0
1785943410588387831,0.01773899979889393,-0.4363323152065277,0.0,-0.0
1785943410686220364,0.01708200015127659,-0.4363323152065277,0.0,-0.0
1785943410784317483,0.022995000705122948,-0.4363323152065277,0.0,-0.0
1785943410891543098,0.055844999849796295,-0.4363323152065277,0.0,-0.0
1785943410994414985,0.1281149983406067,-0.4363323152065277,0.0,-0.0
1785943411085175962,0.2568869888782501,-0.4363323152065277,0.0,-0.0
1785943411188132716,0.35280901193618774,-0.4363323152065277,0.0,-0.0
1785943411290275551,0.40536901354789734,-0.4363323152065277,0.0,-0.0
1785943411390514829,0.40733999013900757,-0.4363323152065277,0.0,-0.0
1785943411486022125,0.3554370105266571,-0.4363323152065277,0.0,-0.0
1785943411593199386,0.2595149874687195,-0.4363323152065277,0.0,0.0
1785943411689555065,0.11497499793767929,-0.4363323152065277,0.0,-0.0
1785943411786495725,-0.02233799919486046,-0.4363323152065277,0.0,-0.0
1785943411887711935,-0.14913900196552277,-0.4363323152065277,0.0,-0.0
1785943411990549484,-0.2647710144519806,-0.4363323152065277,0.0,-0.0
1785943412085983913,-0.32850000262260437,-0.4363323152065277,0.0,0.4023473560810089
1785943412186618245,-0.34623900055885315,-0.4363323152065277,0.0,0.6907167434692383
1785943412290683360,-0.3468959927558899,-0.4363323152065277,0.0,0.7683752775192261
1785943412391679274,-0.3468959927558899,-0.4363323152065277,0.0,0.9538524746894836
1785943412494481046,-0.3468959927558899,-0.4363323152065277,0.0,1.1698354482650757
1785943412587946154,-0.347553014755249,-0.4363323152065277,0.0,1.203561782836914
1785943412687572225,-0.3468959927558899,-0.4363323152065277,0.0,1.1456845998764038
1785943412792167855,-0.3468959927558899,-0.4363323152065277,0.0,1.060892939567566
1785943412888542447,-0.34623900055885315,-0.4363323152065277,0.0,1.1039402484893799
1785943412991406685,-0.3468959927558899,-0.4363323152065277,0.0,1.1170108318328857
1785943413093227749,-0.34623900055885315,-0.4363323152065277,0.0,1.1544851064682007
1785943413187437045,-0.34821000695228577,-0.4363323152065277,0.0,1.1581618785858154
1785943413285629879,-0.347553014755249,-0.4363323152065277,0.0,1.1833610534667969
1785943413390418829,-0.3468959927558899,-0.4363323152065277,0.0,1.191828727722168
1785943413486291193,-0.3468959927558899,-0.4363323152065277,0.0,1.2086378335952759
1785943413582353005,-0.3468959927558899,-0.4363323152065277,0.0,1.2290916442871094
1785943413687568370,-0.3468959927558899,-0.4363323152065277,0.0,1.31673002243042
1785943413790541253,-0.34623900055885315,-0.4363323152065277,0.0,1.3118798732757568
1785943413898525104,-0.3455820083618164,-0.4363323152065277,0.0,1.3219513893127441
1785943413993202705,-0.34623900055885315,-0.4363323152065277,0.0,1.2600394487380981
1785943414084153480,-0.347553014755249,-0.4363323152065277,0.0,1.269995927810669
1785943414187475624,-0.3468959927558899,-0.4363323152065277,0.0,1.2786579132080078
1785943414289667805,-0.347553014755249,-0.4363323152065277,0.0,1.311802625656128
1785943414382968588,-0.3488669991493225,-0.4363323152065277,0.0,1.29458487033844
1785943414480819617,-0.3488669991493225,-0.4363323152065277,0.0,1.3348793983459473
1785943414579346416,-0.3488669991493225,-0.4363323152065277,0.0,1.4322140216827393
1785943414681593224,-0.34821000695228577,-0.4363323152065277,0.0,1.502231478691101
1785943414776617589,-0.34821000695228577,-0.4363323152065277,0.0,1.4966098070144653
1785943414879445186,-0.34821000695228577,-0.4363323152065277,0.0,1.5110015869140625
1785943414978577543,-0.34821000695228577,-0.4363323152065277,0.0,1.4577648639678955
1785943415082821993,-0.34821000695228577,-0.4363323152065277,0.0,1.5176655054092407
1785943415180086825,-0.34821000695228577,-0.4363323152065277,0.0,1.5412904024124146
1785943415279250255,-0.34821000695228577,-0.4363323152065277,0.0,1.4956295490264893
1785943415379964526,-0.34821000695228577,-0.4363323152065277,0.0,1.5052382946014404
1785943415479974708,-0.34821000695228577,-0.4363323152065277,0.0,1.5110187530517578
1785943415596246832,-0.34821000695228577,-0.4363323152065277,0.0,1.5279043912887573
1785943415684436930,-0.34821000695228577,-0.4363323152065277,0.0,1.5629154443740845
1785943415779432750,-0.34821000695228577,-0.4363323152065277,0.0,1.5629855394363403
1785943415880259058,-0.3488669991493225,-0.4363323152065277,0.0,1.597553014755249
1785943415980700935,-0.34952399134635925,-0.4363323152065277,0.0,1.6811888217926025
1785943416085737254,-0.3488669991493225,-0.4363323152065277,0.0,1.7443112134933472
1785943416181262790,-0.3488669991493225,-0.4363323152065277,0.0,1.73906672000885
1785943416281081092,-0.34821000695228577,-0.4363323152065277,0.0,1.706637978553772
1785943416378746419,-0.325872004032135,-0.4363323152065277,0.0,1.6957859992980957
1785943416480750210,-0.3120749890804291,-0.4363323152065277,0.0,1.7432867288589478
1785943416583290884,-0.304190993309021,0.4363323152065277,0.0,1.8269243240356445
1785943416692860266,-0.2989349961280823,0.4363323152065277,0.0,1.8414942026138306
1785943416785221557,-0.2700270116329193,0.4363323152065277,0.0,1.7788485288619995
1785943416885025299,-0.20301300287246704,0.4363323152065277,0.0,1.7265584468841553
1785943416988548570,-0.10314899682998657,0.4363323152065277,0.0,1.7303889989852905
1785943417088509757,-0.019710000604391098,0.4363323152065277,0.0,1.8139359951019287
1785943417192017091,0.014453999698162079,0.39676642417907715,0.0,1.829945683479309
1785943417287888752,0.020367000252008438,-0.0899212583899498,0.0,1.7968500852584839
1785943417400812209,0.020367000252008438,-0.4363323152065277,0.0,1.7434916496276855
1785943417486342209,0.020367000252008438,-0.4363323152065277,0.0,1.6987361907958984
1785943417586950108,0.020367000252008438,-0.4363323152065277,0.0,1.6885641813278198
1785943417688959499,0.020367000252008438,-0.4363323152065277,0.0,1.711356520652771
1785943417791196451,0.013140000402927399,-0.4363323152065277,0.0,1.731788992881775
1785943417885817826,-0.005913000088185072,-0.4363323152065277,0.0,1.718876838684082
1785943417990895746,-0.047304000705480576,-0.4363323152065277,0.0,1.6914854049682617
1785943418088460941,-0.07752600312232971,-0.4363323152065277,0.0,1.6669367551803589
1785943418184760169,-0.08738099783658981,-0.4363323152065277,0.0,1.6614975929260254
1785943418284929621,-0.0886949971318245,-0.4363323152065277,0.0,1.678407907485962
1785943418389230232,-0.08343899995088577,-0.4363323152065277,0.0,1.708688497543335
1785943418486611101,-0.059787001460790634,-0.4363323152065277,0.0,1.7044278383255005
1785943418589629457,-0.014453999698162079,-0.4363323152065277,0.0,1.679933786392212
1785943418694202974,0.010511999949812889,-0.4363323152065277,0.0,1.6813251972198486
1785943418786026582,0.015768000856041908,-0.4363323152065277,0.0,1.6510814428329468
1785943418887431727,0.015768000856041908,-0.4363323152065277,0.0,1.7245018482208252
1785943418989302904,0.015768000856041908,-0.4363323152065277,0.0,1.7966046333312988
1785943419084551630,0.015111000277101994,-0.4363323152065277,0.0,1.8875237703323364
1785943419189129276,0.010511999949812889,-0.4363323152065277,0.0,1.9107506275177002
1785943419292248212,0.0,-0.4363323152065277,0.0,1.7525488138198853
1785943419388474830,-0.01773899979889393,-0.4363323152065277,0.0,1.7426882982254028
1785943419487456493,-0.030879000201821327,-0.4363323152065277,0.0,1.7981160879135132
1785943419586832443,-0.03219300135970116,-0.4363323152065277,0.0,1.8688029050827026
1785943419697853878,-0.03350700065493584,-0.4363323152065277,0.0,1.867502212524414
1785943419789023926,-0.03219300135970116,-0.4363323152065277,0.0,1.827501893043518
1785943419889218722,-0.03219300135970116,-0.4363323152065277,0.0,1.7521198987960815
1785943419992026894,-0.03219300135970116,-0.4363323152065277,0.0,1.7722293138504028
1785943420098692137,-0.03219300135970116,-0.4363323152065277,0.0,1.8591803312301636
1785943420187336235,-0.03219300135970116,-0.4363323152065277,0.0,1.9067683219909668
1785943420292219364,-0.03219300135970116,-0.41324087977409363,0.0,1.9050257205963135
1785943420394104783,-0.03219300135970116,-0.32182589173316956,0.0,1.8531209230422974
1785943420482585483,-0.03219300135970116,-0.2591556906700134,0.0,1.802607536315918
1785943420592905324,-0.03350700065493584,-0.21147345006465912,0.0,1.7996762990951538
1785943420685220918,-0.051245998591184616,-0.2504752576351166,0.0,1.8587391376495361
1785943420790670596,-0.07686900347471237,-0.23057106137275696,0.0,1.8821508884429932
1785943420887801567,-0.08278200030326843,-0.26171907782554626,0.0,1.8743656873703003
1785943420987568411,-0.0689850002527237,-0.4363323152065277,0.0,1.7968615293502808
1785943421087648611,-0.038763001561164856,-0.3983284533023834,0.0,1.8112016916275024
1785943421189226562,-0.009197999723255634,-0.35410696268081665,0.0,1.8676478862762451
1785943421301828248,0.007884000428020954,-0.2770717144012451,0.0,1.8130879402160645
1785943421394630611,0.013797000050544739,-0.27519914507865906,0.0,1.840053677558899
1785943421492895864,0.015111000277101994,-0.21677914261817932,0.0,1.772783875465393
1785943421590900116,0.015111000277101994,-0.3210049867630005,0.0,1.7733312845230103
1785943421693430870,0.015768000856041908,-0.4206414520740509,0.0,1.8054111003875732
1785943421791452562,0.015768000856041908,-0.4363323152065277,0.0,1.8155354261398315
1785943421886788139,0.015768000856041908,-0.4363323152065277,0.0,1.8126620054244995
1785943421983776033,0.015768000856041908,-0.4363323152065277,0.0,1.7867047786712646
1785943422088014978,0.015768000856041908,-0.4363323152065277,0.0,1.7910066843032837
1785943422186121153,0.015768000856041908,-0.4363323152065277,0.0,1.7715449333190918
1785943422289968180,0.015768000856041908,-0.4363323152065277,0.0,1.7553119659423828
1785943422392826050,0.015768000856041908,-0.4363323152065277,0.0,1.7419559955596924
1785943422488591787,0.015768000856041908,-0.4363323152065277,0.0,1.7332918643951416
1785943422588328967,0.015768000856041908,-0.4363323152065277,0.0,1.6857050657272339
1785943422692611497,0.015768000856041908,-0.4363323152065277,0.0,1.7851390838623047
1785943422789597919,0.015111000277101994,-0.4363323152065277,0.0,1.7967723608016968
1785943422889787915,0.015111000277101994,-0.4363323152065277,0.0,1.7794828414916992
1785943422989302174,0.015111000277101994,-0.4363323152065277,0.0,1.665787696838379
1785943423086465883,0.015111000277101994,-0.4363323152065277,0.0,1.6542824506759644
1785943423187370657,0.015111000277101994,-0.4363323152065277,0.0,1.7173562049865723
1785943423287394503,0.015111000277101994,-0.4363323152065277,0.0,1.7930830717086792
1785943423387326217,0.015111000277101994,-0.4363323152065277,0.0,1.728287696838379
1785943423493967043,0.014453999698162079,-0.37795940041542053,0.0,1.6399462223052979
1785943423590507432,0.015111000277101994,-0.33778613805770874,0.0,1.5126007795333862
1785943423686903688,0.014453999698162079,-0.23939241468906403,0.0,1.4202932119369507
1785943423784412466,0.014453999698162079,-0.21894867718219757,0.0,1.457594633102417
1785943423894272098,0.004598999861627817,-0.2612559199333191,0.0,1.5440082550048828
1785943423986271264,0.0,-0.326153039932251,0.0,1.5742738246917725
1785943424089034347,0.0,-0.3457984924316406,0.0,1.5353013277053833
1785943424195375897,-0.0006569999968633056,-0.4045593738555908,0.0,1.4733010530471802
1785943424291258247,-0.005913000088185072,-0.4363323152065277,0.0,1.473866581916809
1785943424387849358,-0.014453999698162079,-0.4363323152065277,0.0,1.4893720149993896
1785943424489353898,-0.025622999295592308,-0.3855784237384796,0.0,1.5253905057907104
1785943424594151776,-0.030879000201821327,-0.2723628878593445,0.0,1.5406075716018677
1785943424687651893,-0.030879000201821327,-0.16898904740810394,0.0,1.5244203805923462
1785943424788641919,-0.030879000201821327,-0.01903870515525341,0.0,1.509355068206787
1785943424886494101,-0.030879000201821327,0.06409011036157608,0.0,1.5153480768203735
1785943424986079210,-0.030879000201821327,0.11156850308179855,0.0,1.5856319665908813
1785943425087774894,-0.030879000201821327,0.094231978058815,0.0,1.6596156358718872
1785943425190677438,-0.027594000101089478,-0.013566634617745876,0.0,1.7116005420684814
1785943425284266902,-0.02233799919486046,0.4363323152065277,0.0,1.7011979818344116
1785943425386446284,-0.0006569999968633056,0.4363323152065277,0.0,1.644076943397522
1785943425493964646,0.009855000302195549,0.4363323152065277,0.0,1.6740362644195557
1785943425585088548,0.014453999698162079,-0.4363323152065277,0.0,1.7402219772338867
1785943425688134585,0.015111000277101994,-0.35033735632896423,0.0,1.8355599641799927
1785943425786217559,0.015111000277101994,-0.2312336415052414,0.0,1.8490830659866333
1785943425894236483,0.015111000277101994,-0.1642756164073944,0.0,1.8521041870117188
1785943425994302507,0.015111000277101994,-0.07805538922548294,0.0,1.8058630228042603
1785943426091893463,0.026937000453472137,-0.12466390430927277,0.0,1.7667498588562012
1785943426185957921,0.045333001762628555,-0.21543125808238983,0.0,1.7787290811538696
1785943426288362367,0.08212500065565109,-0.3832837641239166,0.0,1.8068583011627197
1785943426389184642,0.09789299964904785,-0.4363323152065277,0.0,1.827070951461792
1785943426486955957,0.06964199990034103,-0.4363323152065277,0.0,1.8112292289733887
1785943426590636705,0.03219300135970116,-0.4363323152065277,0.0,1.7872027158737183
1785943426686939550,0.024965999647974968,-0.4363323152065277,0.0,1.762171983718872
1785943426792278600,0.024309000000357628,-0.4363323152065277,0.0,1.796749234199524
1785943426886305841,0.024309000000357628,-0.4363323152065277,0.0,1.8232207298278809
1785943426987900656,0.024309000000357628,-0.293258398771286,0.0,1.8202396631240845
1785943427110426739,0.023652000352740288,-0.042213357985019684,0.0,1.8016101121902466
1785943427214584978,0.024309000000357628,-0.087745301425457,0.0,1.7841777801513672
1785943427306967998,0.024309000000357628,-0.12015186250209808,0.0,1.7559080123901367
1785943427391397349,0.024309000000357628,-0.1320701688528061,0.0,1.7462992668151855
1785943427490524842,0.024309000000357628,-0.18058788776397705,0.0,1.7001850605010986
1785943427587394555,0.023652000352740288,-0.32295745611190796,0.0,1.6640815734863281
1785943427685919626,0.024309000000357628,-0.38023123145103455,0.0,1.39434814453125
1785943427789746140,0.024309000000357628,-0.242285817861557,0.0,1.0942450761795044
1785943427895878243,0.024309000000357628,-0.20007510483264923,0.0,0.9540950059890747
1785943427990845966,0.024309000000357628,-0.16037140786647797,0.0,0.932694673538208
1785943428085390730,0.024309000000357628,-0.03039679117500782,0.0,1.0260218381881714
1785943428185049763,0.024309000000357628,-0.030753862112760544,0.0,1.2409372329711914
1785943428299582495,0.024309000000357628,0.11686528474092484,0.0,1.3468984365463257
1785943428399329371,0.024309000000357628,0.15485109388828278,0.0,1.241279125213623
1785943428487325829,0.024309000000357628,0.14391574263572693,0.0,1.082559585571289
1785943428585401539,0.024309000000357628,0.2174394279718399,0.0,1.029055118560791
1785943428685060540,0.024309000000357628,0.19088509678840637,0.0,1.0727423429489136
1785943428793093961,0.024309000000357628,0.11997496336698532,0.0,1.2715717554092407
1785943428891178983,0.024309000000357628,0.05557546764612198,0.0,1.2916439771652222
1785943428985288051,0.024309000000357628,0.0013061389327049255,0.0,1.2015390396118164
1785943429084959660,0.024309000000357628,-0.02226986736059189,0.0,1.154618501663208
1785943429188185448,0.024309000000357628,-0.06416861712932587,0.0,1.0810296535491943
1785943429285977979,0.024309000000357628,-0.1250782459974289,0.0,1.1530442237854004
1785943429387616829,0.024309000000357628,-0.15811406075954437,0.0,1.1833937168121338
1785943429484112160,0.024309000000357628,-0.07199124991893768,0.0,1.2252349853515625
1785943429586283477,0.024309000000357628,-0.03243273124098778,0.0,1.199080467224121
1785943429696243529,0.024309000000357628,0.002947170753031969,0.0,1.1546155214309692
1785943429786109721,0.024309000000357628,0.1097094938158989,0.0,1.1372581720352173
1785943429884926514,0.023652000352740288,0.13298477232456207,0.0,1.1603087186813354
1785943429989566242,0.024309000000357628,0.16379448771476746,0.0,1.1747504472732544
1785943430089103798,0.024309000000357628,0.25138944387435913,0.0,1.235318660736084
1785943430189308451,0.023652000352740288,0.22441814839839935,0.0,1.2255254983901978
1785943430287829873,0.023652000352740288,0.25164875388145447,0.0,1.2573482990264893
1785943430393964408,0.023652000352740288,0.19798624515533447,0.0,1.193589687347412
1785943430488158951,0.023652000352740288,0.25566330552101135,0.0,1.0262831449508667
1785943430587779518,0.024309000000357628,0.20062780380249023,0.0,0.9117162227630615
1785943430685461902,0.024309000000357628,0.19785746932029724,0.0,1.0461547374725342
1785943430787340344,0.024309000000357628,0.14189957082271576,0.0,1.239784598350525
1785943430890305514,0.024309000000357628,0.07545262575149536,0.0,1.4195237159729004
1785943430985539295,0.024309000000357628,0.06936176121234894,0.0,1.3061902523040771
1785943431092556871,0.024309000000357628,0.01601291634142399,0.0,1.1673613786697388
1785943431193162370,0.024309000000357628,0.02069138176739216,0.0,1.0882518291473389
1785943431287528919,0.024309000000357628,0.12273050099611282,0.0,1.0189684629440308
1785943431388059920,0.024309000000357628,0.19899527728557587,0.0,1.1428908109664917
1785943431491246218,0.024309000000357628,0.23607543110847473,0.0,1.1848253011703491
1785943431588786485,0.024309000000357628,0.24121908843517303,0.0,1.1233417987823486
1785943431698288152,0.024309000000357628,0.3386715054512024,0.0,1.0139845609664917
1785943431790182866,0.024965999647974968,0.3524623513221741,0.0,0.9741997122764587
1785943431890616583,0.024965999647974968,0.37112733721733093,0.0,1.0731946229934692
1785943431988212243,0.024309000000357628,0.3734441101551056,0.0,1.103986382484436
1785943432096846038,0.024309000000357628,0.38088858127593994,0.0,1.085323691368103
1785943432198752289,0.024309000000357628,0.35191211104393005,0.0,1.0003074407577515
1785943432289628022,0.024309000000357628,0.3243637681007385,0.0,0.9785329699516296
1785943432386329538,0.024309000000357628,0.3380633294582367,0.0,0.9957792162895203
1785943432485070456,0.024309000000357628,0.2984146177768707,0.0,1.0012065172195435
1785943432587759232,0.024309000000357628,0.24910904467105865,0.0,0.9718036651611328
1785943432686162954,0.024309000000357628,0.23855708539485931,0.0,0.9201688766479492
1785943432787321914,0.024965999647974968,0.21847477555274963,0.0,0.9260434508323669
1785943432889635668,0.024309000000357628,0.17660416662693024,0.0,0.9366157054901123
1785943432984776678,0.024309000000357628,0.15407991409301758,0.0,0.9416753649711609
1785943433086788565,0.024309000000357628,0.16863106191158295,0.0,0.9496097564697266
1785943433186392459,0.024309000000357628,0.19803057610988617,0.0,0.92128986120224
1785943433285816187,0.024309000000357628,0.2701607346534729,0.0,0.8786544799804688
1785943433387917294,0.024309000000357628,0.26131531596183777,0.0,0.8400194644927979
1785943433500699754,0.024965999647974968,0.3478136658668518,0.0,0.8154565095901489
1785943433586764621,0.024309000000357628,0.3680042326450348,0.0,0.8022006750106812
1785943433693774676,0.024309000000357628,0.33328351378440857,0.0,0.7973800301551819
1785943433792036153,0.024309000000357628,0.38331127166748047,0.0,0.8201807141304016
1785943433886519379,0.024309000000357628,0.39049971103668213,0.0,0.842414915561676
1785943433988127603,0.024309000000357628,0.3961954414844513,0.0,0.8241055011749268
1785943434087241911,0.024309000000357628,0.39461976289749146,0.0,0.7923800349235535
1785943434184549721,0.024309000000357628,0.37878409028053284,0.0,0.8910115361213684
1785943434287462857,0.024309000000357628,0.34923332929611206,0.0,0.9559755921363831
1785943434386817846,0.02168099954724312,0.36554399132728577,0.0,0.9035608768463135
1785943434487137863,0.0019710001070052385,0.3720669746398926,0.0,0.8407686352729797
1785943434587753507,0.0,0.38661056756973267,0.0,0.8046736717224121
1785943434692513591,0.0,0.3173066973686218,0.0,0.8542749881744385
1785943434798443063,0.0,0.28394851088523865,0.0,0.9307113885879517
1785943434884779844,0.0,0.2781732976436615,0.0,0.9323041439056396
1785943434984687142,0.0,0.23883172869682312,0.0,0.8905378580093384
1785943435086978751,0.0,0.4363323152065277,0.0,0.8501254320144653
1785943435194033224,0.01116899959743023,0.4363323152065277,0.0,0.8558061718940735
1785943435286356146,0.01642500050365925,0.4363323152065277,0.0,0.9104474782943726
1785943435390241286,0.01708200015127659,0.4363323152065277,0.0,0.9740744829177856
1785943435505258900,0.01708200015127659,0.4363323152065277,0.0,0.9981732964515686
1785943435585711305,0.01708200015127659,0.4363323152065277,0.0,0.9796183705329895
1785943435688460723,0.01708200015127659,0.4363323152065277,0.0,0.9626482129096985
1785943435786059968,0.01708200015127659,0.4363323152065277,0.0,0.9657361507415771
1785943435886040868,0.01708200015127659,0.4363323152065277,0.0,0.9856657385826111
1785943435988445698,0.01708200015127659,0.4363323152065277,0.0,0.9705890417098999
1785943436094363233,0.01708200015127659,0.4363323152065277,0.0,0.972346842288971
1785943436194214752,0.01708200015127659,0.4363323152065277,0.0,0.9813582301139832
1785943436283872456,0.01708200015127659,0.4363323152065277,0.0,0.9828165173530579
1785943436387179655,0.01708200015127659,0.4363323152065277,0.0,1.0044203996658325
1785943436496765261,0.01708200015127659,0.4363323152065277,0.0,1.0030268430709839
1785943436585648856,0.01708200015127659,0.4363323152065277,0.0,0.9943820238113403
1785943436685278192,0.01708200015127659,0.4363323152065277,0.0,1.0058872699737549
1785943436786012720,0.01708200015127659,0.4363323152065277,0.0,0.9871862530708313
1785943436895554260,0.01708200015127659,0.4363323152065277,0.0,0.9929101467132568
1785943436989413623,0.01708200015127659,0.4363323152065277,0.0,0.9857199788093567
1785943437093151237,0.01708200015127659,-0.015290556475520134,0.0,0.9986686110496521
1785943437201613794,0.01708200015127659,0.030668828636407852,0.0,0.9857315421104431
1785943437286806470,0.01708200015127659,0.12066558003425598,0.0,1.0015491247177124
1785943437384390129,0.01708200015127659,0.16090311110019684,0.0,1.0275065898895264
1785943437487597581,0.01708200015127659,0.2109489142894745,0.0,1.0520439147949219
1785943437597531520,0.01708200015127659,0.24635663628578186,0.0,1.0619381666183472
1785943437695534747,0.01708200015127659,0.2585257291793823,0.0,1.0949455499649048
1785943437785421963,0.01708200015127659,0.3506385385990143,0.0,1.1664676666259766
1785943437892839425,0.01708200015127659,0.3798717260360718,0.0,1.2121741771697998
1785943437991226507,0.01708200015127659,0.35720688104629517,0.0,1.2727829217910767
1785943438084371027,0.01708200015127659,0.29339540004730225,0.0,1.3156570196151733
1785943438189603481,0.01708200015127659,0.24549825489521027,0.0,1.3241108655929565
1785943438293395786,0.01708200015127659,0.2207295298576355,0.0,1.3190948963165283
1785943438385113086,0.01708200015127659,0.120254285633564,0.0,1.317644476890564
1785943438486697885,0.01708200015127659,0.0722876638174057,0.0,1.323403000831604
1785943438594185142,0.01708200015127659,0.010117343626916409,0.0,1.3075709342956543
1785943438693030512,0.01708200015127659,-0.008765972219407558,0.0,1.2931360006332397
1785943438783765056,0.009855000302195549,0.10694341361522675,0.0,1.3190345764160156
1785943438884567874,0.0,0.18211089074611664,0.0,1.3104432821273804
1785943438985966683,0.0,0.22217075526714325,0.0,1.3248287439346313
1785943439086374415,0.0,0.22618994116783142,0.0,1.3262978792190552
1785943439191332810,0.0,0.29414090514183044,0.0,1.2974940538406372
1785943439298389171,0.0,0.32032108306884766,0.0,1.2686307430267334
1785943439390220363,0.0,0.29230427742004395,0.0,1.262811541557312
1785943439487934492,0.0032850001007318497,0.2068118453025818,0.0,1.2543953657150269
1785943439592721777,0.015768000856041908,0.13355094194412231,0.0,1.2591800689697266
1785943439688702242,0.01642500050365925,0.10606174916028976,0.0,1.259912133216858
1785943439787848968,0.01708200015127659,0.045438989996910095,0.0,1.26639723777771
1785943439889465960,0.01708200015127659,-0.029503971338272095,0.0,1.3041975498199463
1785943439990751804,0.01708200015127659,-0.08660131692886353,0.0,1.4688488245010376
1785943440090590651,0.01708200015127659,-0.07156297564506531,0.0,1.619803786277771
1785943440189045543,0.01708200015127659,-0.01363934762775898,0.0,1.7328544855117798
1785943440313884672,0.01642500050365925,0.051078636199235916,0.0,1.6903997659683228
1785943440385705270,0.004598999861627817,0.14818228781223297,0.0,1.6193430423736572
1785943440496665231,-0.01642500050365925,0.23463992774486542,0.0,1.5630420446395874
1785943440593381947,-0.022995000705122948,0.28143349289894104,0.0,1.5860538482666016
1785943440683149671,-0.023652000352740288,0.2314443290233612,0.0,1.62212073802948
1785943440788545075,-0.03350700065493584,0.23455695807933807,0.0,1.6610846519470215
1785943440895416437,-0.050588998943567276,0.4363323152065277,0.0,1.614986777305603
1785943441008511196,-0.06372900307178497,0.4363323152065277,0.0,1.5717295408248901
1785943441089546662,-0.06832800060510635,0.4363323152065277,0.0,1.571644902229309
1785943441187263479,-0.06964199990034103,0.4363323152065277,0.0,1.5961546897888184
1785943441284669565,-0.06964199990034103,0.4363323152065277,0.0,1.606271505355835
1785943441389017314,-0.06964199990034103,0.4363323152065277,0.0,1.6480926275253296
1785943441485085782,-0.06964199990034103,0.4363323152065277,0.0,1.6470533609390259
1785943441593609557,-0.07818300276994705,0.4363323152065277,0.0,1.565953254699707
1785943441693843458,-0.10249199718236923,0.4363323152065277,0.0,1.4404391050338745
1785943441790968221,-0.12023100256919861,0.4363323152065277,0.0,1.5441218614578247
1785943441885710465,-0.12548699975013733,0.4363323152065277,0.0,1.6535742282867432
1785943441991160206,-0.126800999045372,0.4363323152065277,0.0,1.7155267000198364
1785943442089639323,-0.126800999045372,0.4363323152065277,0.0,1.6294581890106201
1785943442191207962,-0.11563199758529663,0.4363323152065277,0.0,1.5443953275680542
1785943442291259041,-0.07752600312232971,0.4363323152065277,0.0,1.5211682319641113
1785943442386554360,-0.038763001561164856,0.4363323152065277,0.0,1.5571657419204712
1785943442488224091,-0.0052559999749064445,0.4363323152065277,0.0,1.6235337257385254
1785943442589537488,0.014453999698162079,0.4363323152065277,0.0,1.6236000061035156
1785943442689355695,0.015768000856041908,0.19811853766441345,0.0,1.5695477724075317
1785943442787553137,0.015768000856041908,0.14764675498008728,0.0,1.5382367372512817
1785943442890272122,0.01642500050365925,0.025663750246167183,0.0,1.5424147844314575
1785943442988394714,0.015768000856041908,0.015661636367440224,0.0,1.5754656791687012
1785943443089281824,0.01839599944651127,-0.20021101832389832,0.0,1.5857032537460327
1785943443186532799,0.04401899874210358,-0.16760148108005524,0.0,1.554357647895813
1785943443291144334,0.048618000000715256,-0.16876120865345,0.0,1.5471177101135254
1785943443393613390,0.049931999295949936,-0.1252063363790512,0.0,1.5341341495513916
1785943443486352871,0.028250999748706818,-0.018709540367126465,0.0,1.493753433227539
1785943443585543663,0.024309000000357628,0.0077723306603729725,0.0,1.4720821380615234
1785943443690603118,0.024309000000357628,-0.052177440375089645,0.0,1.4504430294036865
1785943443790198500,0.01642500050365925,-0.0972595289349556,0.0,1.4561830759048462
1785943443887697933,-0.003942000214010477,-0.11092489212751389,0.0,1.4763734340667725
1785943443987729075,-0.047304000705480576,-0.0012936486164107919,0.0,1.4879162311553955
1785943444086778517,-0.060444001108407974,0.0019642445258796215,0.0,1.4922645092010498
1785943444190577990,-0.027594000101089478,0.07026008516550064,0.0,1.4605504274368286
1785943444285308296,0.006570000201463699,0.06661803275346756,0.0,1.4396445751190186
1785943444392210444,0.01773899979889393,0.12393901497125626,0.0,1.4619393348693848
1785943444485782308,0.01773899979889393,0.15164370834827423,0.0,1.4888864755630493
1785943444588126335,0.01773899979889393,0.26190176606178284,0.0,1.486501932144165
1785943444685701291,0.01773899979889393,0.1623624861240387,0.0,1.4691948890686035
1785943444791139352,0.01773899979889393,0.2106904834508896,0.0,1.441784143447876
1785943444892355978,0.01773899979889393,0.21756277978420258,0.0,1.4287810325622559
1785943444985655960,0.01773899979889393,0.3240244388580322,0.0,1.4230009317398071
1785943445086035883,0.01773899979889393,0.2828029692173004,0.0,1.4258787631988525
1785943445187233308,0.022995000705122948,0.21195052564144135,0.0,1.4258816242218018
1785943445291740967,0.042704999446868896,0.16219136118888855,0.0,1.427323341369629
1785943445384664359,0.06504300236701965,0.09320103377103806,0.0,1.3682126998901367
1785943445491595564,0.06767100095748901,0.025494016706943512,0.0,1.272997498512268
1785943445585673238,0.056501999497413635,-0.001177005236968398,0.0,1.159003496170044
1785943445686534779,0.03744899854063988,-0.00984201394021511,0.0,1.0795929431915283
1785943445790289450,0.024965999647974968,-0.016049887984991074,0.0,1.069176435470581
1785943445897833221,0.024309000000357628,0.018615756183862686,0.0,1.1598588228225708
1785943445984986353,0.024309000000357628,0.12894810736179352,0.0,1.2136238813400269
1785943446086306886,0.024309000000357628,0.18485583364963531,0.0,1.2353575229644775
1785943446194292722,0.024309000000357628,0.2156676948070526,0.0,1.1534254550933838
1785943446285494546,0.024309000000357628,0.2809722125530243,0.0,1.0914713144302368
1785943446387544515,0.024309000000357628,0.36011284589767456,0.0,1.106903076171875
1785943446486430271,0.024309000000357628,0.3800097405910492,0.0,1.1199102401733398
1785943446583781218,0.023652000352740288,0.42403292655944824,0.0,1.134340763092041
1785943446684418334,0.023652000352740288,0.4363323152065277,0.0,1.111286997795105
1785943446789747336,0.024309000000357628,-0.18791209161281586,0.0,1.035537600517273
1785943446885844125,0.024309000000357628,0.4363323152065277,0.0,0.9365312457084656
1785943446991418415,0.024309000000357628,0.40316691994667053,0.0,0.8587558269500732
1785943447090249801,0.024309000000357628,0.3903447389602661,0.0,0.8082927465438843
1785943447190089064,0.024309000000357628,0.36623555421829224,0.0,0.655580461025238
1785943447285856497,0.024309000000357628,0.3606552481651306,0.0,-0.0
1785943447389753894,0.024309000000357628,0.37852171063423157,0.0,-0.0
1785943447493667227,0.023652000352740288,0.41098272800445557,0.0,-0.0
1785943447591129282,0.023652000352740288,0.4094979465007782,0.0,-0.0
1785943447696521806,0.024309000000357628,0.4099239110946655,0.0,-0.0
1785943447785480828,0.023652000352740288,0.4363323152065277,0.0,-0.0
1785943447895027937,0.023652000352740288,0.4363323152065277,0.0,-0.0
1785943447989934186,0.023652000352740288,0.4363323152065277,0.0,-0.0
1785943448100136359,0.023652000352740288,0.4363323152065277,0.0,-0.0
1785943448191040061,0.024309000000357628,0.4363323152065277,0.0,-0.0
1785943448289370212,0.024309000000357628,0.4091455340385437,0.0,-0.0
1785943448402000058,0.024309000000357628,0.4363323152065277,0.0,-0.0
1785943448488757399,0.024309000000357628,0.4363323152065277,0.0,-0.0
1785943448586130811,0.023652000352740288,0.43499693274497986,0.0,-0.0
1785943448694749502,0.024309000000357628,0.42029616236686707,0.0,-0.0
1785943448789012624,0.024309000000357628,0.4363323152065277,0.0,-0.0
1785943448895465570,0.023652000352740288,0.4363323152065277,0.0,-0.0
1785943448986298901,0.023652000352740288,0.4363323152065277,0.0,-0.0
1785943449087585162,0.024309000000357628,0.4363323152065277,0.0,-0.0
1785943449188911520,0.023652000352740288,0.4363323152065277,0.0,-0.0
1785943449289406327,0.024309000000357628,0.4363323152065277,0.0,-0.0
1785943449388629247,0.024309000000357628,0.4363323152065277,0.0,-0.0
1785943449486757599,0.024309000000357628,0.4363323152065277,0.0,-0.0
1785943449589907992,0.024309000000357628,0.4363323152065277,0.0,-0.0
1785943449690126789,0.024309000000357628,0.4363323152065277,0.0,-0.0
1785943449785915727,0.024309000000357628,0.4363323152065277,0.0,-0.0
1785943449906338692,0.023652000352740288,0.4363323152065277,0.0,-0.0
1785943449985718546,0.023652000352740288,0.4363323152065277,0.0,-0.0
1785943450089693001,0.023652000352740288,0.4363323152065277,0.0,-0.0
1785943450189920278,0.023652000352740288,0.4363323152065277,0.0,-0.0
1785943450285843205,0.023652000352740288,0.4363323152065277,0.0,-0.0
1785943450387314176,0.023652000352740288,0.4363323152065277,0.0,-0.0
1785943450495670393,0.022995000705122948,0.4363323152065277,0.0,-0.0
1785943450589704578,0.022995000705122948,0.4363323152065277,0.0,-0.0
1785943450685602224,0.023652000352740288,0.4363323152065277,0.0,-0.0
1785943450786125800,0.023652000352740288,0.4363323152065277,0.0,-0.0
1785943450895806290,0.022995000705122948,0.4363323152065277,0.0,-0.0
1785943450989311175,0.023652000352740288,0.4363323152065277,0.0,-0.0
1785943451088354441,0.023652000352740288,0.4363323152065277,0.0,-0.0
1785943451194152708,0.023652000352740288,0.4363323152065277,0.0,-0.0
1785943451285496906,0.023652000352740288,0.4363323152065277,0.0,-0.0
1785943451386893794,0.023652000352740288,0.4363323152065277,0.0,-0.0
1785943451485979973,0.023652000352740288,0.4363323152065277,0.0,-0.0
1785943451598293072,0.023652000352740288,0.4363323152065277,0.0,-0.0
1785943451688973342,0.022995000705122948,0.4363323152065277,0.0,-0.0
1785943451788605461,0.023652000352740288,0.4363323152065277,0.0,-0.0
1785943451891967862,0.023652000352740288,0.4363323152065277,0.0,-0.0
1785943451986967010,0.023652000352740288,0.4363323152065277,0.0,-0.0
1785943452085239848,0.023652000352740288,0.4363323152065277,0.0,-0.0
1785943452190370186,0.023652000352740288,0.4363323152065277,0.0,-0.0
1785943452285071691,0.023652000352740288,0.4363323152065277,0.0,-0.0
1785943452385065456,0.023652000352740288,0.4363323152065277,0.0,-0.0
1785943452490094414,0.023652000352740288,0.4363323152065277,0.0,-0.0
1785943452587366575,0.023652000352740288,0.4363323152065277,0.0,-0.0
1785943452687799876,0.023652000352740288,0.4363323152065277,0.0,-0.0
1785943452786793092,0.023652000352740288,0.4363323152065277,0.0,-0.0
1785943452891069414,0.022995000705122948,0.4363323152065277,0.0,-0.0
1785943452985411995,0.023652000352740288,0.4363323152065277,0.0,-0.0
1785943453087359207,0.023652000352740288,0.4363323152065277,0.0,-0.0
1785943453184913330,0.023652000352740288,0.4363323152065277,0.0,-0.0
1785943453284027670,0.023652000352740288,0.4363323152065277,0.0,-0.0
1785943453384981150,0.023652000352740288,0.4363323152065277,0.0,-0.0
1785943453484918017,0.023652000352740288,0.4363323152065277,0.0,-0.0
1785943453585349462,0.023652000352740288,0.4363323152065277,0.0,-0.0
1785943453690636574,0.023652000352740288,0.4363323152065277,0.0,-0.0
1785943453790719014,0.023652000352740288,0.4363323152065277,0.0,-0.0
1785943453884779568,0.023652000352740288,0.4363323152065277,0.0,-0.0
1785943453985139106,0.023652000352740288,0.4363323152065277,0.0,-0.0
1785943454087465661,0.023652000352740288,0.4363323152065277,0.0,-0.0
1785943454195467944,0.023652000352740288,0.4363323152065277,0.0,-0.0
1785943454289189030,0.022995000705122948,0.4363323152065277,0.0,-0.0
1785943454395140166,0.022995000705122948,0.4363323152065277,0.0,-0.0
1785943454500608629,0.022995000705122948,0.4363323152065277,0.0,-0.0
1785943454595758855,0.023652000352740288,0.4363323152065277,0.0,-0.0
1785943454696766129,0.022995000705122948,0.4363323152065277,0.0,-0.0
1785943454793770600,0.023652000352740288,0.4363323152065277,0.0,-0.0
1785943454899995378,0.022995000705122948,0.4363323152065277,0.0,-0.0
1785943454985247223,0.022995000705122948,0.4363323152065277,0.0,-0.0
1785943455087541777,0.023652000352740288,0.4363323152065277,0.0,-0.0
1785943455195709347,0.022995000705122948,0.4363323152065277,0.0,-0.0
1785943455286986854,0.022995000705122948,0.4363323152065277,0.0,-0.0
1785943455386031176,0.022995000705122948,0.4363323152065277,0.0,-0.0
1785943455490650359,0.022995000705122948,0.4363323152065277,0.0,-0.0
1785943455590125417,0.022995000705122948,0.4363323152065277,0.0,-0.0
1785943455693507402,0.022995000705122948,0.4363323152065277,0.0,-0.0
1785943455791093142,0.022995000705122948,0.4363323152065277,0.0,-0.0
1785943455887223981,0.023652000352740288,0.4363323152065277,0.0,-0.0
1785943455987973133,0.022995000705122948,0.4363323152065277,0.0,-0.0
1785943456087171029,0.022995000705122948,0.4363323152065277,0.0,-0.0
1785943456184704863,0.022995000705122948,0.4363323152065277,0.0,-0.0
1785943456289376080,0.023652000352740288,0.4363323152065277,0.0,-0.0
1785943456385131128,0.023652000352740288,0.4363323152065277,0.0,-0.0
1785943456489858924,0.023652000352740288,0.4363323152065277,0.0,-0.0
1785943456587239696,0.03350700065493584,0.4363323152065277,0.0,-0.0
1785943456692178379,0.03482099995017052,0.4363323152065277,0.0,-0.0
1785943456789910684,0.03482099995017052,0.4363323152065277,0.0,-0.0
1785943456884723650,0.03482099995017052,0.4363323152065277,0.0,-0.0
1785943456989874309,0.03482099995017052,0.4363323152065277,0.0,-0.0
1785943457090016367,0.03482099995017052,0.4363323152065277,0.0,-0.0
1785943457192787930,0.03482099995017052,0.4363323152065277,0.0,-0.0
1785943457288345947,0.03482099995017052,0.4363323152065277,0.0,-0.0
1785943457391416721,0.03482099995017052,0.4363323152065277,0.0,-0.0
1785943457485203985,0.03482099995017052,0.4363323152065277,0.0,-0.0
1785943457584051948,0.07845423370599747,0.4363323152065277,-0.25,1.0
1785943457692684239,0.12208746373653412,0.4363323152065277,-0.25,1.0
1785943457789219444,0.16572070121765137,0.4363323152065277,-0.25,1.0
1785943457884994654,0.20935392379760742,0.4363323152065277,-0.25,1.0
1785943457990024252,0.2529871463775635,0.4363323152065277,-0.25,1.0
1785943458094414563,0.2966203987598419,0.4363323152065277,-0.25,1.0
1785943458188788344,0.340253621339798,0.4363323152065277,-0.25,1.0
1785943458289506904,0.38388684391975403,0.4363323152065277,-0.25,1.0
1785943458390572836,0.42752009630203247,0.4363323152065277,-0.25,1.0
1785943458483622921,0.43633198738098145,0.4363323152065277,-0.25,1.0
1785943458585783229,0.07845423370599747,0.4363323152065277,-0.25,1.0
1785943458689006393,0.12208746373653412,0.4363323152065277,-0.25,1.0
1785943458788297284,0.16572070121765137,0.4363323152065277,-0.25,1.0
1785943458884567743,0.20935392379760742,0.4363323152065277,-0.25,1.0
1785943458987311817,0.2529871463775635,0.4363323152065277,-0.25,1.0
1785943459085521324,0.2966203987598419,0.4363323152065277,-0.25,1.0
1785943459189990902,0.340253621339798,0.4363323152065277,-0.25,1.0
1785943459289017111,0.38388684391975403,0.4363323152065277,-0.25,1.0
1785943459390141413,0.42752009630203247,0.4363323152065277,-0.25,1.0
1785943459489451057,0.43633198738098145,0.4363323152065277,-0.25,1.0
1785943459592442404,0.07845423370599747,0.4363323152065277,-0.25,1.0
1785943459692018713,0.12208746373653412,0.4363323152065277,-0.25,1.0
1785943459787057256,0.16572070121765137,0.4363323152065277,-0.25,1.0
1785943459887308950,0.20935392379760742,0.4363323152065277,-0.25,1.0
1785943459984438161,0.2529871463775635,0.4363323152065277,-0.25,1.0
1785943460093604392,0.2966203987598419,0.4363323152065277,-0.25,1.0
1785943460185403358,0.340253621339798,0.4363323152065277,-0.25,1.0
1785943460285241341,0.38388684391975403,0.4363323152065277,-0.25,1.0
1785943460388318836,0.42752009630203247,0.4363323152065277,-0.25,1.0
1785943460489620265,0.43633198738098145,0.4363323152065277,-0.25,1.0
1785943460590095167,0.07845423370599747,0.4363323152065277,-0.25,1.0
1785943460683875455,0.12208746373653412,0.4363323152065277,-0.25,1.0
1785943460785365435,0.16572070121765137,0.4363323152065277,-0.25,1.0
1785943460890636738,0.20935392379760742,0.4363323152065277,-0.25,1.0
1785943460988011526,0.2529871463775635,0.4363323152065277,-0.25,1.0
1785943461089323643,0.2966203987598419,0.4363323152065277,-0.25,1.0
1785943461193876584,0.340253621339798,0.4363323152065277,-0.25,1.0
1785943461293747720,0.38388684391975403,0.4363323152065277,-0.25,1.0
1785943461394784499,0.42752009630203247,0.4363323152065277,-0.25,1.0
1785943461495588534,0.43633198738098145,0.4363323152065277,-0.25,1.0
1785943461590943120,0.07845423370599747,0.4363323152065277,-0.25,1.0
1785943461702595202,0.12208746373653412,0.4363323152065277,-0.25,1.0
1785943461785914112,0.16572070121765137,0.4363323152065277,-0.25,1.0
1785943461885501750,0.20935392379760742,0.4363323152065277,-0.25,1.0
1785943461991138411,0.2529871463775635,0.4363323152065277,-0.25,1.0
1785943462089457074,0.2966203987598419,0.4363323152065277,-0.25,1.0
1785943462185765999,0.340253621339798,0.4363323152065277,-0.25,1.0
1785943462292358182,0.38388684391975403,0.4363323152065277,-0.25,1.0
1785943462397490729,0.42752009630203247,0.4363323152065277,-0.25,1.0
1785943462489176987,0.43633198738098145,0.4363323152065277,-0.25,1.0
1785943462593311064,0.07845423370599747,0.4363323152065277,-0.25,1.0
1785943462693071605,0.12208746373653412,0.4363323152065277,-0.25,1.0
1785943462789722238,0.16572070121765137,0.4363323152065277,-0.25,1.0
1785943462888764544,0.20935392379760742,0.4363323152065277,-0.25,1.0
1785943462986946722,0.2529871463775635,0.4363323152065277,-0.25,1.0
1785943463090523402,0.2966203987598419,0.4363323152065277,-0.25,1.0
1785943463186349238,0.340253621339798,0.4363323152065277,-0.25,1.0
1785943463287824657,0.38388684391975403,0.4363323152065277,-0.25,1.0
1785943463394662482,0.42752009630203247,0.4363323152065277,-0.25,1.0
1785943463489042984,0.43633198738098145,0.4363323152065277,-0.25,1.0
1785943463589906700,0.07845423370599747,0.4363323152065277,-0.25,1.0
1785943463692248488,0.12208746373653412,0.4363323152065277,-0.25,1.0
1785943463793717155,0.16572070121765137,0.4363323152065277,-0.25,1.0
1785943463886218803,0.20935392379760742,0.4363323152065277,-0.25,1.0
1785943463989947682,0.2529871463775635,0.4363323152065277,-0.25,1.0
1785943464085050610,0.2966203987598419,0.4363323152065277,-0.25,1.0
1785943464185520713,0.340253621339798,0.4363323152065277,-0.25,1.0
1785943464283874577,0.38388684391975403,0.4363323152065277,-0.25,1.0
1785943464390072186,0.42752009630203247,0.4363323152065277,-0.25,1.0
1785943464485750752,0.43633198738098145,0.4363323152065277,-0.25,1.0
1785943464586829421,0.07845423370599747,0.4363323152065277,-0.25,1.0
1785943464689585943,0.12208746373653412,0.4363323152065277,-0.25,1.0
1785943464788414897,0.16572070121765137,0.4363323152065277,-0.25,1.0
1785943464889898892,0.20935392379760742,0.4363323152065277,-0.25,1.0
1785943464986912803,0.2529871463775635,0.4363323152065277,-0.25,1.0
1785943465087871052,0.2966203987598419,0.4363323152065277,-0.25,1.0
1785943465191228364,0.340253621339798,0.4363323152065277,-0.25,1.0
1785943465291360374,0.38388684391975403,0.4363323152065277,-0.25,1.0
1785943465385169431,0.42752009630203247,0.4363323152065277,-0.25,1.0
1785943465492306595,0.43633198738098145,0.4363323152065277,-0.25,1.0
1785943465589064304,0.07845423370599747,0.4363323152065277,-0.25,1.0
1785943465685210407,0.12208746373653412,0.4363323152065277,-0.25,1.0
